year,pl_p5,pl_p25,pl_p50,pl_p75,pl_p95,uk_p5,uk_p25,uk_p50,uk_p75,uk_p95,be_p5,be_p25,be_p50,be_p75,be_p95,lt_p5,lt_p25,lt_p50,lt_p75,lt_p95,ru_p5,ru_p25,ru_p50,ru_p75,ru_p95,de_p5,de_p25,de_p50,de_p75,de_p95,jw_p5,jw_p25,jw_p50,jw_p75,jw_p95,cs_p5,cs_p25,cs_p50,cs_p75,cs_p95,lv_p5,lv_p25,lv_p50,lv_p75,lv_p95,csb_p5,csb_p25,csb_p50,csb_p75,csb_p95,rue_p5,rue_p25,rue_p50,rue_p75,rue_p95,loc_p5,loc_p25,loc_p50,loc_p75,loc_p95,oth_p5,oth_p25,oth_p50,oth_p75,oth_p95,sil_p5,sil_p25,sil_p50,sil_p75,sil_p95
1933,2.20159e+07,2.20188e+07,2.20232e+07,2.20296e+07,2.2042e+07,4.57159e+06,4.57284e+06,4.57393e+06,4.57591e+06,4.57846e+06,1.07078e+06,1.07126e+06,1.07168e+06,1.07225e+06,1.07303e+06,2.02971e+06,2.03015e+06,2.03047e+06,2.03108e+06,2.03221e+06,282668,283282,283715,284186,284408,906036,907145,907855,908798,909545,2.65013e+06,2.65121e+06,2.65203e+06,2.65278e+06,2.65447e+06,28639.2,28689.6,28719.2,28750.6,28789.1,16370.4,16419.5,16440.5,16479.2,16499.2,39278.3,39304.9,39334.3,39375.1,39418.3,79117.5,79173.4,79209.3,79256.5,79289.4,957843,958072,958513,958964,959505,93344,93731.6,93942.1,94124,94375.3,0,0,0,0,0
1934,2.23248e+07,2.23398e+07,2.23479e+07,2.23543e+07,2.23683e+07,4.63007e+06,4.63217e+06,4.63455e+06,4.6371e+06,4.63995e+06,1.08486e+06,1.08582e+06,1.08634e+06,1.08758e+06,1.0889e+06,2.05988e+06,2.06152e+06,2.06235e+06,2.06289e+06,2.0644e+06,282827,284044,284805,285609,286163,900359,902586,903795,905729,907127,2.65381e+06,2.65603e+06,2.65676e+06,2.65886e+06,2.66245e+06,28800.2,28893.3,28946,29017.5,29087.5,16337.2,16435.1,16477.4,16554.6,16598.4,38541.9,38603.9,38649.3,38723.4,38821.6,79598.3,79686.5,79755.4,79839.9,79898.4,965338,965733,966187,966901,968166,91417.4,92139.7,92482.7,92852.2,93375,0,0,0,0,0
1935,2.26298e+07,2.26464e+07,2.26586e+07,2.26752e+07,2.2691e+07,4.68485e+06,4.68901e+06,4.69282e+06,4.69683e+06,4.70046e+06,1.09846e+06,1.09962e+06,1.10055e+06,1.10248e+06,1.10375e+06,2.08975e+06,2.09155e+06,2.093e+06,2.09422e+06,2.09544e+06,282795,284531,285696,286974,287716,894620,897759,899459,902166,904395,2.65652e+06,2.65872e+06,2.66149e+06,2.66462e+06,2.66976e+06,28941.6,29069.4,29153,29243.7,29361.8,16280.2,16434.6,16494.6,16620.5,16683.6,37779.9,37886.1,37942.3,38057.1,38199.8,80011.2,80149.6,80253,80370.2,80458.7,971872,972422,973361,974345,975775,89592,90556.8,91039.7,91590.4,92282.6,0,0,0,0,0
1936,2.29295e+07,2.29446e+07,2.29679e+07,2.29873e+07,2.30115e+07,4.7392e+06,4.74286e+06,4.74922e+06,4.75411e+06,4.76005e+06,1.11146e+06,1.11256e+06,1.11394e+06,1.11694e+06,1.11843e+06,2.11825e+06,2.12039e+06,2.12225e+06,2.12429e+06,2.12592e+06,282629,284887,286285,288092,289056,888773,892673,894975,898459,901623,2.65797e+06,2.6614e+06,2.66513e+06,2.66958e+06,2.6763e+06,29045.2,29229.3,29342.3,29463.1,29609.9,16219.6,16422.2,16494.6,16665.8,16757.2,37003.2,37140,37211,37381.1,37554.7,80372.4,80559.1,80714.3,80850.7,81006,977742,978266,979753,981058,982896,87815.5,88967.2,89595.7,90288.3,91163.6,0,0,0,0,0
1937,2.32131e+07,2.32252e+07,2.32565e+07,2.32794e+07,2.33082e+07,4.79042e+06,4.79381e+06,4.80028e+06,4.80736e+06,4.81504e+06,1.12307e+06,1.12463e+06,1.1265e+06,1.13008e+06,1.13215e+06,2.14475e+06,2.14767e+06,2.14949e+06,2.1524e+06,2.15426e+06,282295,284908,286589,288780,290108,882826,887865,890109,894341,898204,2.65782e+06,2.66314e+06,2.66681e+06,2.67268e+06,2.68104e+06,29116.8,29342.7,29499.5,29660.7,29829.6,16149,16397.4,16478.9,16696.7,16806.8,36221,36367.4,36471.3,36669,36877.3,80665.3,80897.5,81070.9,81267.1,81444,982429,983283,984880,986413,988832,86078.5,87379.5,88152.1,88902.6,89998,0,0,0,0,0
1938,2.34733e+07,2.3496e+07,2.35299e+07,2.35652e+07,2.3597e+07,4.83829e+06,4.84209e+06,4.84758e+06,4.85701e+06,4.86653e+06,1.13376e+06,1.13587e+06,1.13839e+06,1.14239e+06,1.14476e+06,2.16991e+06,2.1723e+06,2.17547e+06,2.1791e+06,2.18062e+06,281740,284854,286737,289325,290773,876791,882608,885262,889761,894738,2.6559e+06,2.66255e+06,2.66728e+06,2.67532e+06,2.68512e+06,29160.7,29429,29632,29820.6,30015,16063.2,16358.3,16450.1,16712.9,16840.7,35407.3,35592,35701,35926.8,36165.6,80894.5,81159.8,81380,81582.1,81818.7,985838,987232,988899,991034,993727,84367,85814.6,86698.1,87516.2,88731.1,0,0,0,0,0
1939,2.37144e+07,2.37466e+07,2.37855e+07,2.38302e+07,2.38727e+07,4.87689e+06,4.88613e+06,4.89172e+06,4.90448e+06,4.91361e+06,1.14345e+06,1.14625e+06,1.14896e+06,1.15364e+06,1.15626e+06,2.19332e+06,2.19526e+06,2.19983e+06,2.20391e+06,2.20614e+06,281110,284480,286601,289524,291224,870768,876923,880117,884783,891147,2.65187e+06,2.65978e+06,2.66644e+06,2.67575e+06,2.68792e+06,29179.1,29473.1,29730.6,29938.5,30168.3,15966.4,16304.9,16405.6,16709.6,16863.1,34580.3,34794.1,34912,35173.5,35440.3,81020.2,81347.6,81621.9,81830,82120.1,988114,990158,992312,994284,997597,82678.1,84234.9,85222.1,86092,87409.4,0,0,0,0,0
1940,2.39357e+07,2.39861e+07,2.40217e+07,2.40916e+07,2.41426e+07,4.91691e+06,4.92841e+06,4.93517e+06,4.94886e+06,4.96165e+06,1.15245e+06,1.1557e+06,1.15851e+06,1.16391e+06,1.16719e+06,2.21392e+06,2.2177e+06,2.2222e+06,2.2272e+06,2.23054e+06,280264,283928,286145,289482,291362,864820,871167,874956,880188,887753,2.64832e+06,2.6569e+06,2.66568e+06,2.67581e+06,2.69084e+06,29184.9,29510.6,29790.1,30046.6,30306.8,15863.1,16237.2,16352.5,16695.4,16870.3,33746.8,33990.1,34126.2,34412.5,34686.3,81138.6,81511.9,81802.7,82010.5,82321.8,989835,992151,994565,996848,1.00023e+06,81007.3,82663.2,83731.1,84632.9,86006,0,0,0,0,0
1941,2.41534e+07,2.42111e+07,2.42636e+07,2.4326e+07,2.43945e+07,4.95311e+06,4.96643e+06,4.97759e+06,4.98825e+06,5.00454e+06,1.15981e+06,1.16403e+06,1.16715e+06,1.17379e+06,1.17632e+06,2.23364e+06,2.23861e+06,2.24317e+06,2.24848e+06,2.25238e+06,279165,283185,285515,289280,291392,858906,865268,869718,875256,883654,2.64424e+06,2.65343e+06,2.6623e+06,2.67628e+06,2.69217e+06,29163.6,29513.7,29835.4,30125.5,30411.2,15744.8,16159.5,16281.3,16666.3,16866.4,32906.1,33175.9,33331,33644.1,33936,81168.5,81558.5,81881.3,82129.4,82471.2,990306,993551,995716,998774,1.00195e+06,79325.2,81053.5,82204.7,83181.2,84611.3,0,0,0,0,0
1942,2.43529e+07,2.443e+07,2.44922e+07,2.45597e+07,2.46395e+07,4.98629e+06,5.00137e+06,5.0166e+06,5.02685e+06,5.04658e+06,1.16701e+06,1.17094e+06,1.17475e+06,1.18205e+06,1.18521e+06,2.25115e+06,2.25833e+06,2.26365e+06,2.26913e+06,2.27328e+06,277761,282143,284672,288754,291127,852091,859173,864180,870132,879493,2.64016e+06,2.65009e+06,2.65962e+06,2.67707e+06,2.69422e+06,29110.8,29494.5,29863.2,30164.9,30492.2,15610.4,16071.8,16197.6,16634,16847.9,32066.6,32374,32530.6,32868.4,33180.7,81120.2,81571.6,81940.7,82223.5,82559.3,990117,993189,996389,1.00005e+06,1.00313e+06,77616.4,79434.5,80651.1,81672.8,83171.1,0,0,0,0,0
1943,2.45494e+07,2.46333e+07,2.47097e+07,2.47901e+07,2.48898e+07,5.01485e+06,5.03435e+06,5.05307e+06,5.06247e+06,5.08674e+06,1.17285e+06,1.17733e+06,1.18241e+06,1.18927e+06,1.19388e+06,2.26833e+06,2.27585e+06,2.28234e+06,2.28904e+06,2.2931e+06,276022,280796,283434,287992,290734,845078,852834,858044,864931,874996,2.63549e+06,2.64636e+06,2.65668e+06,2.67576e+06,2.69641e+06,29015.8,29456.4,29833.8,30186.7,30558.4,15463.6,15971.7,16104.8,16586,16821.4,31234.8,31569.4,31733.2,32096.1,32436.4,81007,81521.6,81929.1,82246.8,82622.5,988988,992307,996356,1.00067e+06,1.00367e+06,75864.8,77811.9,79058.8,80164.6,81764.4,0,0,0,0,0
1944,2.47356e+07,2.48345e+07,2.49156e+07,2.50059e+07,2.51425e+07,5.04285e+06,5.06594e+06,5.08489e+06,5.09489e+06,5.12462e+06,1.17769e+06,1.18263e+06,1.18907e+06,1.19523e+06,1.20185e+06,2.284e+06,2.29188e+06,2.29928e+06,2.30716e+06,2.31351e+06,273989,279090,282059,286905,290117,837685,846444,852350,859855,870322,2.63105e+06,2.64285e+06,2.65454e+06,2.6742e+06,2.6995e+06,28905.6,29409.8,29787.2,30188.6,30595.1,15304.6,15862.6,16005.9,16530.3,16786,30420,30775.8,30949.1,31334,31690.2,80835.4,81424.5,81877.5,82202.6,82649.9,987406,990682,995896,1.00025e+06,1.00344e+06,74136,76141.8,77477.3,78646.4,80347.4,0,0,0,0,0
1945,2.49115e+07,2.50304e+07,2.51241e+07,2.52197e+07,2.53978e+07,5.06761e+06,5.09392e+06,5.11463e+06,5.12766e+06,5.16199e+06,1.18209e+06,1.18718e+06,1.19593e+06,1.20104e+06,1.20944e+06,2.29772e+06,2.30791e+06,2.31665e+06,2.3251e+06,2.3342e+06,271646,277234,280484,285735,289332,830312,839516,846471,855188,865965,2.62761e+06,2.63995e+06,2.65323e+06,2.67326e+06,2.70332e+06,28789.7,29314.5,29717.8,30163.5,30621.1,15132.1,15742.8,15894.1,16475.3,16741.5,29635.3,30004.1,30206.1,30611.4,30954.1,80537.5,81334,81768.4,82178.6,82675.6,984882,988494,995128,999991,1.0038e+06,72447.8,74501.5,75894,77145.7,78916.4,0,0,0,0,0
1946,2.50981e+07,2.52206e+07,2.53307e+07,2.54281e+07,2.56594e+07,5.09234e+06,5.12277e+06,5.14759e+06,5.16076e+06,5.20154e+06,1.18558e+06,1.19164e+06,1.20172e+06,1.20738e+06,1.21677e+06,2.3128e+06,2.32369e+06,2.33512e+06,2.3434e+06,2.35486e+06,269186,275300,279017,284553,288521,823001,832705,840856,850611,861688,2.62387e+06,2.63638e+06,2.65266e+06,2.67455e+06,2.70696e+06,28664,29197.8,29647.9,30130.7,30648.3,14953.6,15610.5,15782.9,16418.5,16699.5,28849,29241,29470,29903.5,30241.4,80231.1,81211.3,81618.1,82116.4,82676.9,982234,986262,993885,998815,1.00406e+06,70794.9,72896.5,74360.1,75606,77548.3,0,0,0,0,0
1947,2.52959e+07,2.54133e+07,2.55452e+07,2.5652e+07,2.59289e+07,5.11618e+06,5.15311e+06,5.17965e+06,5.19685e+06,5.24022e+06,1.18908e+06,1.1964e+06,1.20708e+06,1.21369e+06,1.22427e+06,2.32896e+06,2.34004e+06,2.35434e+06,2.36131e+06,2.37641e+06,266756,273311,277522,283198,287704,815789,825470,834810,845998,857709,2.62139e+06,2.63281e+06,2.65338e+06,2.67608e+06,2.71284e+06,28531.3,29083.8,29574.8,30113.1,30685.8,14776.3,15482.5,15680.4,16361.1,16664.5,28082.5,28498.7,28750.9,29220.3,29561.2,79907.2,81054.8,81513.9,82027.8,82724.9,979117,983839,992714,998062,1.00407e+06,69131.1,71377.5,72862.8,74163.8,76256.9,0,0,0,0,0
1948,2.54956e+07,2.56001e+07,2.57746e+07,2.58775e+07,2.62134e+07,5.14415e+06,5.18485e+06,5.21372e+06,5.23487e+06,5.28246e+06,1.1928e+06,1.20047e+06,1.2119e+06,1.22051e+06,1.23269e+06,2.34469e+06,2.35761e+06,2.37305e+06,2.38035e+06,2.39813e+06,264192,271478,276070,281751,286930,808214,818676,828991,841989,853881,2.61804e+06,2.6324e+06,2.654e+06,2.67877e+06,2.71973e+06,28397.8,28970.3,29514,30075.2,30720.7,14592.5,15351.3,15582.1,16294.5,16625.8,27346.6,27792.4,28036,28557.5,28900.8,79625.6,80913,81427.3,81944.4,82813.3,976609,981914,991544,997433,1.00505e+06,67539.4,69949.6,71385.3,72701.5,75062.4,0,0,0,0,0
1949,2.57134e+07,2.58225e+07,2.60001e+07,2.6157e+07,2.65137e+07,5.17243e+06,5.21822e+06,5.24713e+06,5.2773e+06,5.32997e+06,1.1965e+06,1.20582e+06,1.21728e+06,1.22838e+06,1.24144e+06,2.36309e+06,2.37683e+06,2.39165e+06,2.40385e+06,2.42084e+06,261727,269629,274786,280526,286243,800950,812147,823550,837828,850781,2.61812e+06,2.63311e+06,2.65731e+06,2.68357e+06,2.72861e+06,28283.2,28875.3,29459.7,30068.7,30774.1,14408.6,15221.1,15480.3,16237.3,16596.1,26634.2,27118.9,27358.2,27927.1,28291.7,79324.3,80748.6,81345.8,81935.1,82918.4,973464,980338,990196,997494,1.00606e+06,66000.7,68461.7,70005.1,71344.5,73881.4,0,0,0,0,0
1950,2.59187e+07,2.60544e+07,2.62498e+07,2.64437e+07,2.6847e+07,5.20447e+06,5.25469e+06,5.28671e+06,5.32378e+06,5.38137e+06,1.19963e+06,1.21183e+06,1.22398e+06,1.23613e+06,1.25021e+06,2.38182e+06,2.39515e+06,2.41226e+06,2.42661e+06,2.44601e+06,259356,267986,273562,279467,285524,794037,805955,818745,833467,847904,2.61951e+06,2.63583e+06,2.66331e+06,2.69024e+06,2.73867e+06,28190,28799.1,29418.8,30089.7,30837.3,14225.8,15102.3,15385.5,16182.3,16568.1,25921.8,26472.9,26713.9,27319.5,27710.3,79050.3,80569.8,81250.1,81927.9,83076.5,969899,979259,989749,997834,1.00783e+06,64480.7,67041.3,68700.8,70033.2,72745.2,0,0,0,0,0
1951,2.61571e+07,2.62959e+07,2.65247e+07,2.6738e+07,2.71927e+07,5.23746e+06,5.29828e+06,5.32934e+06,5.3729e+06,5.43763e+06,1.20328e+06,1.21816e+06,1.23157e+06,1.24368e+06,1.26056e+06,2.40011e+06,2.41471e+06,2.43391e+06,2.45016e+06,2.47199e+06,256973,266375,272341,278298,284943,787104,799771,814195,829394,845273,2.62231e+06,2.63997e+06,2.67062e+06,2.69825e+06,2.75143e+06,28105.6,28735,29400.6,30129.8,30921.8,14038.2,14984.5,15293.1,16120.6,16541.4,25242.3,25849.1,26076.1,26735.8,27156.5,78761.4,80459.7,81251.9,81962.7,83207.3,967244,978268,989723,998272,1.01013e+06,63058,65614.3,67416.7,68847.1,71649.8,0,0,0,0,0
1952,2.63997e+07,2.65541e+07,2.68196e+07,2.70305e+07,2.75563e+07,5.27541e+06,5.34224e+06,5.37564e+06,5.42475e+06,5.49583e+06,1.20664e+06,1.22524e+06,1.23865e+06,1.25185e+06,1.27116e+06,2.41914e+06,2.4344e+06,2.45575e+06,2.47373e+06,2.49903e+06,254739,264408,271103,277263,284331,780542,793483,809560,825150,842487,2.62597e+06,2.64459e+06,2.6784e+06,2.70745e+06,2.7645e+06,28018.8,28671.8,29384.4,30181.6,31019,13853.7,14860.1,15197.9,16061.4,16504.3,24569.5,25238.4,25470.4,26155,26612.2,78495.9,80329.6,81219.2,81942.2,83314.1,964559,978050,989491,999517,1.01232e+06,61642.6,64236.7,66173.1,67572.2,70565.1,0,0,0,0,0
1953,2.66396e+07,2.68136e+07,2.71202e+07,2.73276e+07,2.79446e+07,5.31426e+06,5.3858e+06,5.42619e+06,5.47799e+06,5.55664e+06,1.21056e+06,1.23258e+06,1.24625e+06,1.25984e+06,1.2821e+06,2.43865e+06,2.45428e+06,2.47867e+06,2.49787e+06,2.52753e+06,252543,262519,269854,276464,283792,773801,787604,804636,821351,839630,2.62919e+06,2.64975e+06,2.68522e+06,2.71659e+06,2.77891e+06,27949.2,28585.3,29347.8,30239.2,31121.6,13664.1,14729.1,15100.6,15994.4,16469,23925.1,24630.3,24886.1,25585.1,26072.6,78223.6,80205.4,81142.5,81958.2,83416.1,962621,977292,989646,1.00033e+06,1.01491e+06,60292.7,62933.2,64932.4,66325.6,69570.2,0,0,0,0,0
1954,2.68713e+07,2.70782e+07,2.74187e+07,2.76426e+07,2.83379e+07,5.35163e+06,5.43238e+06,5.47534e+06,5.53318e+06,5.61717e+06,1.21363e+06,1.2396e+06,1.25439e+06,1.26814e+06,1.29355e+06,2.45858e+06,2.47386e+06,2.50215e+06,2.52325e+06,2.55606e+06,250445,260442,268551,275651,283206,767055,782120,799917,817618,836554,2.63405e+06,2.65633e+06,2.6941e+06,2.72671e+06,2.79335e+06,27880.9,28522.1,29315.9,30265.1,31208.7,13474.5,14603,14990.2,15924.9,16430.1,23302.8,24034.5,24299.9,25033.5,25528.9,77895.7,80128.4,81081.3,81950.7,83494.8,959860,976398,990469,1.00132e+06,1.01704e+06,58997.9,61640.1,63730.4,65152.5,68551.2,0,0,0,0,0
1955,2.71131e+07,2.73439e+07,2.7728e+07,2.79668e+07,2.87443e+07,5.38934e+06,5.4789e+06,5.52397e+06,5.58908e+06,5.68144e+06,1.21629e+06,1.24724e+06,1.2625e+06,1.27783e+06,1.30434e+06,2.4786e+06,2.4958e+06,2.52558e+06,2.54802e+06,2.58538e+06,248448,258422,267238,274928,282542,760322,776560,795342,813936,833648,2.63876e+06,2.66318e+06,2.70239e+06,2.73683e+06,2.80836e+06,27793.8,28468.8,29314.6,30306.6,31291,13285.3,14468.9,14882.7,15847.5,16387.4,22696.4,23461.6,23723.7,24515.6,24986.6,77551.4,80035.4,81023.4,81906.3,83551.6,957159,975935,991257,1.00286e+06,1.01917e+06,57730.3,60420.7,62572.9,64032,67500.9,0,0,0,0,0
1956,2.73691e+07,2.76185e+07,2.80322e+07,2.82911e+07,2.91536e+07,5.42892e+06,5.52527e+06,5.57338e+06,5.64516e+06,5.74766e+06,1.21899e+06,1.25368e+06,1.27095e+06,1.28721e+06,1.31426e+06,2.49807e+06,2.51711e+06,2.54723e+06,2.5728e+06,2.61409e+06,246385,256432,265839,273951,281895,753291,771090,790282,809592,830484,2.64367e+06,2.67087e+06,2.71081e+06,2.74676e+06,2.82439e+06,27711.3,28420.7,29277.3,30320.1,31377.1,13092,14319.6,14764.3,15765.7,16337,22093.4,22880.2,23150.1,23991.3,24444.5,77208.5,79921.1,80945.4,81852.1,83592,954541,975193,991527,1.00406e+06,1.02156e+06,56513.8,59558,61476.1,62921.5,66469,0,0,0,0,0
1957,2.76185e+07,2.78894e+07,2.83282e+07,2.86279e+07,2.95543e+07,5.46635e+06,5.57133e+06,5.62179e+06,5.70499e+06,5.81186e+06,1.22096e+06,1.26012e+06,1.27901e+06,1.29603e+06,1.32462e+06,2.5165e+06,2.53804e+06,2.56976e+06,2.59756e+06,2.64281e+06,244510,254567,264415,272961,281169,746498,765055,785027,805055,827237,2.64845e+06,2.67885e+06,2.71949e+06,2.75685e+06,2.84096e+06,27605.5,28361.5,29243.1,30315.6,31456.6,12903.5,14170.5,14643,15676.2,16281.4,21509.8,22307.7,22584,23434.8,23915.5,76820.8,79761.1,80846.7,81770.8,83643.6,951491,974088,991492,1.00549e+06,1.02389e+06,55342.4,58689.9,60410.5,61840.8,65434.5,0,0,0,0,0
1958,2.78584e+07,2.81666e+07,2.86294e+07,2.89625e+07,2.9965e+07,5.50259e+06,5.61698e+06,5.67149e+06,5.76309e+06,5.8762e+06,1.2233e+06,1.26552e+06,1.28612e+06,1.3049e+06,1.33431e+06,2.5337e+06,2.55711e+06,2.59148e+06,2.62165e+06,2.67241e+06,242504,252801,262938,272017,280469,739229,758995,779498,800629,823751,2.65248e+06,2.68589e+06,2.72824e+06,2.76679e+06,2.8579e+06,27497.3,28276.6,29203.8,30302,31522.1,12708.5,14012.7,14520.5,15581.5,16221.2,20923.1,21732.2,22019.3,22872.9,23379.8,76411.9,79557.9,80703.5,81697.3,83664.4,948287,972502,991088,1.00625e+06,1.02593e+06,54265.5,57683.3,59364.7,60784.8,64454,0,0,0,0,0
1959,2.81014e+07,2.84274e+07,2.89326e+07,2.92673e+07,3.03676e+07,5.53978e+06,5.66701e+06,5.72118e+06,5.81915e+06,5.93947e+06,1.22552e+06,1.2703e+06,1.29191e+06,1.31365e+06,1.34353e+06,2.54977e+06,2.5766e+06,2.61398e+06,2.64539e+06,2.7012e+06,240646,251476,261395,270905,279581,732171,752803,773483,795781,820052,2.65736e+06,2.6949e+06,2.73659e+06,2.77742e+06,2.87297e+06,27384.9,28172.4,29156.3,30267.8,31567.5,12518.9,13854.1,14392.1,15477.1,16151.9,20351.6,21158.6,21456.3,22296.4,22841.6,76000.1,79285.5,80549.4,81559.5,83661.7,944208,970155,990002,1.00653e+06,1.02751e+06,53258.3,56662.9,58370.6,59808.3,63609.4,0,0,0,0,0
1960,2.8337e+07,2.87021e+07,2.92259e+07,2.95707e+07,3.07641e+07,5.57634e+06,5.71328e+06,5.76917e+06,5.87321e+06,5.99986e+06,1.22731e+06,1.27421e+06,1.29694e+06,1.3209e+06,1.35153e+06,2.56479e+06,2.59433e+06,2.6348e+06,2.66762e+06,2.72826e+06,238711,250127,259806,269761,278685,724830,746268,767392,790618,816019,2.66221e+06,2.70238e+06,2.74427e+06,2.78724e+06,2.88749e+06,27247.5,28038.9,29078.9,30230.9,31587.4,12326.7,13694.6,14258.7,15369.5,16077.1,19786.2,20596.7,20889.1,21717.4,22298.9,75570.7,79017.1,80305.9,81378.7,83594.7,939904,967504,989280,1.00647e+06,1.02841e+06,52292.1,55660.3,57639.1,58840,63159.1,0,0,0,0,0
1961,2.85625e+07,2.89713e+07,2.95072e+07,2.98586e+07,3.11525e+07,5.61075e+06,5.75572e+06,5.8147e+06,5.92355e+06,6.05659e+06,1.22834e+06,1.27678e+06,1.30151e+06,1.3274e+06,1.35879e+06,2.57875e+06,2.61046e+06,2.65471e+06,2.6897e+06,2.75373e+06,236809,248705,258093,268534,277683,717423,739465,760888,785212,811684,2.66647e+06,2.70999e+06,2.75159e+06,2.79649e+06,2.90161e+06,27063.4,27897.8,28985.7,30171.7,31596.4,12134.4,13532.7,14117,15254.8,15990.7,19228.2,20038.2,20326.6,21148,21751.2,75108.4,78694.7,80023.7,81175.5,83494.9,934857,964356,988102,1.00528e+06,1.02908e+06,51320,54646.4,56871.4,57975.2,63083,0,0,0,0,0
1962,2.87901e+07,2.92204e+07,2.97911e+07,3.01455e+07,3.15211e+07,5.6412e+06,5.7969e+06,5.85967e+06,5.9715e+06,6.11471e+06,1.22867e+06,1.27848e+06,1.30455e+06,1.33286e+06,1.36526e+06,2.59179e+06,2.62565e+06,2.6741e+06,2.71058e+06,2.77829e+06,234884,247267,256393,266989,276508,709866,732563,754215,779087,807237,2.67069e+06,2.71733e+06,2.7576e+06,2.80412e+06,2.91481e+06,26848.5,27755.3,28877.4,30111.3,31571.8,11941.7,13365.6,13968.4,15133.1,15896.2,18674.4,19474.6,19769.2,20600.2,21212.6,74593.3,78327,79699,80931.2,83361,929026,961296,986356,1.00382e+06,1.02876e+06,50386.1,53671.2,56083,57240.6,63167,0,0,0,0,0
1963,2.90006e+07,2.94649e+07,3.00629e+07,3.0421e+07,3.18684e+07,5.67036e+06,5.8337e+06,5.89948e+06,6.01528e+06,6.16349e+06,1.22817e+06,1.27888e+06,1.30694e+06,1.33713e+06,1.37026e+06,2.60394e+06,2.64026e+06,2.69207e+06,2.72867e+06,2.80033e+06,232838,245635,254504,265396,275204,701918,724954,746975,772794,802167,2.67473e+06,2.72199e+06,2.76302e+06,2.81017e+06,2.92693e+06,26631.9,27578.3,28737,29994.4,31515.8,11742.8,13183.5,13808.5,14993.9,15790.5,18130.1,18901.5,19202.2,20047.7,20659.4,74057.9,77934.6,79327.6,80643.7,83152.9,922673,957546,982943,1.0012e+06,1.02751e+06,49505.7,52687.3,55138.9,56604.8,63460.4,0,0,0,0,0
1964,2.91932e+07,2.96701e+07,3.03204e+07,3.06731e+07,3.2207e+07,5.69411e+06,5.86844e+06,5.9355e+06,6.05669e+06,6.21114e+06,1.2266e+06,1.27863e+06,1.30876e+06,1.33896e+06,1.37402e+06,2.61518e+06,2.65423e+06,2.70864e+06,2.74482e+06,2.82132e+06,230715,243973,252505,263724,273679,693640,717061,739208,765981,796586,2.67741e+06,2.72704e+06,2.76826e+06,2.81531e+06,2.93757e+06,26393.6,27380.9,28579.7,29852.7,31428.8,11540.3,12987.6,13640,14844.2,15670.8,17588.7,18335.1,18648.3,19493.5,20106.2,73474.1,77512.7,78920,80289.6,82884.6,915376,953303,978892,997447,1.02529e+06,48590.3,51750.7,54138.6,56046.5,63578.8,0,0,0,0,0
1965,2.93708e+07,2.98708e+07,3.05638e+07,3.09056e+07,3.25279e+07,5.71385e+06,5.89905e+06,5.96682e+06,6.09331e+06,6.25502e+06,1.22466e+06,1.27752e+06,1.3102e+06,1.34023e+06,1.37663e+06,2.62571e+06,2.66584e+06,2.7225e+06,2.76028e+06,2.83924e+06,228524,241640,250448,262080,272033,685182,708831,731310,759091,790657,2.67918e+06,2.73075e+06,2.77395e+06,2.81931e+06,2.94713e+06,26145.6,27169,28393.6,29686.5,31322.5,11334,12789.1,13468.8,14686.9,15542,17056.9,17772.6,18096.8,18948.9,19553.9,72881.7,77026.7,78457.5,79893.7,82568.9,907522,948640,974297,992792,1.0225e+06,47686.1,50830.5,53222.3,54978.1,63662.7,0,0,0,0,0
1966,2.95405e+07,3.00555e+07,3.07837e+07,3.11237e+07,3.28326e+07,5.73066e+06,5.92616e+06,5.99316e+06,6.12804e+06,6.29328e+06,1.222e+06,1.27556e+06,1.31035e+06,1.34043e+06,1.37863e+06,2.63444e+06,2.67564e+06,2.73493e+06,2.7753e+06,2.85537e+06,226282,239244,248298,260389,270236,676583,700179,723350,752150,784525,2.67928e+06,2.7334e+06,2.77911e+06,2.82252e+06,2.95661e+06,25873.9,26942.8,28198.6,29507.2,31196.4,11125.1,12591.1,13291.7,14526.2,15400.5,16529.5,17221.7,17547.7,18415.1,19003.7,72265,76469.6,77981.2,79475.2,82238,899059,943552,969384,987381,1.01925e+06,46834.9,49961.5,52195.4,53995,63718.5,0,0,0,0,0
1967,2.96999e+07,3.02324e+07,3.09991e+07,3.13517e+07,3.31401e+07,5.74411e+06,5.95281e+06,6.0161e+06,6.15906e+06,6.33138e+06,1.21861e+06,1.27257e+06,1.30957e+06,1.33992e+06,1.37959e+06,2.64358e+06,2.6859e+06,2.74708e+06,2.78774e+06,2.87102e+06,223989,236806,246095,258530,268282,667751,691744,715024,745062,778214,2.68029e+06,2.73716e+06,2.78299e+06,2.82558e+06,2.96514e+06,25584.2,26722.7,27977.5,29310.1,31042.6,10912.1,12391.9,13111.2,14361.3,15256,16018,16672,17007.5,17883,18462.9,71605,75860.8,77454.1,78996.8,81859.8,890130,937722,963921,981823,1.01525e+06,45924.6,49064.6,51420.3,53117.3,63821.6,0,0,0,0,0
1968,2.98451e+07,3.04129e+07,3.11946e+07,3.15612e+07,3.34197e+07,5.75556e+06,5.97377e+06,6.03328e+06,6.1886e+06,6.36319e+06,1.21465e+06,1.26938e+06,1.30714e+06,1.33844e+06,1.37994e+06,2.65105e+06,2.69436e+06,2.75834e+06,2.79986e+06,2.88456e+06,221690,234358,243713,256525,266333,658887,683154,706398,737511,771659,2.68042e+06,2.73996e+06,2.78651e+06,2.83099e+06,2.97329e+06,25282.2,26476.5,27761.5,29085.6,30857.4,10697.4,12185.9,12918.9,14187.5,15105.4,15510.7,16134.8,16485.2,17357.4,17924.2,70933.6,75218.2,76950.3,78517.5,81451.3,880531,931818,958146,975485,1.01034e+06,45076.9,48120.7,50577.2,52398.2,65534.4,0,0,0,0,0
1969,2.99832e+07,3.05829e+07,3.13762e+07,3.17723e+07,3.37024e+07,5.7647e+06,5.99416e+06,6.05296e+06,6.21717e+06,6.39473e+06,1.2098e+06,1.26539e+06,1.30395e+06,1.33616e+06,1.3798e+06,2.65806e+06,2.70425e+06,2.76813e+06,2.81085e+06,2.89652e+06,219316,231875,241378,254498,264283,649831,674568,697890,729985,764884,2.68022e+06,2.74276e+06,2.78989e+06,2.83677e+06,2.98176e+06,24966.9,26218,27523.8,28852.9,30661.3,10478.2,11980.7,12725.8,14012.2,14947.1,15010.2,15616.1,15973.5,16839,17395.2,70237,74570.8,76408.6,78012.2,80993.1,870539,925295,951773,968403,1.00521e+06,44291.5,47192.7,49895.4,51737.2,69080.1,0,0,0,0,0
1970,3.0118e+07,3.07508e+07,3.15694e+07,3.19822e+07,3.39763e+07,5.77112e+06,6.01317e+06,6.07539e+06,6.24427e+06,6.42427e+06,1.20359e+06,1.26054e+06,1.301e+06,1.33331e+06,1.37891e+06,2.66373e+06,2.71346e+06,2.77765e+06,2.82027e+06,2.9083e+06,216950,229303,238961,252494,262214,640773,665903,689583,722235,757996,2.67971e+06,2.74642e+06,2.7929e+06,2.84317e+06,2.99119e+06,24646.9,25947.4,27280.6,28608.7,30447.9,10258.8,11772.9,12527,13833.1,14786.6,14520.8,15116.7,15472.6,16325.2,16876.9,69540.4,73921,75866.8,77496.5,80499.3,860361,916947,944937,961165,999163,43434.3,46289.9,49059.2,51163.4,70633.8,0,0,0,0,0
1971,3.02604e+07,3.09135e+07,3.17689e+07,3.21875e+07,3.4251e+07,5.77668e+06,6.03212e+06,6.0908e+06,6.269e+06,6.45228e+06,1.19683e+06,1.25587e+06,1.29743e+06,1.32899e+06,1.37754e+06,2.66955e+06,2.72162e+06,2.78626e+06,2.83028e+06,2.92159e+06,214651,226746,236458,250354,260074,631813,657235,681264,714542,750861,2.67963e+06,2.75034e+06,2.7951e+06,2.84887e+06,3.00202e+06,24320,25667.5,27010.8,28359.4,30219.6,10041,11564.1,12325,13650.7,14617.7,14050.6,14626.7,14987.8,15825,16365.6,68836.5,73264.2,75311.4,76961.6,79997.4,849931,908498,936472,953727,992645,42491,45427.4,48046.2,50808.4,72238,0,0,0,0,0
1972,3.04036e+07,3.10748e+07,3.196e+07,3.23909e+07,3.45148e+07,5.782e+06,6.05203e+06,6.10862e+06,6.29045e+06,6.47953e+06,1.1896e+06,1.25103e+06,1.29362e+06,1.32494e+06,1.37568e+06,2.67452e+06,2.73043e+06,2.7948e+06,2.83945e+06,2.9345e+06,212347,224187,233989,248184,257915,622836,648597,672658,706602,743905,2.67918e+06,2.75412e+06,2.79718e+06,2.856e+06,3.01188e+06,23991.5,25378.7,26727.5,28093.5,29989.7,9822.78,11356.6,12112,13462.8,14448.7,13586,14146.2,14511.2,15336.3,15863.7,68159.2,72591.3,74733.2,76441.9,79476,839270,900062,927484,946165,986021,41552.6,44950.4,47053,50698.1,74144.8,0,0,0,0,0
1973,3.0545e+07,3.12475e+07,3.21457e+07,3.25981e+07,3.47837e+07,5.78663e+06,6.07076e+06,6.1274e+06,6.312e+06,6.50707e+06,1.18186e+06,1.24622e+06,1.29003e+06,1.32062e+06,1.37368e+06,2.67747e+06,2.73922e+06,2.80358e+06,2.85095e+06,2.94744e+06,210080,221684,231535,246031,255822,613817,639977,663781,698630,736825,2.67911e+06,2.75899e+06,2.79942e+06,2.86371e+06,3.02202e+06,23653.8,25092.1,26440,27810.8,29738.4,9604.35,11141.8,11892,13266.5,14281.3,13134.7,13679.3,14043,14857.6,15382.4,67456.6,71862.4,74134.2,75925.6,78925.1,828465,891380,918261,937970,978804,40646.6,44529.5,46632.1,50384.4,75530.5,0,0,0,0,0
1974,3.07035e+07,3.1405e+07,3.23187e+07,3.28069e+07,3.50428e+07,5.792e+06,6.08892e+06,6.14315e+06,6.3317e+06,6.53232e+06,1.17408e+06,1.24128e+06,1.28593e+06,1.31566e+06,1.37123e+06,2.68011e+06,2.74797e+06,2.81119e+06,2.86112e+06,2.95953e+06,207794,219217,229050,243870,253623,604705,631363,654824,690420,729828,2.67953e+06,2.76375e+06,2.80222e+06,2.86987e+06,3.03199e+06,23319.7,24790.3,26140.4,27527.8,29487.7,9384.53,10925,11671.9,13070.6,14106.9,12694.8,13224.3,13584.7,14393.8,14919.8,66760.1,71109.8,73507.7,75435.6,78383.9,817666,881703,908767,929083,971662,39769.7,43789.5,45843.1,50249.7,77305.9,0,0,0,0,0
1975,3.08655e+07,3.15722e+07,3.2508e+07,3.30393e+07,3.53247e+07,5.7988e+06,6.10368e+06,6.16249e+06,6.35274e+06,6.56125e+06,1.16645e+06,1.23657e+06,1.28158e+06,1.3112e+06,1.36877e+06,2.68358e+06,2.75642e+06,2.81954e+06,2.8731e+06,2.9734e+06,205620,216828,226646,241763,251419,595242,622726,646275,682383,722781,2.68081e+06,2.77012e+06,2.80535e+06,2.87349e+06,3.0444e+06,22991.2,24506.1,25840.1,27249,29241.4,9167.23,10708.8,11457.3,12875.6,13929.9,12271.1,12794.5,13143.5,13945.9,14468.8,66075.1,70397.5,72857.4,74910.5,77852.3,807000,871815,899901,922212,964622,38937.1,43002.6,45055.7,50591,78155.8,0,0,0,0,0
1976,3.10388e+07,3.17652e+07,3.27224e+07,3.32688e+07,3.56151e+07,5.80823e+06,6.11767e+06,6.17878e+06,6.37509e+06,6.59183e+06,1.15894e+06,1.23224e+06,1.27693e+06,1.30811e+06,1.36685e+06,2.68798e+06,2.76377e+06,2.83114e+06,2.88735e+06,2.9883e+06,203523,214544,224305,239679,249263,585875,613663,637868,674527,715515,2.68282e+06,2.77614e+06,2.80876e+06,2.87891e+06,3.0581e+06,22673.5,24195.1,25545.6,26976.4,28994.5,8954.2,10495.9,11242.5,12683.8,13753.2,11860.1,12390.6,12717.3,13520,14027.7,65421,69715.8,72225.6,74378.9,77345.2,796867,862121,891559,914660,958045,38156.8,42256.7,44376.2,52685.6,81352.4,0,0,0,0,0
1977,3.12224e+07,3.19631e+07,3.29277e+07,3.35063e+07,3.59162e+07,5.81802e+06,6.1332e+06,6.19828e+06,6.40113e+06,6.6234e+06,1.15169e+06,1.22797e+06,1.27289e+06,1.30437e+06,1.36484e+06,2.69355e+06,2.77172e+06,2.84231e+06,2.90239e+06,3.0041e+06,201331,212393,222011,237711,247180,576635,604733,629515,666697,708503,2.68655e+06,2.78264e+06,2.81742e+06,2.885e+06,3.07363e+06,22362.6,23879.3,25258.8,26696.1,28755.9,8744.48,10284.1,11030.1,12485.9,13578,11464.3,11986,12299.2,13105.7,13602.7,64779.5,69036.4,71629.8,73836.3,76860,787082,852616,883211,906716,951372,37458.4,41614.4,44003.6,53863.6,86661.1,0,0,0,0,0
1978,3.14156e+07,3.21811e+07,3.31343e+07,3.37533e+07,3.62322e+07,5.82846e+06,6.14462e+06,6.22145e+06,6.42667e+06,6.65676e+06,1.14444e+06,1.22357e+06,1.26842e+06,1.30117e+06,1.36302e+06,2.69967e+06,2.78057e+06,2.85498e+06,2.91738e+06,3.02083e+06,199231,210414,219727,235756,245128,567600,596099,620974,658718,701243,2.69041e+06,2.78903e+06,2.82588e+06,2.89272e+06,3.08875e+06,22066.1,23576.4,24974.8,26424.2,28516.7,8536.55,10075.4,10816.2,12291.9,13402.4,11082.8,11583.9,11897.4,12696.6,13185,64150.9,68441.1,71046.7,73282.7,76344.1,777535,843444,874916,899325,944765,36763.9,40991.3,43795.9,54262.6,92282.4,0,0,0,0,0
1979,3.16118e+07,3.2408e+07,3.33617e+07,3.39992e+07,3.65426e+07,5.83759e+06,6.15235e+06,6.24469e+06,6.45033e+06,6.68893e+06,1.13716e+06,1.21943e+06,1.26433e+06,1.29772e+06,1.36107e+06,2.70566e+06,2.78938e+06,2.86757e+06,2.93001e+06,3.03702e+06,197152,208455,217546,233829,243152,558494,587207,612398,650754,694017,2.69522e+06,2.79588e+06,2.83529e+06,2.90085e+06,3.10344e+06,21761.9,23297.1,24691.3,26149.8,28273.7,8332.64,9864.79,10599.3,12094.2,13228.6,10714.6,11191.4,11507.7,12297.1,12778.5,63515.4,67754.5,70444.4,72726.7,75824.5,767825,834705,866757,892412,937771,36104.2,40395,43474.4,55717.6,95558.5,0,0,0,0,0
1980,3.17941e+07,3.2627e+07,3.36083e+07,3.42361e+07,3.68564e+07,5.84419e+06,6.17047e+06,6.26813e+06,6.47869e+06,6.72275e+06,1.12957e+06,1.21472e+06,1.2602e+06,1.29414e+06,1.35893e+06,2.7106e+06,2.7966e+06,2.87859e+06,2.94182e+06,3.05297e+06,195102,206453,215422,231962,241179,549387,578582,603811,642485,686767,2.69885e+06,2.80181e+06,2.84249e+06,2.90862e+06,3.12046e+06,21457.7,23020.7,24408.9,25875.7,28031.7,8132.31,9655.2,10386,11895.7,13052.6,10352.9,10809.1,11136.2,11906.7,12385,62878.8,67062,69872.8,72134.6,75298.7,757820,825792,858600,885257,930846,35436.5,39793.5,43505.3,58311.2,99617,0,0,0,0,0
1981,3.19603e+07,3.28442e+07,3.38405e+07,3.44711e+07,3.71627e+07,5.85036e+06,6.19255e+06,6.29007e+06,6.50568e+06,6.75502e+06,1.12204e+06,1.20971e+06,1.25556e+06,1.29076e+06,1.3564e+06,2.71552e+06,2.80585e+06,2.88791e+06,2.95263e+06,3.06844e+06,193083,204471,213489,230038,239159,540150,569704,595240,634232,679362,2.70079e+06,2.80849e+06,2.84943e+06,2.92186e+06,3.13809e+06,21154.6,22740.2,24123.4,25602.3,27790.3,7931.29,9450.89,10175.2,11697.7,12873,10000.4,10439.3,10780.1,11528.6,11998.7,62236.8,66395.6,69306.6,71530.2,74759.3,747942,816535,850528,877928,923993,34738.7,39295.6,43081.7,61513.8,106379,0,0,0,0,0
1982,3.212e+07,3.30582e+07,3.40729e+07,3.47098e+07,3.74627e+07,5.85462e+06,6.20558e+06,6.31061e+06,6.53141e+06,6.78603e+06,1.11413e+06,1.20396e+06,1.25094e+06,1.28722e+06,1.35353e+06,2.71969e+06,2.81522e+06,2.89929e+06,2.9627e+06,3.08303e+06,191051,202534,211575,228223,237207,530939,560772,586764,625874,671697,2.70193e+06,2.81495e+06,2.85534e+06,2.93552e+06,3.15622e+06,20849,22453.4,23833.6,25329.1,27532,7732.98,9248.22,9964.93,11498.7,12692.5,9657.7,10082.2,10435.3,11159.3,11623.8,61579.3,65771.3,68747.6,70969.7,74169.4,737867,807320,843053,870632,916747,34036.7,38869.7,42892.6,64325.4,110140,0,0,0,0,0
1983,3.22722e+07,3.32642e+07,3.43279e+07,3.49443e+07,3.77619e+07,5.85899e+06,6.21713e+06,6.33097e+06,6.55341e+06,6.8158e+06,1.10609e+06,1.19808e+06,1.246e+06,1.28313e+06,1.35015e+06,2.72343e+06,2.82091e+06,2.9096e+06,2.97351e+06,3.0971e+06,189045,200600,209562,226349,235292,521764,551893,578071,617378,664047,2.70228e+06,2.82324e+06,2.86287e+06,2.94858e+06,3.17347e+06,20543.2,22165.5,23547.8,25046,27275.8,7538.26,9046.42,9752.86,11295.5,12507.1,9325.79,9737.96,10092.4,10799.6,11256.1,60920.6,65145.3,68167,70386.5,73575.2,727729,798098,835581,863153,909363,33352.6,38108.9,42473.9,64965.7,113394,0,0,0,0,0
1984,3.24225e+07,3.34467e+07,3.45762e+07,3.51754e+07,3.80763e+07,5.86321e+06,6.22703e+06,6.34991e+06,6.57283e+06,6.84622e+06,1.09746e+06,1.19258e+06,1.24037e+06,1.27852e+06,1.34632e+06,2.72565e+06,2.82393e+06,2.91714e+06,2.98298e+06,3.11201e+06,187091,198816,207246,224516,233359,512431,543285,569423,609032,656423,2.70339e+06,2.82855e+06,2.87491e+06,2.96104e+06,3.19072e+06,20243,21892.9,23251.7,24756.1,27012.1,7343.12,8843,9542.38,11087.9,12318.8,8999.01,9401.5,9758.56,10454.4,10893.7,60253.5,64484.7,67535.6,69786.7,72970.6,717586,788380,827770,855708,901716,32707.6,37375.6,42571.3,67281.1,119999,0,0,0,0,0
1985,3.25715e+07,3.36383e+07,3.48024e+07,3.5375e+07,3.83687e+07,5.86376e+06,6.24015e+06,6.36626e+06,6.59254e+06,6.87471e+06,1.08851e+06,1.18559e+06,1.23348e+06,1.27381e+06,1.34244e+06,2.72659e+06,2.82713e+06,2.92352e+06,2.9933e+06,3.12468e+06,185152,196930,204977,222701,231434,503137,534694,560733,600409,648622,2.70451e+06,2.83266e+06,2.88478e+06,2.97325e+06,3.21006e+06,19941.1,21623.6,22949.1,24469.5,26740.7,7152.21,8640.11,9338.19,10879.6,12132.2,8682.7,9083.48,9430.33,10112.8,10541.7,59577.1,63808.6,66889.1,69170.6,72340.3,707332,778464,819877,847562,893941,32072.3,36759.8,42760.6,69620.7,126848,0,0,0,0,0
1986,3.26949e+07,3.38187e+07,3.501e+07,3.55715e+07,3.86493e+07,5.86148e+06,6.25096e+06,6.38256e+06,6.61112e+06,6.90103e+06,1.07939e+06,1.17759e+06,1.227e+06,1.26881e+06,1.33815e+06,2.72699e+06,2.82862e+06,2.92639e+06,3.00218e+06,3.13613e+06,183131,194683,202698,220780,229534,493814,526088,552091,591702,640919,2.70477e+06,2.83697e+06,2.89185e+06,2.98534e+06,3.22883e+06,19635.3,21345.8,22655.9,24183.8,26467.6,6962.28,8442.14,9137.5,10672.2,11943.7,8376.98,8781.1,9111.71,9779.37,10198.3,58863.3,63119.8,66243.4,68539.7,71708.8,696920,768407,811637,839346,885879,31442.7,36202.4,43591.7,71803,130885,0,0,0,0,0
1987,3.28099e+07,3.39756e+07,3.5216e+07,3.57558e+07,3.89167e+07,5.85784e+06,6.26172e+06,6.39534e+06,6.62517e+06,6.92494e+06,1.07002e+06,1.16931e+06,1.21966e+06,1.26337e+06,1.33333e+06,2.72628e+06,2.82909e+06,2.9285e+06,3.01039e+06,3.14622e+06,181166,192507,200517,218604,227580,484654,517450,543311,583051,633078,2.70515e+06,2.8401e+06,2.89921e+06,2.99737e+06,3.24631e+06,19335.2,21056.1,22349.9,23893,26187.1,6777.7,8244.02,8936.94,10464.4,11751.6,8079.45,8472.25,8797.34,9456.22,9861.25,58167.3,62394.9,65531.5,67893.2,71075.2,686400,758320,803419,830905,877637,30923.1,35772.3,44295.3,73811.7,132780,0,0,0,0,0
1988,3.29118e+07,3.41206e+07,3.54129e+07,3.59292e+07,3.91836e+07,5.85343e+06,6.26835e+06,6.40929e+06,6.63701e+06,6.94687e+06,1.0601e+06,1.16081e+06,1.21232e+06,1.25764e+06,1.32803e+06,2.72484e+06,2.82908e+06,2.92999e+06,3.01739e+06,3.156e+06,179268,190583,198588,216427,225597,475647,508970,534626,574469,625253,2.70573e+06,2.84383e+06,2.90526e+06,3.00831e+06,3.26387e+06,19039.2,20760.1,22048.8,23603.9,25899.7,6599.47,8049.86,8740.95,10258,11558.6,7783.58,8167.6,8496.77,9140.26,9540.14,57486.1,61600.1,64809.8,67224.5,70431,675849,748183,795307,822365,869070,30784,35228.1,44481.1,75893,137291,0,0,0,0,0
1989,3.30092e+07,3.42467e+07,3.55832e+07,3.61101e+07,3.94372e+07,5.84569e+06,6.27006e+06,6.42033e+06,6.6432e+06,6.96857e+06,1.05011e+06,1.15182e+06,1.20451e+06,1.25129e+06,1.3225e+06,2.72203e+06,2.82893e+06,2.93294e+06,3.01962e+06,3.16412e+06,177342,188279,196588,214225,223275,466744,500531,525772,565749,617130,2.70485e+06,2.84639e+06,2.91243e+06,3.01541e+06,3.28105e+06,18739.2,20459.9,21739.6,23304.7,25606.5,6426.18,7855.46,8548.52,10050.6,11363.3,7491.74,7870.1,8202.4,8831.14,9230.01,56790.2,60817.6,64056.5,66529,69803.2,665153,737880,786890,813740,860666,30724.2,34786.5,44621.8,79299.3,148769,0,0,0,0,0
1990,3.30896e+07,3.43786e+07,3.57317e+07,3.62906e+07,3.96766e+07,5.83647e+06,6.27005e+06,6.42839e+06,6.65051e+06,6.98436e+06,1.0398e+06,1.14256e+06,1.19648e+06,1.24447e+06,1.31659e+06,2.71849e+06,2.82893e+06,2.9371e+06,3.02219e+06,3.17108e+06,175477,185945,194608,211991,220975,457954,492032,516794,557298,609090,2.70349e+06,2.84984e+06,2.91934e+06,3.02346e+06,3.29808e+06,18443,20157,21430.5,23003.1,25313,6259.23,7669.04,8357.12,9844.45,11171.6,7210.06,7579.37,7913.2,8528.03,8924.74,56109.3,60049.9,63299.8,65847.2,69174.4,653847,727488,778523,804818,851731,30235.4,34796,44474.9,85717.2,158062,0,0,0,0,0
1991,3.31621e+07,3.45043e+07,3.58713e+07,3.647e+07,3.99105e+07,5.82499e+06,6.26931e+06,6.43585e+06,6.65691e+06,6.99985e+06,1.02929e+06,1.13256e+06,1.18836e+06,1.23744e+06,1.31025e+06,2.71456e+06,2.82732e+06,2.93945e+06,3.02625e+06,3.1767e+06,173567,183588,192680,209745,218672,449161,483671,507922,548942,600992,2.70162e+06,2.85387e+06,2.92444e+06,3.0292e+06,3.31501e+06,18144.8,19855.9,21122.2,22701.1,25022.2,6094.17,7485.53,8167.78,9642.52,10981.8,6938.22,7299.74,7640.66,8233.61,8625.06,55407.9,59259.1,62544.2,65163.2,68495.4,642265,716884,769952,795700,842729,29816.6,34751.5,44053,87112.1,163795,0,0,0,0,0
1992,3.32299e+07,3.46249e+07,3.5993e+07,3.66273e+07,4.01276e+07,5.81156e+06,6.26723e+06,6.44103e+06,6.65896e+06,7.01252e+06,1.01865e+06,1.12232e+06,1.18003e+06,1.23014e+06,1.3037e+06,2.71004e+06,2.82552e+06,2.94242e+06,3.02938e+06,3.18032e+06,171663,181227,190623,207478,216334,440501,475314,498959,540440,592797,2.69895e+06,2.856e+06,2.93001e+06,3.03326e+06,3.33058e+06,17848.2,19553.1,20811.1,22399.7,24721.8,5934.35,7304.8,7980.81,9443.01,10795.4,6673.43,7029.67,7380.05,7941.41,8333.43,54703.4,58476,61775.8,64490.8,67802.6,630493,706167,760596,786679,833554,29543.1,34427,43557.9,89147.8,162239,0,0,0,0,0
1993,3.3286e+07,3.47338e+07,3.61106e+07,3.67662e+07,4.03196e+07,5.79704e+06,6.26268e+06,6.44407e+06,6.66e+06,7.02049e+06,1.00784e+06,1.11183e+06,1.17119e+06,1.22285e+06,1.29651e+06,2.70506e+06,2.82331e+06,2.94424e+06,3.03056e+06,3.18177e+06,169782,178921,188620,205218,213957,432158,466814,490175,531810,584634,2.69708e+06,2.85706e+06,2.93457e+06,3.03693e+06,3.3469e+06,17561.4,19248,20500.1,22106.1,24413.1,5779.77,7127.87,7800.45,9248.53,10607.5,6417.55,6768.5,7126.31,7655.1,8050.16,54006.4,57695.2,61042.8,63797,67097.8,618858,695545,750790,777647,824104,29131,34496.4,44255.9,91969.1,168912,0,0,0,0,0
1994,3.33344e+07,3.48399e+07,3.62138e+07,3.69287e+07,4.0516e+07,5.78237e+06,6.25734e+06,6.4424e+06,6.66285e+06,7.0294e+06,997179,1.10122e+06,1.16217e+06,1.21473e+06,1.28893e+06,2.69992e+06,2.82075e+06,2.94486e+06,3.0307e+06,3.18542e+06,167726,176573,186678,202907,211594,423965,458413,481507,523480,576522,2.69568e+06,2.85928e+06,2.93919e+06,3.04394e+06,3.36378e+06,17281.7,18945.1,20191,21804.6,24105,5627.93,6954.22,7623.2,9054.26,10420.7,6169.03,6516.92,6876.83,7376.27,7775.85,53305.4,56924.6,60341.4,63101.9,66379.7,607059,684736,740681,768018,814557,28681.2,34510.9,44997.5,92382.3,174907,0,0,0,0,0
1995,3.33676e+07,3.49438e+07,3.63142e+07,3.71286e+07,4.07044e+07,5.76289e+06,6.25081e+06,6.44646e+06,6.66288e+06,7.03644e+06,986038,1.09027e+06,1.15274e+06,1.20669e+06,1.28088e+06,2.6929e+06,2.81811e+06,2.94668e+06,3.03007e+06,3.19373e+06,165631,174401,184746,200583,209246,415802,450125,472923,515241,568339,2.69407e+06,2.86188e+06,2.94402e+06,3.04913e+06,3.38031e+06,16996.8,18636.6,19876.1,21508.2,23797.6,5480.4,6781.87,7448.1,8864.85,10229.5,5928.19,6271.11,6635.05,7103.94,7507.02,52606.5,56160.8,59619.3,62401.7,65679.3,595372,672838,730688,757633,804926,28165.6,34367.8,45809.4,95196.3,196363,0,0,0,0,0
1996,3.33953e+07,3.50352e+07,3.64049e+07,3.73195e+07,4.08916e+07,5.74225e+06,6.2412e+06,6.44575e+06,6.66189e+06,7.04265e+06,975053,1.07894e+06,1.14298e+06,1.19799e+06,1.27238e+06,2.68533e+06,2.81483e+06,2.94928e+06,3.02766e+06,3.20091e+06,163535,172629,182816,198287,207275,407696,442133,464551,507073,560110,2.69224e+06,2.86145e+06,2.9488e+06,3.05187e+06,3.3976e+06,16713.1,18358,19565.1,21205.5,23484.1,5336.82,6611.1,7271.21,8675.85,10035.7,5695.48,6038.11,6398.35,6837.62,7244.32,51913.8,55392.4,58921.9,61691.5,64976,583721,660824,720508,747029,795017,27695.8,34331.8,47345,96573.7,224183,0,0,0,0,0
1997,3.34084e+07,3.51285e+07,3.65294e+07,3.74948e+07,4.10656e+07,5.72101e+06,6.23268e+06,6.44505e+06,6.65925e+06,7.04603e+06,963653,1.06733e+06,1.13324e+06,1.18886e+06,1.26363e+06,2.67769e+06,2.81051e+06,2.95121e+06,3.02502e+06,3.20698e+06,161451,170841,180882,196010,205278,399856,433906,456276,498950,551856,2.68952e+06,2.86242e+06,2.95275e+06,3.05794e+06,3.41577e+06,16428.2,18084,19256.5,20902.9,23166.7,5196.71,6443.42,7099.65,8488.64,9841.66,5472.83,5813.9,6168.1,6581.95,6990.31,51210.1,54610.6,58218.6,60989.9,64277.7,572119,648767,710002,736340,785012,27375.8,34620.4,48302.1,99319.3,250057,0,0,0,0,0
1998,3.34127e+07,3.52287e+07,3.66251e+07,3.76762e+07,4.12285e+07,5.70031e+06,6.22177e+06,6.44117e+06,6.65483e+06,7.04717e+06,952183,1.05531e+06,1.12321e+06,1.17922e+06,1.25476e+06,2.67062e+06,2.80599e+06,2.95291e+06,3.02314e+06,3.21246e+06,159379,169095,178979,193745,203292,392019,425873,448072,490734,543617,2.68792e+06,2.86241e+06,2.96079e+06,3.07197e+06,3.43374e+06,16146.5,17797.8,18946.8,20594.3,22847.6,5060.71,6279.51,6928.44,8300.63,9649.92,5258.4,5595.4,5946.18,6334.65,6742.59,50530.9,53825.8,57495.6,60335.1,63566.6,560523,636876,699245,725461,774838,26934.8,35025.6,48514.4,100275,276609,0,0,0,0,0
1999,3.3416e+07,3.53287e+07,3.67203e+07,3.78268e+07,4.13966e+07,5.67816e+06,6.21202e+06,6.43766e+06,6.64802e+06,7.05538e+06,940686,1.0435e+06,1.11304e+06,1.16951e+06,1.24568e+06,2.66305e+06,2.80089e+06,2.95436e+06,3.02047e+06,3.21673e+06,157332,167280,177068,191553,201229,384373,417995,440024,482693,535644,2.68681e+06,2.86284e+06,2.97017e+06,3.08901e+06,3.45265e+06,15868.1,17497.2,18643.5,20295.9,22528.2,4931.18,6121.64,6764.4,8116.19,9460.98,5051.01,5384.22,5731.87,6112.3,6505.17,49878.7,53063.1,56780.3,59697.4,62854.1,549192,625180,688551,714784,764593,26553.4,35425.8,49011.6,101858,294034,0,0,0,0,0
2000,3.3414e+07,3.53863e+07,3.6812e+07,3.79928e+07,4.15499e+07,5.65476e+06,6.19559e+06,6.43317e+06,6.6365e+06,7.06325e+06,929419,1.03159e+06,1.10296e+06,1.15935e+06,1.23615e+06,2.65516e+06,2.79576e+06,2.95306e+06,3.01682e+06,3.22039e+06,155248,165370,175227,189328,199186,376856,410039,431956,474569,527604,2.68522e+06,2.86357e+06,2.97931e+06,3.10624e+06,3.47225e+06,15592.5,17194.1,18340.1,19999.5,22206.5,4804.32,5968.13,6601.85,7937.21,9273.19,4854.26,5180.67,5523.34,5895.24,6273.46,49180.4,52302.5,56040.3,59045.8,62128.7,537809,613398,677399,703942,754163,26124.1,35682.8,49104,104101,308249,0,0,0,0,0
2001,3.34187e+07,3.54172e+07,3.68927e+07,3.81464e+07,4.16876e+07,5.63179e+06,6.17777e+06,6.42648e+06,6.62324e+06,7.07334e+06,918250,1.01985e+06,1.09254e+06,1.15051e+06,1.22668e+06,2.64779e+06,2.7907e+06,2.95216e+06,3.01475e+06,3.22491e+06,153096,163529,173361,187030,197272,369323,402212,424090,466570,519819,2.68328e+06,2.86532e+06,2.99045e+06,3.12428e+06,3.49165e+06,15319.5,16896.8,18038.4,19707.2,21893.7,4682.91,5817.01,6441.26,7762.62,9089.83,4667.68,4986.48,5323.07,5680.2,6051.24,48446.7,51557.9,55315,58375.1,61424.8,526430,601808,666376,693130,743950,25803.6,35773.9,49640,108062,329504,0,0,0,0,0
2002,3.34222e+07,3.54544e+07,3.69834e+07,3.83006e+07,4.18251e+07,5.60684e+06,6.15944e+06,6.42066e+06,6.61545e+06,7.07838e+06,906774,1.00797e+06,1.08201e+06,1.14072e+06,1.21709e+06,2.63966e+06,2.78629e+06,2.95039e+06,3.01252e+06,3.22783e+06,150926,161809,171530,184679,195275,361728,394531,416348,458668,512077,2.68093e+06,2.86693e+06,3.00217e+06,3.14386e+06,3.51252e+06,15044.6,16612.1,17742.9,19420.1,21577.1,4563.91,5668.81,6284.16,7591.28,8909.92,4485.6,4798.41,5126.3,5472.85,5834.18,47722.4,50813.6,54613.9,57651.4,60714.7,515189,590395,655670,682454,733608,25264.4,35207.8,50551.5,111619,343511,0,0,0,0,0
2003,3.3424e+07,3.54816e+07,3.70667e+07,3.84263e+07,4.19781e+07,5.58226e+06,6.14076e+06,6.41367e+06,6.61193e+06,7.08265e+06,895264,996054,1.07129e+06,1.12962e+06,1.20758e+06,2.63188e+06,2.78031e+06,2.94835e+06,3.00915e+06,3.23104e+06,148807,160294,169758,182333,193383,354233,386958,408638,450820,504467,2.68051e+06,2.8682e+06,3.01074e+06,3.16284e+06,3.53172e+06,14771.4,16322.6,17446,19139.7,21270.7,4445.4,5524.17,6128.57,7423.58,8735.9,4311.22,4615.8,4938.58,5274.05,5622.96,46995.3,50078.3,53889.2,56933.3,60022.7,503925,579054,645231,671732,724396,24693.2,34677.2,50428.1,114490,357834,0,0,0,0,0
2004,3.34229e+07,3.55106e+07,3.71435e+07,3.85027e+07,4.22039e+07,5.55759e+06,6.12128e+06,6.40707e+06,6.61193e+06,7.08602e+06,883691,983753,1.06089e+06,1.11826e+06,1.19793e+06,2.62401e+06,2.77453e+06,2.9465e+06,3.00516e+06,3.23406e+06,146724,158693,167972,179979,191483,346758,379436,401050,443030,496808,2.67971e+06,2.87051e+06,3.0198e+06,3.18355e+06,3.55275e+06,14502,16035.6,17155.3,18865,20964.1,4328.38,5384.47,5976.9,7259.47,8563.57,4143.13,4439.73,4758.28,5081.29,5420.88,46281.8,49328.7,53176.2,56237.1,59340.4,492816,567518,634857,661482,715110,24192.3,34165.6,50090.9,115506,372678,0,0,0,0,0
2005,3.34169e+07,3.55281e+07,3.71957e+07,3.85966e+07,4.24362e+07,5.531e+06,6.10225e+06,6.39879e+06,6.61605e+06,7.08986e+06,871990,971085,1.05009e+06,1.10741e+06,1.18787e+06,2.61549e+06,2.76943e+06,2.94423e+06,3.00096e+06,3.23761e+06,144631,157155,166291,177865,189582,339423,371959,393628,435331,489268,2.67888e+06,2.87333e+06,3.03003e+06,3.20426e+06,3.57501e+06,14235.2,15749.5,16863.4,18601.5,20662.3,4213.61,5245.18,5828.22,7095.43,8392.58,3980.15,4268.88,4584.35,4895.9,5226.98,45569.5,48564.4,52480.8,55556.9,58648.2,481712,556268,624703,651797,705826,23703.3,34284.2,49991.1,116027,380201,0,0,0,0,0
2006,3.34082e+07,3.55578e+07,3.7235e+07,3.87079e+07,4.26681e+07,5.50486e+06,6.08068e+06,6.39171e+06,6.61582e+06,7.09585e+06,860395,958599,1.03904e+06,1.09764e+06,1.17773e+06,2.60706e+06,2.76391e+06,2.94055e+06,2.99769e+06,3.23597e+06,142590,155656,164654,175850,187722,332247,364685,386332,427592,481657,2.68032e+06,2.87579e+06,3.03971e+06,3.22623e+06,3.59855e+06,13970.9,15485.6,16596.3,18332.9,20365.1,4103,5109.93,5682.66,6930.56,8222.65,3824.14,4104.68,4417.21,4716.92,5037.28,44880.3,47812.1,51785.5,54918.7,57920.7,470866,544983,614441,641589,696748,23218.1,34723.2,49914.8,118260,388417,0,0,0,0,0
2007,3.33913e+07,3.55793e+07,3.72954e+07,3.8875e+07,4.2913e+07,5.47791e+06,6.05935e+06,6.38455e+06,6.61358e+06,7.1014e+06,848628,947134,1.0281e+06,1.08741e+06,1.16714e+06,2.59827e+06,2.75798e+06,2.93216e+06,2.99328e+06,3.23137e+06,140569,153968,163013,173893,185906,325237,357416,379065,420096,474028,2.68142e+06,2.87771e+06,3.04462e+06,3.24885e+06,3.6217e+06,13710,15231.1,16328.5,18073.5,20065.3,3996.93,4979,5540.4,6765.07,8056.01,3673.31,3946.54,4254.71,4542.79,4853.84,44194.2,47102.9,51085.7,54303.1,57168.4,460046,533816,603584,631505,687493,22715.1,35009.9,49716.5,120909,390717,0,0,0,0,0
2008,3.33818e+07,3.55961e+07,3.7349e+07,3.90604e+07,4.31577e+07,5.45117e+06,6.03792e+06,6.37724e+06,6.61186e+06,7.10762e+06,836618,937152,1.01713e+06,1.07692e+06,1.15669e+06,2.58969e+06,2.75199e+06,2.92326e+06,2.98867e+06,3.2265e+06,138584,152040,161446,171952,184069,318266,350336,371935,412670,466395,2.68285e+06,2.87992e+06,3.04798e+06,3.27169e+06,3.64633e+06,13449.8,14975.9,16070.8,17827.3,19766,3893.75,4851.75,5400.62,6605.14,7892.9,3528.28,3792.97,4096.98,4374.75,4676.58,43503.4,46415.4,50390.3,53661.4,56433,449246,522721,592713,621433,678300,22239.9,35083.1,50527.4,124793,394714,0,0,0,0,0
2009,3.33736e+07,3.56091e+07,3.74072e+07,3.92309e+07,4.33853e+07,5.42472e+06,6.01904e+06,6.36858e+06,6.6085e+06,7.11336e+06,824824,927047,1.00589e+06,1.06638e+06,1.14596e+06,2.58152e+06,2.74556e+06,2.91449e+06,2.98477e+06,3.22141e+06,136642,150162,159460,169999,182100,311469,343274,364830,405290,458830,2.68406e+06,2.88105e+06,3.05212e+06,3.29372e+06,3.67139e+06,13193.3,14735.5,15825.6,17585.4,19465.4,3793.34,4729.86,5264,6449.29,7729.67,3388.52,3644.26,3944.86,4211.06,4505.58,42833.1,45730.6,49702.3,53020.6,55716.9,438580,511841,581905,612455,669070,21784.7,35205.9,51382.8,129530,401834,0,0,0,0,0
2010,3.33686e+07,3.56106e+07,3.74535e+07,3.93913e+07,4.35999e+07,5.3997e+06,6.00531e+06,6.35968e+06,6.60027e+06,7.11611e+06,813068,917118,994632,1.05581e+06,1.13502e+06,2.57406e+06,2.73956e+06,2.90502e+06,2.98259e+06,3.21556e+06,134769,148302,157474,168040,180129,304838,336302,357711,397965,451215,2.68594e+06,2.88289e+06,3.05586e+06,3.31702e+06,3.69707e+06,12943.5,14503.3,15587.8,17339.5,19157.2,3695.64,4610.32,5129.4,6295.14,7565.57,3255.12,3501.36,3798.08,4050.66,4340.14,42166.9,45064.1,49037.4,52379.6,55002.3,427928,501103,571077,603526,659641,21332.6,35347.2,52084,132293,423784,0,0,0,0,0
2011,3.33648e+07,3.56277e+07,3.75009e+07,3.95233e+07,4.38003e+07,5.37565e+06,5.98258e+06,6.34339e+06,6.5869e+06,7.11539e+06,801351,907292,983119,1.04494e+06,1.12383e+06,2.56716e+06,2.733e+06,2.8957e+06,2.98078e+06,3.21468e+06,132933,146396,155466,166207,178131,298205,329566,350644,390822,443667,2.68731e+06,2.88556e+06,3.05986e+06,3.3406e+06,3.72377e+06,12698.6,14269,15369.8,17101.4,18852.1,3599.61,4493.9,4999.85,6146.23,7403.36,3126.5,3361.85,3656.52,3897.36,4180.62,41512.7,44426.7,48374.5,51740,54287.3,417552,490500,560354,594364,650245,20906.6,35417.4,52668.4,135901,447665,0,0,0,0,0
2012,3.33511e+07,3.56493e+07,3.75494e+07,3.96467e+07,4.40011e+07,5.35235e+06,5.9535e+06,6.32858e+06,6.57439e+06,7.11378e+06,789924,897063,971685,1.03411e+06,1.11209e+06,2.56085e+06,2.72515e+06,2.88667e+06,2.97864e+06,3.21555e+06,131150,144765,153521,164368,176132,291828,322932,343626,383665,435983,2.68879e+06,2.88679e+06,3.06393e+06,3.36377e+06,3.75045e+06,12459.2,14038.2,15147.8,16864.4,18547.5,3505.73,4381.32,4872.55,5997.85,7243.31,3003.16,3226.84,3519.63,3746.8,4027.5,40879.2,43818.7,47721.6,51072.7,53559.7,407240,479922,549759,584833,640902,20488.7,35604,54932.8,139515,470613,0,0,0,0,0
2013,3.33359e+07,3.56744e+07,3.75828e+07,3.97551e+07,4.41806e+07,5.32596e+06,5.92204e+06,6.3112e+06,6.5614e+06,7.10956e+06,778357,886553,960316,1.02307e+06,1.10089e+06,2.55313e+06,2.7166e+06,2.87634e+06,2.97641e+06,3.21612e+06,129335,142969,151561,162555,174170,285492,316458,336745,376743,428427,2.68952e+06,2.89021e+06,3.07461e+06,3.38712e+06,3.77776e+06,12220,13810,14929.9,16628.3,18241.7,3413.72,4270.28,4749.34,5853.09,7089.11,2883.57,3096.42,3387.11,3599.78,3878.95,40249.4,43223.1,47077.6,50471.4,52844.4,397218,469485,539061,575320,631578,20094.9,35534.8,57626.9,143831,493096,0,0,0,0,0
2014,3.33185e+07,3.5686e+07,3.76165e+07,3.98504e+07,4.42458e+07,5.29971e+06,5.89117e+06,6.29223e+06,6.54772e+06,7.10378e+06,766723,876143,949021,1.01185e+06,1.08965e+06,2.54565e+06,2.70857e+06,2.86532e+06,2.97614e+06,3.21574e+06,127556,141296,149641,160777,172233,279268,309742,329843,369762,420973,2.69007e+06,2.893e+06,3.08536e+06,3.41171e+06,3.80721e+06,11984.8,13583.8,14720.1,16393.5,17941.4,3323.7,4160.94,4626.29,5712.34,6937.41,2768.94,2970.37,3259.52,3458.3,3734.21,39622.4,42646.5,46449.4,49925.4,52140,387447,459104,528464,565641,622288,19672.8,36484.9,60112.3,147136,514924,0,0,0,0,0
2015,3.32948e+07,3.56935e+07,3.76469e+07,3.99391e+07,4.43078e+07,5.27344e+06,5.85884e+06,6.27296e+06,6.53267e+06,7.09501e+06,755419,864922,937740,1.00024e+06,1.07819e+06,2.53839e+06,2.70112e+06,2.85673e+06,2.97357e+06,3.21451e+06,125799,139670,147744,158593,170287,273196,303176,323220,362887,413585,2.69013e+06,2.89617e+06,3.0961e+06,3.43706e+06,3.83481e+06,11756.2,13366.3,14507.7,16154.8,17642.5,3236.32,4052.81,4507.2,5569.13,6785.41,2658.4,2850.13,3135.71,3321.31,3594.51,39012.5,42079.8,45825.1,49344.8,51444.8,377889,448905,518035,555928,613033,19357.7,36387.1,62029.9,145508,535342,0,0,0,0,0
2016,3.32819e+07,3.57111e+07,3.76735e+07,4.00252e+07,4.43652e+07,5.25082e+06,5.82683e+06,6.2543e+06,6.51518e+06,7.08735e+06,744257,853104,926489,988298,1.06665e+06,2.53269e+06,2.69321e+06,2.84825e+06,2.97095e+06,3.21137e+06,124128,138056,146085,156747,168325,267316,296660,316697,356245,406338,2.69004e+06,2.89943e+06,3.10757e+06,3.462e+06,3.86309e+06,11530.3,13158.5,14294.8,15919.4,17355.1,3151.7,3949.19,4392.41,5429.7,6635.67,2553.68,2735.24,3015.36,3189.8,3460,38421.2,41521.7,45209.4,48773.8,50758.2,368524,438800,507756,546115,603825,19077.9,35867,61316.5,144164,549199,0,0,0,0,0
2017,3.32667e+07,3.57306e+07,3.76854e+07,4.01056e+07,4.44054e+07,5.22641e+06,5.79345e+06,6.22252e+06,6.5061e+06,7.08098e+06,733320,841303,914826,976574,1.05515e+06,2.52603e+06,2.68493e+06,2.8394e+06,2.96798e+06,3.20809e+06,122461,136519,144469,154773,166410,261575,290447,310361,349628,399132,2.69081e+06,2.90634e+06,3.11919e+06,3.48702e+06,3.89151e+06,11312.1,12952.8,14090,15682.7,17078.5,3069.81,3848.46,4280.32,5293.02,6486.57,2453.58,2626,2898.86,3062.4,3329.43,37838.8,40973.7,44604.3,48154.6,50078.2,359328,428778,497494,536391,594754,18883.5,35399.7,60566.5,142549,568957,0,0,0,0,0
2018,3.32505e+07,3.57661e+07,3.76858e+07,4.01858e+07,4.44339e+07,5.20353e+06,5.75861e+06,6.18994e+06,6.4985e+06,7.07536e+06,722459,829420,902497,965143,1.04342e+06,2.52021e+06,2.67812e+06,2.83018e+06,2.96436e+06,3.20319e+06,120847,135061,142829,152581,164482,256047,284474,304147,343205,391878,2.69206e+06,2.91179e+06,3.13013e+06,3.51077e+06,3.91999e+06,11098.8,12752.1,13884.4,15445.2,16796.6,2991.26,3751.64,4172.33,5157.14,6341.27,2357.88,2522.63,2788.13,2939.31,3202.56,37274.9,40460.5,44009.9,47459.7,49382.1,350356,418721,487207,526598,585533,18719,35210.9,59726.7,139931,587325,0,0,0,0,0
2019,3.32178e+07,3.57934e+07,3.76513e+07,4.0289e+07,4.44709e+07,5.17775e+06,5.72473e+06,6.15771e+06,6.48095e+06,7.06866e+06,711730,817328,890154,953872,1.0317e+06,2.5132e+06,2.6714e+06,2.82019e+06,2.9603e+06,3.19809e+06,119198,133564,141136,150468,162522,250579,278437,297998,337010,384886,2.69313e+06,2.91529e+06,3.14036e+06,3.53724e+06,3.94926e+06,10887,12563.2,13681.1,15198.4,16537.6,2915.65,3658.19,4067.9,5025.59,6199.16,2264.89,2423.14,2682.36,2822.42,3080.03,36714.9,39975.4,43420.3,46787.1,48711.3,341526,408868,477136,516959,576076,18787.9,34830.4,59018.4,136649,602033,0,0,0,0,0
2020,3.31791e+07,3.58091e+07,3.76081e+07,4.037e+07,4.45113e+07,5.1513e+06,5.68918e+06,6.12911e+06,6.46128e+06,7.06046e+06,701210,805477,877658,942408,1.01991e+06,2.50612e+06,2.66411e+06,2.81012e+06,2.95582e+06,3.19162e+06,117568,132109,139454,148347,160559,245232,272495,291993,330892,377985,2.69382e+06,2.91913e+06,3.15194e+06,3.56204e+06,3.97831e+06,10678.8,12355,13480,14959.6,16281.2,2841.43,3567.69,3965.51,4896.49,6058.97,2175.25,2328.59,2580.52,2710.1,2963.19,36162.4,39478,42832.1,46117.7,48059.2,332828,399224,467175,507055,566726,18635.9,34361.6,58229.7,133725,612523,0,0,0,0,0
2021,3.31413e+07,3.58127e+07,3.75437e+07,4.04463e+07,4.45356e+07,5.12692e+06,5.65322e+06,6.10005e+06,6.44566e+06,7.05095e+06,690729,793752,865027,930264,1.00797e+06,2.49984e+06,2.65569e+06,2.79911e+06,2.95156e+06,3.18471e+06,115993,130643,137809,146237,158565,239974,266751,286001,324687,371261,2.69325e+06,2.9196e+06,3.16231e+06,3.5869e+06,4.00831e+06,10474.3,12125,13281.8,14715.1,16024.2,2768.8,3480.37,3863.51,4772.3,5922.02,2089,2237.94,2481.82,2608.47,2849.63,35616.8,38972.4,42250.5,45460.6,47414.9,324281,389751,457336,497296,557488,18642.7,34011.8,57640.4,131312,622848,0,0,0,0,0
2022,3.31202e+07,3.57611e+07,3.75093e+07,4.051e+07,4.45596e+07,5.10325e+06,5.61708e+06,6.07073e+06,6.42329e+06,7.03036e+06,680094,782357,853000,917927,995617,2.4893e+06,2.64653e+06,2.7861e+06,2.94697e+06,3.17739e+06,114459,129147,136183,144508,156515,234758,261367,280090,318439,364771,2.69309e+06,2.91558e+06,3.17353e+06,3.61305e+06,4.03905e+06,10267.1,11897.7,13082.4,14473.1,15771.1,2697.32,3394.12,3761.74,4652.63,5787.29,2006.66,2150.64,2386.1,2511.8,2740.93,35060.3,38402.8,41671.2,44828.8,46780.6,315778,380475,447703,487594,548452,18963.1,33589.8,58513,130105,632528,0,0,0,0,0
2023,3.30826e+07,3.56865e+07,3.74787e+07,4.05472e+07,4.45718e+07,5.07616e+06,5.57925e+06,6.04097e+06,6.39554e+06,7.00842e+06,669473,770586,841528,905443,983125,2.47699e+06,2.6377e+06,2.77208e+06,2.94178e+06,3.16955e+06,112892,127341,134543,142829,154461,229565,256057,274270,312237,358297,2.69251e+06,2.91188e+06,3.18369e+06,3.63757e+06,4.06993e+06,10062.1,11673.3,12885.5,14232,15528.9,2626.3,3310.01,3662.37,4536.14,5651.27,1926.93,2066.12,2293.71,2418.91,2636.56,34506.9,37821.9,41070.8,44184.2,46209,307407,371376,438158,477698,539610,19442.7,33326.9,58569,132805,638214,0,0,0,0,0
2024,3.30278e+07,3.5628e+07,3.74549e+07,4.0599e+07,4.45796e+07,5.04801e+06,5.5393e+06,6.01038e+06,6.3642e+06,6.9858e+06,659089,758881,829634,892931,970520,2.46325e+06,2.62703e+06,2.75756e+06,2.93637e+06,3.16107e+06,111332,125590,132898,141176,152418,224613,250653,268472,306147,351814,2.69107e+06,2.90939e+06,3.19483e+06,3.66205e+06,4.10181e+06,9864.14,11450.6,12669.8,14016.2,15289,2558.23,3228.73,3565.59,4421.76,5514.68,1850.7,1984.97,2205.27,2328.77,2535.91,33970.6,37247.6,40446.9,43534.1,45650.4,299170,362341,428648,467854,530760,19988.9,33242.8,58878.6,135990,641643,0,0,0,0,0
2025,3.29888e+07,3.5597e+07,3.74382e+07,4.06404e+07,4.45821e+07,5.02184e+06,5.49973e+06,5.97862e+06,6.33355e+06,6.96315e+06,648628,747390,817994,880822,957750,2.45026e+06,2.61716e+06,2.74223e+06,2.93202e+06,3.15357e+06,109816,123896,131187,139562,150364,219669,245380,262730,300132,345365,2.68941e+06,2.90744e+06,3.20622e+06,3.6861e+06,4.135e+06,9670.15,11226.2,12458.4,13812.3,15049.4,2490.64,3148.63,3471.03,4311.39,5382.25,1777.38,1904.01,2120.33,2242.61,2439.06,33438,36672.3,39839.8,42891.2,45104.7,291063,353884,419130,458658,521923,21079.5,33376.2,60359.6,137593,645957,0,0,0,0,0
2026,3.29415e+07,3.55073e+07,3.74113e+07,4.06793e+07,4.45721e+07,4.99357e+06,5.46285e+06,5.94795e+06,6.30205e+06,6.93786e+06,638521,735964,806693,869026,944868,2.43768e+06,2.60387e+06,2.72699e+06,2.92676e+06,3.14485e+06,108291,122171,129323,137927,148329,214824,240109,257224,294225,339008,2.68767e+06,2.90417e+06,3.21716e+06,3.71112e+06,4.16849e+06,9481.66,11009.4,12248.1,13607.3,14816,2424.63,3071.74,3379.52,4201.33,5253.3,1707.09,1826.19,2039.09,2159.49,2345.05,32922.4,36115.4,39241.4,42264.8,44551.4,283217,345604,409760,449566,513144,23008.5,33410.4,61400.5,137505,649957,0,0,0,0,0
2027,3.2885e+07,3.54903e+07,3.7379e+07,4.06929e+07,4.45598e+07,4.96548e+06,5.42327e+06,5.92209e+06,6.26442e+06,6.91149e+06,628556,724468,795306,857532,932102,2.42431e+06,2.58996e+06,2.71359e+06,2.91999e+06,3.13627e+06,106777,120475,127440,136246,146324,210022,234806,251961,288357,332669,2.68491e+06,2.90181e+06,3.22887e+06,3.73619e+06,4.20074e+06,9297.15,10797.4,12042.6,13406,14581.7,2359.01,2996.36,3291.1,4092,5125.51,1638.91,1751.66,1960.47,2078.58,2254.79,32426.3,35573.2,38653.7,41630.1,44003.7,275632,337497,400410,440637,504282,23354.2,33445.9,63001.1,143440,653628,0,0,0,0,0
2028,3.28284e+07,3.54632e+07,3.73452e+07,4.06902e+07,4.45283e+07,4.93734e+06,5.3845e+06,5.89408e+06,6.23521e+06,6.88405e+06,618739,713008,783910,846168,919221,2.4111e+06,2.57526e+06,2.70103e+06,2.91167e+06,3.12673e+06,105290,118810,125610,134523,144280,205328,229585,246793,282454,326298,2.68255e+06,2.9006e+06,3.23966e+06,3.76185e+06,4.23403e+06,9116.68,10590.2,11838.4,13205.1,14349.8,2294.77,2921.27,3203.84,3982.86,4997.89,1573.75,1680.41,1884.42,1999.96,2167.49,31940.4,35041.9,38083.7,40986.9,43457.8,268203,329508,390990,431330,495509,23509.1,33507,65778.1,149418,655490,0,0,0,0,0
2029,3.27401e+07,3.53863e+07,3.73062e+07,4.06784e+07,4.44859e+07,4.90133e+06,5.34566e+06,5.86599e+06,6.20694e+06,6.85138e+06,608968,702091,772455,834832,906788,2.39795e+06,2.55833e+06,2.68693e+06,2.90355e+06,3.11469e+06,103818,117332,123819,132823,142322,200801,224434,241737,276790,319959,2.67989e+06,2.89923e+06,3.24907e+06,3.78938e+06,4.26734e+06,8935.37,10388.4,11634.1,12998.7,14126,2232.54,2847.87,3119.67,3876.54,4873.14,1510.95,1612.19,1810.68,1922.58,2082.02,31462.7,34510.8,37516.4,40337.8,42895,260964,321487,381622,422251,486893,23516.9,33679.3,66882.1,157579,657093,0,0,0,0,0
2030,3.26461e+07,3.53179e+07,3.72559e+07,4.06769e+07,4.44277e+07,4.86532e+06,5.30624e+06,5.83684e+06,6.1786e+06,6.81808e+06,599348,691079,761061,823392,894244,2.38333e+06,2.5415e+06,2.67265e+06,2.89525e+06,3.10204e+06,102317,115880,122076,131137,140387,196395,219310,236805,271165,313736,2.67745e+06,2.89967e+06,3.25708e+06,3.81667e+06,4.30098e+06,8744.68,10194.8,11433.4,12795.1,13902.2,2172.96,2775.34,3036.37,3773.45,4750.54,1449.03,1547.64,1739.95,1845.94,1999.89,30988.9,33993.8,36961.8,39694.9,42336.6,253789,313628,372454,413106,478111,23519.5,33703.5,67846.2,164937,660707,0,0,0,0,0
2031,3.25354e+07,3.52401e+07,3.72004e+07,4.06739e+07,4.43729e+07,4.82993e+06,5.2669e+06,5.81271e+06,6.14909e+06,6.78554e+06,588904,680179,749745,811807,882179,2.36874e+06,2.52409e+06,2.66e+06,2.88531e+06,3.08863e+06,100827,114394,120485,129466,138521,192009,214297,231853,265786,307750,2.67478e+06,2.90268e+06,3.2652e+06,3.84523e+06,4.33583e+06,8558.85,10001.4,11233.6,12597,13682.1,2114.75,2705.05,2955.1,3672.67,4631.84,1389.4,1485.27,1673.09,1772.73,1920.79,30511.6,33473.2,36408,39061.8,41792.9,246736,305876,363496,404313,469253,23564.7,33805.5,68560.9,170651,661220,0,0,0,0,0
2032,3.2418e+07,3.51807e+07,3.71385e+07,4.06685e+07,4.43152e+07,4.79453e+06,5.22751e+06,5.78689e+06,6.11969e+06,6.75047e+06,578657,669220,738615,800389,869979,2.35429e+06,2.50776e+06,2.64876e+06,2.87585e+06,3.07546e+06,99355.5,112854,118915,127827,136690,187705,209413,226999,260454,301865,2.67214e+06,2.9058e+06,3.27484e+06,3.87469e+06,4.37116e+06,8378.45,9812.72,11035.8,12400.9,13462,2058.33,2636.32,2876.88,3574.51,4516.75,1332.25,1425.7,1608.12,1702.83,1845.46,30043.1,32962.4,35850.7,38445.3,41245.8,239878,298311,354742,395651,460452,23524.7,33833.8,68853.7,175944,663088,0,0,0,0,0
