measure,year,model,observed
population (M),1946,22.849,23.93
population (M),1950,23.778,25.01
population (M),1960,28.391,29.8
population (M),1970,30.978,32.64
population (M),1978,33.275,35.06
population (M),1988,36.127,37.88
population (M),2002,36.400,38.23
population (M),2011,35.827,38.51
population (M),2021,35.268,38.04
Recovered Territories (M),1939,8.885,8.86
Recovered Territories (M),1946,4.586,5.02
Recovered Territories (M),1950,5.510,5.94
urban (%),1950,37.904,36.9
urban (%),1960,45.281,48.3
urban (%),1970,50.894,52.3
urban (%),1988,57.035,61.0
urban (%),2002,59.115,61.8
urban (%),2021,62.600,60.2
TFR,1950,3.763,3.71
TFR,1960,2.974,2.98
TFR,1970,2.189,2.2
TFR,1980,2.291,2.28
TFR,1990,1.993,2.04
TFR,2000,1.407,1.37
TFR,2010,1.370,1.38
TFR,2020,1.408,1.39
e0 men,1953,60.079,58.6
e0 women,1953,65.692,64.2
e0 men,1961,64.900,64.8
e0 women,1961,70.730,70.5
e0 men,1971,66.519,66.8
e0 women,1971,73.649,73.8
e0 men,1990,67.263,66.2
e0 women,1990,76.381,75.2
e0 men,2000,70.552,69.6
e0 women,2000,78.752,78.0
e0 men,2010,72.228,72.1
e0 women,2010,80.728,80.6
e0 men,2019,75.981,74.1
e0 women,2019,83.681,81.8
identity sil (k),2002,132.623,173
identity de (k),2002,97.556,153
identity be (k),2002,64.490,49
identity uk (k),2002,101.095,31
identity rue (k),2002,15.230,6
identity lt (k),2002,5.824,6
identity csb (k),2002,4.126,5
identity jw (k),2002,9.744,1
home language de (k),2002,74.255,205
home language be (k),2002,51.173,40
home language uk (k),2002,38.950,23
home language csb (k),2002,110.853,53
home language rue (k),2002,6.952,6
home language lt (k),2002,6.548,6
home language de (k),2011,48.517,96.5
home language be (k),2011,38.975,26.4
home language uk (k),2011,22.877,24.5
home language csb (k),2011,93.076,108.1
home language rue (k),2011,3.912,6.3
home language lt (k),2011,5.443,5.3
