parameter,previous,nroy_p5,nroy_p50,nroy_p95,adopted,constrained
sigma_vern,0.55,0.2253,0.444,0.7473,0.44,1
sigma_nat,0.12,0.172,0.3681,0.4921,0.37,1
sigma_nat_distinct,0.06,0.01206,0.09352,0.1885,0.06,0
a,1.31,1.044,1.257,1.562,1.31,0
m_mono,0.15,0.06692,0.2274,0.3896,0.15,0
h0,0.003,0.0001611,0.002055,0.007849,0.0021,1
completeness_share,0.25,0.136,0.3111,0.4752,0.25,0
sigma_diaspora,0.0,0.2811,0.5346,0.7701,0.53,1
acq_adult,0.012,0.008587,0.02071,0.02907,0.012,0
acq_school,0.22,0.2743,0.3567,0.3962,0.36,1
