year,y_nat,y_frontier,y_state,vehicles_per_1000,literacy,infra_account
1933,1712.2,4408.9,[1712.2129641012853],1.1723,0.76775,1.8803e+08
1934,1695.2,4520.5,[1695.1761604516475],1.1393,0.77825,1.8803e+08
1935,1729.4,4634.9,[1729.4209904741815],1.1193,0.7883,4.4006e+08
1936,1782.1,4752.2,[1782.0897007485023],1.1153,0.79789,4.4006e+08
1937,1854.8,4872.5,[1854.8181611163302],1.1313,0.80705,7.9516e+08
1938,1969.5,4995.9,[1969.5137106693785],1.1798,0.8158,7.9516e+08
1939,2070.5,5122.4,[2070.492837943009],1.256,0.82415,1.1234e+09
1940,2181.8,5215.4,[2181.7716722185896],1.3647,0.83212,1.1234e+09
1941,2194.7,5310.1,[2194.678731098212],1.4626,0.83973,1.6771e+09
1942,2178.7,5406.6,[2178.730414977541],1.539,0.84699,1.6771e+09
1943,2312.3,5504.8,[2312.3087590411305],1.6647,0.85393,2.3651e+09
1944,2351.1,5604.8,[2351.110295207007],1.791,0.86057,2.3651e+09
1945,2404.9,5706.6,[2404.9270144450807],1.9267,0.8669,3.0898e+09
1946,2505.8,5810.2,[2505.789771865696],2.1001,0.87295,3.0898e+09
1947,2594.5,5915.7,[2594.5141213996235],2.304,0.87873,2.7491e+09
1948,2692.2,6023.2,[2692.1975187186035],2.5459,0.88424,2.7491e+09
1949,2739.7,6132.6,[2739.6682377593215],2.7874,0.8895,3.576e+09
1950,2793.1,6244,[2793.0637593160113],3.0351,0.89452,3.576e+09
1951,2855.9,6414.8,[2855.9418246005876],3.2986,0.8993,4.4044e+09
1952,2899.2,6590.4,[2899.2231297167373],3.561,0.90385,4.4044e+09
1953,2960.6,6770.8,[2960.5694896766718],3.8411,0.9082,5.1275e+09
1954,2946.5,6956.1,[2946.508015420233],4.0659,0.91234,5.1275e+09
1955,2976.3,7146.4,[2976.262706629945],4.2855,0.91628,6.0474e+09
1956,3176.8,7342,[3176.808988700663],4.6864,0.92004,6.0474e+09
1957,3248.8,7543,[3248.7945251688247],5.1139,0.92363,7.9821e+09
1958,3517,7749.4,[3516.9972988454538],5.851,0.92706,7.9821e+09
1959,3670,7961.5,[3669.9771096072404],6.7296,0.93034,1.0698e+10
1960,3753.4,8179.4,[3753.3928859418397],7.6267,0.93347,1.0698e+10
1961,3889.1,8403.2,[3889.1243307160917],8.6543,0.93646,1.3959e+10
1962,3973.7,8633.2,[3973.7393790345586],9.7063,0.93932,1.3959e+10
1963,4191.8,8869.5,[4191.837884903662],11.111,0.94205,1.6457e+10
1964,4313.3,9112.2,[4313.311332734596],12.621,0.94466,1.6457e+10
1965,4435.5,9361.6,[4435.5214330249855],14.249,0.94716,1.9615e+10
1966,4503.6,9617.8,[4503.620236021758],15.835,0.94954,1.9615e+10
1967,4657.2,9881,[4657.200640231785],17.67,0.95182,2.3138e+10
1968,4964.6,10151,[4964.577275106771],20.332,0.954,2.3138e+10
1969,5153.3,10429,[5153.314176962819],23.362,0.95608,2.7163e+10
1970,5262.6,10715,[5262.612268022546],26.411,0.95806,2.7163e+10
1971,5413.5,11008,[5413.510823951533],29.698,0.95995,3.0986e+10
1972,5723.7,11309,[5723.689397690686],34.06,0.96176,3.0986e+10
1973,5732.8,11619,[5732.828716002895],37.818,0.96349,3.5917e+10
1974,5809,11937,[5808.9782637575145],41.427,0.96514,3.5917e+10
1975,5829.5,12166,[5829.546485355059],44.609,0.96671,3.6818e+10
1976,5737.9,12399,[5737.898648608658],46.811,0.96821,3.6818e+10
1977,5777.9,12637,[5777.895666101564],48.901,0.96964,3.2997e+10
1978,5616.4,12879,[5616.426003259593],49.818,0.97101,3.2997e+10
1979,5705.5,13126,[5705.542485050369],51.066,0.97231,3.2631e+10
1980,5927,13378,[5926.957524635212],53.355,0.97356,3.2631e+10
1981,6105.8,13635,[6105.751491078116],56.363,0.97474,3.8178e+10
1982,6247.2,13896,[6247.216717771772],59.804,0.97588,3.8178e+10
1983,6778.6,14163,[6778.632649787585],66.385,0.97696,4.5398e+10
1984,6969.4,14434,[6969.445092144309],73.413,0.97799,4.5398e+10
1985,7007.2,14711,[7007.176606629194],79.677,0.97898,4.9021e+10
1986,6926.7,14993,[6926.696106135693],84.384,0.97992,4.9021e+10
1987,7111.4,15281,[7111.3849007430645],89.818,0.98082,5.0497e+10
1988,7353.4,15574,[7353.40589569357],96.393,0.98167,5.0497e+10
1989,7520.3,15873,[7520.339690549813],103.38,0.98249,5.3777e+10
1990,7552.2,16177,[7552.192913815427],109.59,0.98328,5.3777e+10
1991,7986.5,16488,[7986.471146219137],118.7,0.98402,5.6668e+10
1992,8503,16804,[8502.956288353993],131.23,0.98474,5.6668e+10
1993,8673.3,17126,[8673.253929695431],143.52,0.98542,5.9215e+10
1994,8785.3,17455,[8785.339635462227],155.04,0.98607,5.9215e+10
1995,8939.6,17790,[8939.600583046884],166.33,0.9867,6.2947e+10
1996,8885,18131,[8885.035440044456],175.4,0.98729,6.2947e+10
1997,9448.2,18479,[9448.241019071795],188.64,0.98786,6.9343e+10
1998,9693.9,18833,[9693.901180227815],202.32,0.98841,6.9343e+10
1999,9808.3,19194,[9808.295174810433],215.08,0.98893,7.2349e+10
2000,10110,19563,[10109.516571997883],228.89,0.98942,7.2349e+10
2001,10399,19938,[10399.248329911781],243.47,0.9899,7.451e+10
2002,10512,20320,[10512.482241826665],256.96,0.99035,7.451e+10
2003,10599,20710,[10599.20638768766],269.27,0.99078,7.627e+10
2004,10993,21107,[10993.302567211746],283.5,0.99119,7.627e+10
2005,11456,21512,[11455.970227480128],299.88,0.99159,8.1518e+10
2006,11849,21925,[11849.321424960028],317.32,0.99196,8.1518e+10
2007,12057,22345,[12056.52727673447],333.95,0.99232,8.5398e+10
2008,12274,22774,[12273.86249915147],349.94,0.99267,8.5398e+10
2009,12618,22980,[12617.721897247484],366.36,0.993,8.8459e+10
2010,13255,23188,[13254.829611396517],385.25,0.99331,8.8459e+10
2011,13593,23397,[13592.901931276934],403.77,0.99361,9.3994e+10
2012,13608,23609,[13607.673468841138],419.61,0.9939,9.3994e+10
2013,13722,23822,[13722.282171214274],433.88,0.99417,9.5101e+10
2014,13506,24037,[13506.284303513119],444.48,0.99443,9.5101e+10
2015,13521,24255,[13520.579578556108],453.6,0.99468,9.1429e+10
2016,12737,24474,[12736.780281514999],455.42,0.99492,9.1429e+10
2017,12295,24695,[12295.071289170226],453.36,0.99515,8.378e+10
2018,12427,24919,[12426.683327086233],452.71,0.99537,8.378e+10
2019,12653,25144,[12653.162223826894],454,0.99558,8.4268e+10
2020,13217,25371,[13216.772573703585],459.47,0.99578,8.4268e+10
2021,13445,25601,[13445.490501813505],465.79,0.99597,8.9168e+10
2022,13932,25832,[13932.326901256374],474.57,0.99615,8.9168e+10
2023,14108,26066,[14108.320690960725],483.2,0.99632,9.1857e+10
2024,14447,26301,[14446.949782923957],492.69,0.99649,9.1857e+10
2025,15053,26539,[15053.039366618928],504.34,0.99665,9.2741e+10
2026,15250,26779,[15249.621960607758],515.32,0.9968,9.2741e+10
2027,15641,27021,[15640.70393433594],526.69,0.99694,9.6896e+10
2028,16144,27265,[16144.283132129092],538.79,0.99708,9.6896e+10
2029,16644,27512,[16644.32699815034],551.26,0.99721,9.8887e+10
2030,16847,27761,[16847.082650117845],562.69,0.99734,9.8887e+10
2031,16999,28011,[16998.70022430104],573.01,0.99746,1.0175e+11
2032,17161,28265,[17161.05369910032],582.4,0.99757,1.0175e+11
