year,pl,uk,be,pls,yi,de,ru,lt,csb,rue,cs,lv,rom,kdr,wym,oth
1933,2.13035e+07,4.91705e+06,1.36409e+06,725029,2.87025e+06,884945,214615,1.98236e+06,202004,132557,31646.2,16587.7,34155,681.437,1480.45,79363.4
1934,2.1628e+07,4.98609e+06,1.38506e+06,737610,2.85457e+06,883430,216331,2.01241e+06,203955,134077,32017.6,16721.2,34696.5,682.64,1463.26,79241.4
1935,2.1933e+07,5.05072e+06,1.40485e+06,749602,2.83785e+06,881542,217889,2.0406e+06,205726,135473,32360.6,16838.1,35191.1,683.526,1446.08,79081.8
1936,2.22468e+07,5.11821e+06,1.42538e+06,762175,2.82135e+06,880005,219500,2.06931e+06,207524,136902,32717.3,16954,35699.4,684.491,1428.73,78923.2
1937,2.25267e+07,5.17821e+06,1.44373e+06,773468,2.8028e+06,877789,220812,2.09474e+06,209030,138136,33021.9,17044.9,36137.9,684.733,1410.72,78687.5
1938,2.2807e+07,5.23886e+06,1.4622e+06,784980,2.78413e+06,875773,222095,2.11975e+06,210479,139351,33325.8,17129.1,36576.5,684.9,1392.52,78439.2
1939,2.30744e+07,5.29671e+06,1.47983e+06,796071,2.76478e+06,873702,223238,2.14329e+06,211794,140481,33606.7,17200.5,36987.7,684.755,1373.99,78154.1
1940,2.33281e+07,5.35173e+06,1.49661e+06,806762,2.74481e+06,871627,224246,2.16522e+06,212953,141512,33864.6,17259.1,37370,684.255,1355.13,77832.1
1941,2.35673e+07,5.40379e+06,1.51247e+06,817050,2.72427e+06,869314,225112,2.1854e+06,213966,142434,34101.6,17304.7,37726.1,683.384,1335.89,77462.1
1942,2.3794e+07,5.45281e+06,1.52742e+06,827020,2.70313e+06,866825,225846,2.20389e+06,214845,143257,34318.1,17339.4,38059.6,682.193,1316.37,77042.4
1943,2.40147e+07,5.50055e+06,1.54177e+06,836695,2.68164e+06,864228,226473,2.22143e+06,215626,144008,34521.9,17365.2,38380.8,680.796,1296.31,76587.7
1944,2.42208e+07,5.54434e+06,1.55486e+06,845604,2.65944e+06,861359,226925,2.23725e+06,216277,144633,34696.1,17380.2,38673.9,679.05,1275.95,76079.9
1945,2.44326e+07,5.58946e+06,1.56821e+06,854561,2.63746e+06,858618,227353,2.25318e+06,216919,145239,34869.3,17392.8,38978.5,677.319,1255.32,75549
1946,2.46418e+07,5.63369e+06,1.58117e+06,863258,2.61519e+06,855760,227690,2.26857e+06,217484,145780,35031.2,17398.3,39276.8,675.423,1234.27,74982
1947,2.48694e+07,5.68212e+06,1.59514e+06,872455,2.59404e+06,853290,228095,2.28506e+06,218106,146364,35212.6,17406.3,39607.5,673.74,1213.13,74414.5
1948,2.51017e+07,5.7317e+06,1.60924e+06,881624,2.57363e+06,850889,228492,2.30154e+06,218688,146922,35398.6,17411.6,39942.6,672.129,1192.36,73846.3
1949,2.53278e+07,5.77992e+06,1.62286e+06,890436,2.55322e+06,848266,228800,2.31693e+06,219154,147397,35576.9,17406.8,40264.1,670.325,1171.68,73251.9
1950,2.55914e+07,5.83783e+06,1.63908e+06,900700,2.53566e+06,846445,229356,2.33493e+06,219801,148008,35812.7,17413.2,40652.6,669.147,1151.88,72700.2
1951,2.58614e+07,5.89756e+06,1.65585e+06,911206,2.51904e+06,844674,229923,2.35272e+06,220406,148594,36058.7,17415.5,41049.5,668.039,1132.5,72142.3
1952,2.61404e+07,5.96056e+06,1.67341e+06,922126,2.50347e+06,842869,230523,2.37059e+06,220985,149168,36323.9,17412.8,41463.2,667.003,1113.38,71577.4
1953,2.6425e+07,6.02579e+06,1.69156e+06,933448,2.48865e+06,840915,231131,2.38829e+06,221496,149721,36601.4,17404.5,41889.7,665.925,1094.38,71000.9
1954,2.67126e+07,6.09256e+06,1.71016e+06,945024,2.47441e+06,838813,231730,2.40547e+06,221924,150228,36887.8,17389.8,42328.4,664.69,1075.47,70400.4
1955,2.6992e+07,6.15814e+06,1.72832e+06,956492,2.45989e+06,836290,232222,2.42123e+06,222186,150647,37164.5,17363.3,42761.9,662.979,1056.32,69762.2
1956,2.72747e+07,6.22527e+06,1.74676e+06,968135,2.44573e+06,833569,232675,2.43665e+06,222354,151026,37446.5,17329.5,43211,661.026,1036.98,69116.4
1957,2.75494e+07,6.29097e+06,1.76463e+06,979501,2.4314e+06,830483,233007,2.45075e+06,222372,151313,37714.8,17284.6,43655.5,658.667,1017.41,68441.2
1958,2.78362e+07,6.35998e+06,1.78329e+06,991201,2.41766e+06,827275,233338,2.46533e+06,222324,151588,37993.4,17235,44131.3,656.134,997.676,67776.9
1959,2.80969e+07,6.42318e+06,1.79997e+06,1.00189e+06,2.40301e+06,823454,233432,2.47737e+06,222054,151703,38228.6,17169.6,44565.9,653.069,977.614,67082
1960,2.83626e+07,6.48812e+06,1.81691e+06,1.01287e+06,2.38907e+06,819562,233498,2.48944e+06,221694,151791,38465.8,17100.1,45021.1,649.92,957.603,66375.2
1961,2.86075e+07,6.54822e+06,1.83217e+06,1.02291e+06,2.37424e+06,815107,233353,2.49943e+06,221115,151739,38668.8,17017.3,45444.1,646.238,937.326,65636.9
1962,2.88314e+07,6.60414e+06,1.84595e+06,1.03209e+06,2.35851e+06,810199,233013,2.50763e+06,220345,151566,38837.3,16922.3,45834.8,642.134,916.869,64858.8
1963,2.90496e+07,6.65862e+06,1.8591e+06,1.04095e+06,2.34283e+06,805124,232570,2.51515e+06,219479,151324,38988,16821.6,46218,637.877,896.506,64094.4
1964,2.92603e+07,6.71139e+06,1.87159e+06,1.04945e+06,2.32705e+06,799840,232019,2.52195e+06,218522,151007,39120.6,16713.8,46590.4,633.433,876.2,63317.2
1965,2.94661e+07,6.76303e+06,1.88332e+06,1.0576e+06,2.31146e+06,794452,231379,2.52808e+06,217501,150637,39237.4,16601.4,46955.4,628.839,856.095,62533.6
1966,2.9665e+07,6.81305e+06,1.89428e+06,1.06528e+06,2.29589e+06,788885,230636,2.53345e+06,216390,150203,39334.3,16482.9,47309.1,624.086,836.133,61726.5
1967,2.98393e+07,6.85661e+06,1.9033e+06,1.07177e+06,2.27947e+06,782888,229691,2.53687e+06,215140,149642,39387.8,16353.5,47616.5,619.009,816.233,60902.1
1968,3.00159e+07,6.90131e+06,1.9121e+06,1.07801e+06,2.26358e+06,776891,228698,2.54046e+06,213862,149068,39434.2,16221,47926.1,613.904,796.521,60126.4
1969,3.01884e+07,6.94492e+06,1.92028e+06,1.08381e+06,2.24794e+06,770787,227629,2.54365e+06,212524,148451,39466.7,16084.8,48226.3,608.737,777.009,59363.2
1970,3.03594e+07,6.98784e+06,1.92793e+06,1.08911e+06,2.23283e+06,764666,226500,2.54675e+06,211165,147807,39486.5,15946.6,48522.1,603.589,757.806,58590.4
1971,3.05241e+07,7.02909e+06,1.9348e+06,1.09386e+06,2.21789e+06,758396,225289,2.54934e+06,209750,147118,39489,15804.1,48805.1,598.341,738.799,57813.9
1972,3.06973e+07,7.0721e+06,1.9417e+06,1.09853e+06,2.20393e+06,752225,224072,2.55255e+06,208346,146432,39492.4,15662.1,49101.6,593.183,720.158,57113.5
1973,3.08552e+07,7.11169e+06,1.94751e+06,1.10245e+06,2.18945e+06,745677,222722,2.55449e+06,206827,145658,39471.7,15511,49371.9,587.747,701.517,56329.9
1974,3.10031e+07,7.14897e+06,1.9524e+06,1.10577e+06,2.17506e+06,738922,221286,2.55549e+06,205258,144830,39434.3,15355.8,49623.5,582.188,683.191,55517.2
1975,3.11608e+07,7.18856e+06,1.95752e+06,1.10901e+06,2.16132e+06,732118,219841,2.55696e+06,203678,144011,39401.7,15199.1,49891.5,576.678,665.052,54683.6
1976,3.13287e+07,7.23095e+06,1.96309e+06,1.11229e+06,2.14845e+06,725317,218408,2.55925e+06,202116,143209,39377.9,15041.8,50176.8,571.258,647.185,53819.9
1977,3.15124e+07,7.27734e+06,1.96942e+06,1.11578e+06,2.13703e+06,718736,217037,2.56264e+06,200611,142450,39370.8,14885.3,50488,566.021,629.824,52971
1978,3.16939e+07,7.32413e+06,1.97549e+06,1.11902e+06,2.1256e+06,711920,215618,2.56567e+06,199035,141677,39361.5,14725.7,50795.5,560.626,612.585,52089.3
1979,3.18684e+07,7.37055e+06,1.98119e+06,1.1221e+06,2.11395e+06,704760,214128,2.56766e+06,197364,140849,39345.5,14556.4,51098.4,554.986,595.282,51186.8
1980,3.20295e+07,7.41486e+06,1.98614e+06,1.12479e+06,2.10196e+06,697289,212550,2.56832e+06,195596,139966,39316.1,14377.3,51381.2,549.096,578.102,50280.2
1981,3.22042e+07,7.46333e+06,1.99191e+06,1.12802e+06,2.09133e+06,689940,211014,2.56961e+06,193873,139105,39302.8,14201.6,51693.2,543.306,561.308,49393.9
1982,3.23594e+07,7.50728e+06,1.99641e+06,1.13072e+06,2.07991e+06,682266,209354,2.56898e+06,192048,138153,39264.4,14017.4,51973.4,537.189,544.562,48493.2
1983,3.25194e+07,7.55329e+06,2.00098e+06,1.13347e+06,2.06917e+06,674601,207687,2.56836e+06,190210,137198,39228.3,13833,52265.7,531.081,528.109,47659.6
1984,3.26695e+07,7.59842e+06,2.00497e+06,1.13599e+06,2.05834e+06,666735,205952,2.56685e+06,188289,136190,39180,13642.5,52542.9,524.783,511.818,46832.1
1985,3.28118e+07,7.64209e+06,2.00836e+06,1.13821e+06,2.04728e+06,658597,204143,2.56432e+06,186281,135129,39119.6,13446.9,52813.9,518.258,495.595,45975.4
1986,3.29397e+07,7.68283e+06,2.01092e+06,1.14008e+06,2.03616e+06,650388,202275,2.56059e+06,184209,134017,39043.5,13249.2,53061.1,511.621,479.646,45089.8
1987,3.30627e+07,7.72349e+06,2.0131e+06,1.14193e+06,2.02538e+06,642129,200377,2.55627e+06,182101,132889,38961.9,13049.8,53301.8,504.917,463.943,44216.9
1988,3.31811e+07,7.76272e+06,2.01486e+06,1.1436e+06,2.01508e+06,633974,198470,2.55141e+06,179942,131732,38873.4,12851.1,53536,498.269,448.708,43376.7
1989,3.328e+07,7.79747e+06,2.01539e+06,1.14457e+06,2.0044e+06,625682,196486,2.54512e+06,177728,130526,38760.3,12649.9,53736,491.507,433.748,42544.9
1990,3.33728e+07,7.83115e+06,2.01549e+06,1.14533e+06,1.99381e+06,617312,194465,2.53833e+06,175477,129280,38636.5,12447.4,53931.7,484.669,418.956,41698.7
1991,3.34568e+07,7.86312e+06,2.01492e+06,1.14559e+06,1.98334e+06,608881,192402,2.5311e+06,173210,127996,38500.3,12244.8,54113.1,477.814,404.444,40905.4
1992,3.35498e+07,7.89628e+06,2.01424e+06,1.14574e+06,1.97379e+06,600631,190344,2.52427e+06,170963,126710,38362.8,12044.6,54310.8,471.029,390.406,40227.5
1993,3.36236e+07,7.92437e+06,2.0121e+06,1.145e+06,1.96386e+06,592250,188211,2.51637e+06,168685,125370,38198.7,11842.9,54470.2,464.177,376.651,39559.2
1994,3.37033e+07,7.95388e+06,2.00993e+06,1.1442e+06,1.95499e+06,584048,186097,2.50894e+06,166436,124053,38032.1,11645.3,54639.4,457.469,363.383,38893.4
1995,3.37732e+07,7.97978e+06,2.00687e+06,1.14281e+06,1.94593e+06,575666,183919,2.50074e+06,164137,122686,37847.6,11444.2,54794.2,450.648,350.209,38219.8
1996,3.38251e+07,8.00069e+06,2.00252e+06,1.14062e+06,1.9363e+06,567082,181655,2.49127e+06,161780,121268,37638,11240.2,54918.4,443.688,337.245,37486
1997,3.38691e+07,8.01963e+06,1.99734e+06,1.13778e+06,1.92659e+06,558354,179331,2.48126e+06,159396,119828,37413,11033.8,55030.2,436.625,324.469,36859.9
1998,3.39042e+07,8.03582e+06,1.99136e+06,1.13434e+06,1.91706e+06,549625,176969,2.47053e+06,156966,118377,37172.4,10827.5,55123.4,429.577,311.893,36265.8
1999,3.39359e+07,8.05163e+06,1.98487e+06,1.13053e+06,1.90795e+06,540878,174580,2.4596e+06,154541,116912,36921.8,10621.3,55212.7,422.474,299.492,35650.8
2000,3.39667e+07,8.06659e+06,1.97803e+06,1.12635e+06,1.89951e+06,532276,172202,2.44854e+06,152172,115453,36665,10418.4,55296.6,415.511,287.452,35096.4
2001,3.39944e+07,8.07992e+06,1.97085e+06,1.12174e+06,1.89169e+06,523820,169833,2.43746e+06,149838,114010,36402,10218.8,55369.6,408.677,275.824,34602.9
2002,3.40237e+07,8.09305e+06,1.96333e+06,1.11681e+06,1.88447e+06,515360,167449,2.42636e+06,147493,112568,36133.4,10019.6,55448.6,401.867,264.358,34081.3
2003,3.40518e+07,8.10568e+06,1.95566e+06,1.11165e+06,1.87795e+06,506982,165075,2.41512e+06,145159,111130,35859.9,9823.12,55521.9,395.138,253.172,33535.1
2004,3.41003e+07,8.12259e+06,1.94862e+06,1.10676e+06,1.8734e+06,499054,162800,2.40535e+06,142934,109769,35600,9635.68,55626.7,388.774,242.557,33097.8
2005,3.41372e+07,8.13618e+06,1.94061e+06,1.10125e+06,1.86855e+06,491007,160476,2.39468e+06,140681,108388,35323,9446.21,55709.7,382.316,232.031,32773.7
2006,3.41681e+07,8.14828e+06,1.93193e+06,1.09534e+06,1.86386e+06,482866,158114,2.38338e+06,138393,106982,35034.7,9255.79,55783.6,375.808,221.624,32547.2
2007,3.42146e+07,8.16387e+06,1.92381e+06,1.0897e+06,1.861e+06,475100,155838,2.37308e+06,136205,105637,34756.1,9073.29,55876.3,369.607,211.801,32347.3
2008,3.42423e+07,8.17453e+06,1.91439e+06,1.08338e+06,1.85747e+06,467176,153504,2.36155e+06,133981,104244,34458,8889.01,55934.5,363.301,202.117,32138.2
2009,3.42725e+07,8.18514e+06,1.90477e+06,1.07688e+06,1.85456e+06,459396,151196,2.35002e+06,131788,102862,34157.3,8708.81,55993.1,357.142,192.8,32102
2010,3.4309e+07,8.19752e+06,1.89518e+06,1.07026e+06,1.85245e+06,451767,148917,2.33885e+06,129628,101506,33856.9,8531.83,56056.9,351.111,183.828,32592.8
2011,3.43455e+07,8.20972e+06,1.88523e+06,1.06339e+06,1.85072e+06,444107,146619,2.32752e+06,127454,100144,33550.2,8354.35,56122,345.11,175.081,33400.4
2012,3.4359e+07,8.2156e+06,1.87398e+06,1.0557e+06,1.84797e+06,436297,144259,2.31463e+06,125218,98739.9,33221.1,8175.48,56147.7,339.014,166.565,34052.2
2013,3.43747e+07,8.22115e+06,1.86233e+06,1.04787e+06,1.84577e+06,428561,141893,2.3017e+06,123004,97335.9,32887.7,7997.27,56181.3,332.981,158.363,34710.8
2014,3.43856e+07,8.22465e+06,1.85002e+06,1.03976e+06,1.84374e+06,420789,139500,2.28817e+06,120772,95915.4,32543.8,7818.23,56214.5,326.936,150.386,34990.8
2015,3.43752e+07,8.22252e+06,1.83655e+06,1.03095e+06,1.8409e+06,412892,137059,2.27335e+06,118486,94450.5,32182.2,7637.04,56216.2,320.798,142.569,35171.6
2016,3.43645e+07,8.22048e+06,1.82302e+06,1.0221e+06,1.83889e+06,405185,134655,2.25884e+06,116258,93013.7,31821.1,7460.32,56219.2,314.837,135.213,34873.8
2017,3.43316e+07,8.21308e+06,1.80836e+06,1.01273e+06,1.83608e+06,397298,132196,2.24267e+06,113977,91532.9,31443.1,7282.09,56191.4,308.742,128.071,34422
2018,3.42992e+07,8.20542e+06,1.7937e+06,1.00324e+06,1.83403e+06,389575,129769,2.22665e+06,111718,90064.7,31066.1,7107.95,56165.4,302.801,121.338,33987.9
2019,3.42704e+07,8.19799e+06,1.77923e+06,993870,1.83287e+06,382115,127406,2.21106e+06,109534,88633.8,30694.8,6940.74,56142.2,297.105,115.067,33597.6
2020,3.42361e+07,8.18872e+06,1.76445e+06,984217,1.83186e+06,374787,125077,2.1954e+06,107396,87218.9,30322.7,6777.34,56107,291.552,109.209,33338.6
2021,3.41938e+07,8.17767e+06,1.74933e+06,974305,1.83093e+06,367504,122757,2.17916e+06,105264,85804.3,29946.5,6615.2,56060.7,286.014,103.601,33118.2
2022,3.41439e+07,8.16468e+06,1.73373e+06,963968,1.83011e+06,360156,120415,2.16231e+06,103092,84382.6,29562,6452.08,56010.1,280.428,98.2024,33047.2
2023,3.40883e+07,8.14946e+06,1.71767e+06,953388,1.82957e+06,352894,118074,2.14501e+06,100932,82961,29172.7,6291.4,55953.6,274.907,93.1376,33004.5
2024,3.40146e+07,8.1294e+06,1.70109e+06,942374,1.82844e+06,345732,115750,2.12725e+06,98801.7,81531.9,28776.1,6133.1,55860.2,269.453,88.398,33085.6
2025,3.39299e+07,8.10657e+06,1.68384e+06,930870,1.82733e+06,338475,113395,2.10889e+06,96651,80070.3,28369.3,5972.54,55755.5,263.917,83.821,33528.9
2026,3.38453e+07,8.08311e+06,1.6665e+06,919283,1.82681e+06,331462,111087,2.0908e+06,94566.3,78635.2,27965.7,5816.96,55647.3,258.536,79.5684,34047.6
2027,3.37605e+07,8.05895e+06,1.64911e+06,907593,1.82683e+06,324558,108808,2.07271e+06,92526.6,77215.7,27561.4,5664.51,55539,253.248,75.5914,34858.4
2028,3.36715e+07,8.03376e+06,1.63151e+06,895799,1.82698e+06,317866,106578,2.05478e+06,90552.2,75820.7,27161.1,5517.07,55414.5,248.112,71.9082,36210.8
2029,3.35913e+07,8.00927e+06,1.61403e+06,884015,1.82809e+06,311330,104388,2.03771e+06,88613.8,74449.5,26765.1,5373.49,55307.5,243.085,68.4505,38272
2030,3.35211e+07,7.98575e+06,1.59692e+06,872488,1.83013e+06,305082,102274,2.02142e+06,86771.2,73141.5,26378.4,5236.71,55211.6,238.277,65.2879,40486.3
2031,3.34486e+07,7.96167e+06,1.57983e+06,860947,1.8324e+06,298965,100197,2.0052e+06,84955.3,71851,25993.7,5103.44,55110.1,233.584,62.3169,42715.9
2032,3.33702e+07,7.93657e+06,1.56253e+06,849377,1.8348e+06,292892,98135.3,1.98876e+06,83149.9,70559.2,25608.5,4971.71,54998.9,228.956,59.4701,44976.9
