year,rail_nar,rail_sec,rail_main,rail_main_el,rail_hsr,road_dirt,road_gravel,road_paved,road_express,road_motorway
1933,845.5,8415.8,5571.9,0.0,0.0,9377.2,27082.4,2106.6,0.0,0.0
1934,845.5,8310.4,5847.0,0.0,0.0,7840.4,28415.1,2310.7,0.0,0.0
1935,845.5,8310.4,5953.7,0.0,0.0,7584.6,28670.8,2422.4,0.0,0.0
1936,845.5,8295.3,6035.4,0.0,0.0,5436.5,30813.7,2427.7,0.0,0.0
1937,845.5,8295.3,6009.7,25.7,0.0,5166.7,31083.5,2427.7,0.0,0.0
1938,820.3,8320.5,5933.8,101.6,0.0,2916.2,33168.6,2593.1,0.0,0.0
1939,820.3,8320.5,5933.8,101.6,0.0,2529.9,33554.8,2593.1,0.0,0.0
1940,820.3,8147.4,6166.2,101.6,0.0,943.8,34336.3,3397.7,0.0,0.0
1941,820.3,8193.7,6166.2,101.6,0.0,668.1,34612.0,3397.7,0.0,0.0
1942,820.3,8250.6,6254.0,101.6,0.0,37.9,32593.3,6233.3,0.0,0.0
1943,820.3,8359.7,6254.0,101.6,0.0,37.9,32593.3,6233.3,0.0,0.0
1944,820.3,8323.7,6290.0,101.6,0.0,0.0,29680.4,9184.1,0.0,0.0
1945,820.3,8323.7,6290.0,101.6,0.0,0.0,29154.7,9709.8,0.0,0.0
1946,820.3,8259.3,6354.4,101.6,0.0,0.0,25407.4,13457.1,0.0,0.0
1947,820.3,8259.3,6354.4,101.6,0.0,0.0,25147.8,13716.7,144.3,0.0
1948,820.3,8456.2,4525.3,1930.7,0.0,0.0,20926.3,17938.3,228.7,0.0
1949,820.3,8456.2,4217.8,2238.2,0.0,0.0,20675.9,18188.6,228.7,0.0
1950,820.3,8506.6,4073.3,2382.7,0.0,0.0,15717.3,23147.2,228.7,0.0
1951,820.3,8506.6,4073.3,2382.7,0.0,0.0,15458.2,23406.3,567.9,0.0
1952,820.3,8506.6,4038.4,2417.6,0.0,0.0,10479.4,28385.1,567.9,0.0
1953,820.3,8506.6,3884.1,2571.9,0.0,0.0,10203.8,28660.8,567.9,0.0
1954,820.3,8457.8,3750.6,2754.1,0.0,0.0,4490.8,34373.8,567.9,0.0
1955,820.3,8457.8,3750.6,2754.1,0.0,0.0,4490.8,34373.8,567.9,0.0
1956,820.3,8457.8,3575.4,2929.4,0.0,0.0,248.5,38616.0,567.9,0.0
1957,820.3,8266.8,3766.4,2929.4,0.0,0.0,112.8,38751.7,567.9,0.0
1958,820.3,8108.4,3289.4,3613.5,0.0,0.0,25.4,38839.1,567.9,0.0
1959,820.3,8108.4,3098.3,3804.5,0.0,0.0,25.4,38839.1,567.9,0.0
1960,820.3,7959.4,2762.2,4316.5,0.0,0.0,25.4,38839.1,567.9,0.0
1961,820.3,7959.4,2762.2,4316.5,0.0,0.0,25.4,38839.1,567.9,0.0
1962,820.3,7467.3,3087.1,4565.6,0.0,0.0,25.4,38839.1,567.9,0.0
1963,820.3,7368.3,3104.9,4646.8,0.0,0.0,25.4,38839.1,567.9,0.0
1964,779.0,7054.4,3281.8,4851.4,0.0,0.0,0.0,38864.5,567.9,0.0
1965,779.0,6957.3,3270.5,4959.8,0.0,0.0,0.0,38864.5,567.9,0.0
1966,779.0,6406.5,3222.3,5558.8,0.0,0.0,0.0,38864.5,567.9,0.0
1967,779.0,6491.8,3222.3,5558.8,0.0,0.0,0.0,38677.9,754.6,0.0
1968,733.6,6444.0,2858.7,6065.8,0.0,0.0,0.0,38677.9,754.6,0.0
1969,733.6,6444.0,2680.0,6244.5,0.0,0.0,0.0,38677.9,754.6,0.0
1970,733.6,6262.9,2453.5,6744.0,0.0,0.0,0.0,38677.9,754.6,0.0
1971,733.6,6038.0,2579.5,6843.0,0.0,0.0,0.0,38677.9,754.6,0.0
1972,733.6,5733.8,2392.1,7437.0,0.0,0.0,0.0,38677.9,754.6,0.0
1973,733.6,5614.1,2511.8,7437.0,0.0,0.0,0.0,38677.9,754.6,0.0
1974,733.6,5387.5,2388.6,7786.8,0.0,0.0,0.0,38219.6,1212.8,0.0
1975,733.6,5302.5,2248.6,8011.8,0.0,0.0,0.0,38219.6,1212.8,0.0
1976,733.6,5231.6,2026.4,8304.9,0.0,0.0,0.0,38206.6,1225.8,0.0
1977,733.6,5231.6,2026.4,8304.9,0.0,0.0,0.0,38206.6,1225.8,0.0
1978,733.6,5090.2,1998.2,8474.5,0.0,0.0,0.0,37791.9,1640.5,0.0
1979,733.6,5006.1,2082.4,8474.5,0.0,0.0,0.0,37791.9,1640.5,0.0
1980,733.6,4956.6,2004.0,8429.9,172.4,0.0,0.0,36597.6,2834.8,0.0
1981,733.6,4855.1,2105.5,8323.2,279.1,0.0,0.0,36597.6,2834.8,0.0
1982,733.6,4855.1,1824.2,8604.4,279.1,0.0,0.0,36550.3,2563.9,318.2
1983,733.6,4855.1,1603.0,8825.6,279.1,0.0,0.0,36550.3,2232.9,649.2
1984,733.6,4799.4,1625.2,8859.1,279.1,0.0,0.0,36427.2,1855.0,1150.2
1985,733.6,4799.4,1541.1,8943.3,279.1,0.0,0.0,36427.2,1855.0,1150.2
1986,733.6,4799.4,1381.2,9103.2,279.1,0.0,0.0,36427.2,1603.1,1402.2
1987,733.6,4697.1,1483.5,9103.2,279.1,0.0,0.0,36427.2,1603.1,1402.2
1988,733.6,4626.0,1513.8,9111.7,311.4,0.0,0.0,36427.2,1603.1,1402.2
1989,733.6,4626.0,1427.3,9198.2,311.4,0.0,0.0,36427.2,1603.1,1402.2
1990,733.6,4580.5,1417.0,9253.9,311.4,0.0,0.0,36203.6,1826.7,1402.2
1991,733.6,4469.3,1425.9,9356.2,311.4,0.0,0.0,36203.6,1826.7,1402.2
1992,733.6,4423.0,1431.0,9397.5,311.4,0.0,0.0,36059.8,1970.4,1402.2
1993,733.6,4423.0,1234.8,9593.7,311.4,0.0,0.0,36059.8,1970.4,1402.2
1994,733.6,4391.1,943.8,9863.9,364.0,0.0,0.0,35809.0,2176.5,1446.9
1995,733.6,4391.1,943.8,9863.9,364.0,0.0,0.0,35809.0,2176.5,1446.9
1996,733.6,4294.5,918.6,9778.2,571.6,0.0,0.0,35809.0,2126.1,1497.3
1997,733.6,4294.5,918.6,9638.6,711.2,0.0,0.0,35809.0,2126.1,1497.3
1998,666.8,4294.5,844.6,9653.3,770.5,0.0,0.0,35751.2,2183.9,1497.3
1999,666.8,4142.4,996.7,9653.3,770.5,0.0,0.0,35628.1,2307.0,1497.3
2000,666.8,4069.4,1069.7,9530.7,893.1,0.0,0.0,35550.6,2384.5,1497.3
2001,666.8,4049.6,917.6,9682.8,893.1,0.0,0.0,35550.6,2384.5,1497.3
2002,666.8,3975.0,866.6,9721.1,980.3,0.0,0.0,35394.1,2541.0,1497.3
2003,666.8,3847.7,993.9,9721.1,980.3,0.0,0.0,35394.1,2541.0,1497.3
2004,666.8,3797.8,837.5,9888.3,1019.3,0.0,0.0,35371.7,2500.4,1560.3
2005,666.8,3797.8,582.3,10143.6,1019.3,0.0,0.0,35371.7,2500.4,1560.3
2006,666.8,3672.0,612.9,10238.8,1019.3,0.0,0.0,34987.9,2884.2,1560.3
2007,666.8,3672.0,612.9,10238.8,1019.3,0.0,0.0,34987.9,2884.2,1560.3
2008,666.8,3490.4,589.1,10364.7,1019.3,0.0,0.0,34571.9,3300.2,1560.3
2009,666.8,3395.6,683.9,10364.7,1019.3,0.0,0.0,34571.9,3300.2,1560.3
2010,666.8,3295.3,570.1,10527.7,1070.4,0.0,0.0,34018.4,3853.7,1560.3
2011,666.8,3074.2,696.5,10622.5,1070.4,0.0,0.0,34018.4,3853.7,1560.3
2012,666.8,2912.4,758.0,10722.7,1070.4,0.0,0.0,33379.7,4492.4,1560.3
2013,666.8,2912.4,629.9,10850.8,1070.4,0.0,0.0,33379.7,4492.4,1560.3
2014,666.8,2912.4,468.2,10852.1,1230.9,0.0,0.0,33268.6,4444.1,1719.8
2015,666.8,2782.3,585.6,10852.1,1230.9,0.0,0.0,33268.6,4444.1,1719.8
2016,666.8,2738.8,585.6,10575.2,1507.8,0.0,0.0,33268.6,4370.6,1793.2
2017,666.8,2564.4,585.3,10692.6,1507.8,0.0,0.0,33268.6,4370.6,1793.2
2018,666.8,2411.6,638.5,10692.6,1507.8,0.0,0.0,33212.1,4427.0,1793.2
2019,666.8,2411.6,638.5,10692.6,1507.8,0.0,0.0,33212.1,4427.0,1793.2
2020,666.8,2330.3,595.7,10759.1,1507.8,0.0,0.0,33212.1,4427.0,1793.2
2021,666.8,2330.3,595.7,10648.0,1619.0,0.0,0.0,33212.1,4427.0,1793.2
2022,666.8,2330.3,571.9,10671.8,1619.0,0.0,0.0,33212.1,4427.0,1793.2
2023,666.8,2330.3,571.9,10671.8,1619.0,0.0,0.0,33212.1,4427.0,1793.2
2024,666.8,2330.3,571.9,10671.8,1619.0,0.0,0.0,33046.0,4593.2,1793.2
2025,666.8,2330.3,277.3,10864.1,1721.3,0.0,0.0,33046.0,4593.2,1793.2
2026,666.8,2215.4,392.1,10864.1,1721.3,0.0,0.0,32337.8,5288.3,1806.3
2027,666.8,2215.4,392.1,10864.1,1721.3,0.0,0.0,32337.8,5288.3,1806.3
2028,666.8,2056.4,350.5,10902.6,1797.6,0.0,0.0,31946.5,5679.6,1806.3
2029,666.8,2056.4,350.5,10902.6,1797.6,0.0,0.0,31946.5,5679.6,1806.3
2030,666.8,2001.4,332.2,10975.8,1797.6,0.0,0.0,30698.8,6792.3,1941.4
2031,666.8,1963.2,332.2,10975.8,1797.6,0.0,0.0,30577.6,6913.5,1941.4
2032,666.8,1810.0,430.5,10983.3,1845.1,0.0,0.0,30257.2,7211.4,1963.8
