year,from,to,births
1932,pl,uk,2.5749
1932,pl,be,36.571
1932,pl,de,0.77075
1932,pl,lt,162.91
1932,uk,pl,2909.7
1932,uk,ru,1.7297
1932,be,pl,3604.2
1932,be,ru,10.846
1932,be,lt,44.823
1932,pls,pl,2367.7
1932,pls,uk,178.34
1932,pls,be,61.693
1932,pls,ru,12.775
1932,yi,pl,22751
1932,yi,de,106.37
1932,yi,ru,18.107
1932,yi,lt,761.71
1932,de,pl,3682.1
1932,de,lt,106.94
1932,ru,pl,1400.7
1932,ru,lt,250.92
1932,lt,pl,460.37
1932,lt,de,0.74021
1932,csb,pl,1119.5
1932,rue,pl,222.54
1932,rue,uk,9.6894
1932,cs,pl,143.42
1932,cs,uk,82.625
1932,lv,pl,1.3759
1932,lv,lt,68.507
1932,rom,pl,41.378
1932,rom,lt,2.1934
1932,kdr,pl,1.7244
1932,wym,pl,34.474
1932,oth,pl,859.43
1932,oth,lt,69.424
1933,pl,uk,2.6932
1933,pl,be,34.123
1933,pl,de,0.72758
1933,pl,lt,164
1933,uk,pl,3083.6
1933,uk,ru,1.5487
1933,be,pl,3755.6
1933,be,ru,10.21
1933,be,lt,45.012
1933,pls,pl,2512.5
1933,pls,uk,162.14
1933,pls,be,55.457
1933,pls,ru,11.312
1933,yi,pl,22295
1933,yi,de,101.43
1933,yi,ru,16.782
1933,yi,lt,755.3
1933,de,pl,3604.1
1933,de,lt,108.04
1933,ru,pl,1401.1
1933,ru,lt,251.56
1933,lt,pl,469.22
1933,lt,de,0.72352
1933,csb,pl,1136.8
1933,rue,pl,231.82
1933,rue,uk,9.361
1933,cs,pl,151.99
1933,cs,uk,79.572
1933,lv,pl,1.4923
1933,lv,lt,68.771
1933,rom,pl,41.145
1933,rom,lt,2.172
1933,kdr,pl,1.7023
1933,wym,pl,33.69
1933,oth,pl,844.33
1933,oth,lt,68.824
1934,pl,uk,2.7584
1934,pl,be,32.174
1934,pl,de,0.67627
1934,pl,lt,162.53
1934,uk,pl,3200.6
1934,uk,ru,1.398
1934,be,pl,3842
1934,be,ru,9.5689
1934,be,lt,44.523
1934,pls,pl,2596.4
1934,pls,uk,147.8
1934,pls,be,50.073
1934,pls,ru,10.066
1934,yi,pl,21527
1934,yi,de,95.965
1934,yi,ru,15.443
1934,yi,lt,741.71
1934,de,pl,3474.1
1934,de,lt,107.54
1934,ru,pl,1381.2
1934,ru,lt,248.76
1934,lt,pl,471.77
1934,lt,de,0.69868
1934,csb,pl,1128
1934,rue,pl,237.16
1934,rue,uk,8.9965
1934,cs,pl,157.72
1934,cs,uk,75.954
1934,lv,pl,1.586
1934,lv,lt,67.96
1934,rom,pl,40.349
1934,rom,lt,2.1224
1934,kdr,pl,1.6583
1934,wym,pl,32.445
1934,oth,pl,817.17
1934,oth,lt,67.285
1935,pl,uk,2.9473
1935,pl,be,32.013
1935,pl,de,0.66087
1935,pl,lt,170.41
1935,uk,pl,3470.2
1935,uk,ru,1.3475
1935,be,pl,4113.6
1935,be,ru,9.4711
1935,be,lt,46.444
1935,pls,pl,2801.9
1935,pls,uk,143.46
1935,pls,be,48.165
1935,pls,ru,9.5422
1935,yi,pl,21675
1935,yi,de,94.219
1935,yi,ru,14.879
1935,yi,lt,758.69
1935,de,pl,3520.4
1935,de,lt,113.29
1935,ru,pl,1429.9
1935,ru,lt,258.81
1935,lt,pl,498.86
1935,lt,de,0.71485
1935,csb,pl,1173.2
1935,rue,pl,253.74
1935,rue,uk,9.1377
1935,cs,pl,170.92
1935,cs,uk,76.402
1935,lv,pl,1.7599
1935,lv,lt,70.402
1935,rom,pl,41.504
1935,rom,lt,2.204
1935,kdr,pl,1.6953
1935,wym,pl,32.869
1935,oth,pl,829.56
1935,oth,lt,69.228
1936,pl,uk,2.9033
1936,pl,be,29.596
1936,pl,de,0.59918
1936,pl,lt,163.68
1936,uk,pl,3466.6
1936,uk,ru,1.2179
1936,be,pl,4070.3
1936,be,ru,8.7335
1936,be,lt,44.53
1936,pls,pl,2801.1
1936,pls,uk,131.26
1936,pls,be,43.687
1936,pls,ru,8.5268
1936,yi,pl,20376
1936,yi,de,86.957
1936,yi,ru,13.31
1936,yi,lt,723.15
1936,de,pl,3307.8
1936,de,lt,109.26
1936,ru,pl,1370.1
1936,ru,lt,248.34
1936,lt,pl,486.89
1936,lt,de,0.67063
1936,csb,pl,1130.9
1936,rue,pl,250.25
1936,rue,uk,8.6543
1936,cs,pl,170.83
1936,cs,uk,71.583
1936,lv,pl,1.7956
1936,lv,lt,67.323
1936,rom,pl,39.473
1936,rom,lt,2.0904
1936,kdr,pl,1.604
1936,wym,pl,30.756
1936,oth,pl,779.14
1936,oth,lt,65.63
1937,pl,uk,3.003
1937,pl,be,28.932
1937,pl,de,0.57449
1937,pl,lt,165.3
1937,uk,pl,3636.3
1937,uk,ru,1.1731
1937,uk,lt,0.6093
1937,be,pl,4243.7
1937,be,ru,8.538
1937,be,lt,44.948
1937,pls,pl,2952.6
1937,pls,uk,128.19
1937,pls,be,42.308
1937,pls,ru,8.1353
1937,yi,pl,20072
1937,yi,de,84.055
1937,yi,ru,12.519
1937,yi,lt,715.49
1937,de,pl,3283.1
1937,de,lt,110.79
1937,ru,pl,1384.4
1937,ru,lt,251.13
1937,lt,pl,500.49
1937,lt,de,0.66079
1937,csb,pl,1151
1937,rue,pl,260.81
1937,rue,uk,8.6986
1937,cs,pl,179.24
1937,cs,uk,70.876
1937,lv,pl,1.9185
1937,lv,lt,67.724
1937,rom,pl,39.573
1937,rom,lt,2.0864
1937,kdr,pl,1.5981
1937,wym,pl,30.318
1937,oth,pl,771.28
1937,oth,lt,65.583
1938,pl,uk,3.0199
1938,pl,be,27.634
1938,pl,de,0.54048
1938,pl,lt,163.13
1938,uk,pl,3722.4
1938,uk,ru,1.1102
1938,uk,lt,0.7285
1938,be,pl,4328.9
1938,be,ru,8.2024
1938,be,lt,44.373
1938,pls,pl,3047.2
1938,pls,uk,123.58
1938,pls,be,40.442
1938,pls,ru,7.6629
1938,yi,pl,19303
1938,yi,de,79.408
1938,yi,ru,11.58
1938,yi,lt,698.39
1938,de,pl,3200.3
1938,de,lt,110.55
1938,ru,pl,1369.9
1938,ru,lt,248.87
1938,lt,pl,503.15
1938,lt,de,0.64386
1938,csb,pl,1148.3
1938,rue,pl,267.99
1938,rue,uk,8.639
1938,cs,pl,183.31
1938,cs,uk,68.733
1938,lv,pl,1.9964
1938,lv,lt,66.655
1938,rom,pl,38.842
1938,rom,lt,2.0394
1938,kdr,pl,1.5581
1938,wym,pl,29.252
1938,oth,pl,748.77
1938,oth,lt,64.313
1939,pl,uk,3.0234
1939,pl,be,26.241
1939,pl,de,0.50822
1939,pl,lt,160.29
1939,uk,pl,3809.9
1939,uk,ru,1.0575
1939,uk,lt,0.83833
1939,be,pl,4401.2
1939,be,ru,7.8817
1939,be,lt,43.692
1939,pls,pl,3139.7
1939,pls,uk,119.71
1939,pls,be,38.826
1939,pls,ru,7.2463
1939,yi,pl,18551
1939,yi,de,75.103
1939,yi,ru,10.756
1939,yi,lt,692
1939,de,pl,3123.7
1939,de,lt,110
1939,ru,pl,1351.8
1939,ru,lt,246.56
1939,lt,pl,503.16
1939,lt,de,0.62728
1939,csb,pl,1141.4
1939,rue,pl,275.71
1939,rue,uk,8.6446
1939,cs,pl,185.74
1939,cs,uk,66.293
1939,lv,pl,2.0557
1939,lv,lt,65.421
1939,rom,pl,38.041
1939,rom,lt,1.9901
1939,kdr,pl,1.5134
1939,wym,pl,28.094
1939,oth,pl,726.67
1939,oth,lt,63.143
1940,pl,uk,3.0083
1940,pl,be,24.92
1940,pl,lt,158.07
1940,uk,pl,3912
1940,uk,ru,1.0208
1940,uk,lt,0.94541
1940,be,pl,4499
1940,be,ru,7.6357
1940,be,lt,43.234
1940,pls,pl,3257.6
1940,pls,uk,117.32
1940,pls,be,37.718
1940,pls,ru,6.9316
1940,yi,pl,17980
1940,yi,de,71.238
1940,yi,ru,10.102
1940,yi,lt,698.2
1940,de,pl,3079.8
1940,de,lt,110.81
1940,ru,pl,1340.8
1940,ru,lt,246.33
1940,lt,pl,504.72
1940,lt,de,0.61574
1940,csb,pl,1138.5
1940,rue,pl,287.57
1940,rue,uk,8.8146
1940,cs,pl,188.05
1940,cs,uk,64.043
1940,lv,pl,2.1183
1940,lv,lt,64.583
1940,rom,pl,37.405
1940,rom,lt,1.957
1940,kdr,pl,1.4737
1940,wym,pl,27.076
1940,oth,pl,711.06
1940,oth,lt,62.651
1941,pl,uk,3.0605
1941,pl,be,23.782
1941,pl,lt,157.08
1941,uk,pl,4062.8
1941,uk,ru,0.9975
1941,uk,lt,1.0532
1941,be,pl,4643.5
1941,be,ru,7.4887
1941,be,lt,43.247
1941,pls,pl,3422.2
1941,pls,uk,117.11
1941,pls,be,37.3
1941,pls,ru,6.7402
1941,yi,pl,17706
1941,yi,de,69.574
1941,yi,ru,9.5916
1941,yi,lt,710.22
1941,de,pl,3074.3
1941,de,lt,113.84
1941,ru,pl,1342.4
1941,ru,lt,249.33
1941,lt,pl,509
1941,lt,de,0.6151
1941,csb,pl,1137.5
1941,rue,pl,301.13
1941,rue,uk,9.1012
1941,cs,pl,190.58
1941,cs,uk,62.183
1941,lv,pl,2.1989
1941,lv,lt,64.538
1941,rom,pl,37.133
1941,rom,lt,1.945
1941,kdr,pl,1.4484
1941,wym,pl,26.249
1941,oth,pl,705.64
1941,oth,lt,63.149
1942,pl,uk,3.1585
1942,pl,be,23.238
1942,pl,lt,159.92
1942,uk,pl,4311.5
1942,uk,ru,1.0041
1942,uk,lt,1.1881
1942,be,pl,4923.6
1942,be,ru,7.5626
1942,be,lt,44.399
1942,pls,pl,3707.3
1942,pls,uk,121.24
1942,pls,be,38.273
1942,pls,ru,6.788
1942,yi,pl,17944
1942,yi,de,69.462
1942,yi,ru,9.4406
1942,yi,lt,748.33
1942,de,pl,3136.3
1942,de,lt,119.84
1942,ru,pl,1377.7
1942,ru,lt,259.57
1942,lt,pl,525.22
1942,lt,de,0.62486
1942,csb,pl,1155.5
1942,rue,pl,321.93
1942,rue,uk,9.6357
1942,cs,pl,196.8
1942,cs,uk,61.869
1942,lv,pl,2.3209
1942,lv,lt,66.145
1942,rom,pl,37.704
1942,rom,lt,1.9874
1942,kdr,pl,1.4507
1942,wym,pl,26.051
1942,oth,pl,716.16
1942,oth,lt,65.299
1943,pl,uk,3.1657
1943,pl,be,22.132
1943,pl,lt,159.42
1943,uk,pl,4494.9
1943,uk,ru,0.99772
1943,uk,lt,1.3027
1943,be,pl,5135.6
1943,be,ru,7.5206
1943,be,lt,44.717
1943,pls,pl,3952.1
1943,pls,uk,123.76
1943,pls,be,38.73
1943,pls,ru,6.7463
1943,pls,lt,0.53615
1943,yi,pl,17676
1943,yi,de,66.691
1943,yi,ru,9.0219
1943,yi,lt,762.55
1943,de,pl,3136.7
1943,de,lt,122.79
1943,ru,pl,1387.3
1943,ru,lt,265.24
1943,lt,pl,531.82
1943,lt,de,0.61805
1943,csb,pl,1148.3
1943,rue,pl,339.38
1943,rue,uk,10.06
1943,cs,pl,198.63
1943,cs,uk,60.166
1943,lv,pl,2.3952
1943,lv,lt,66.388
1943,rom,pl,37.479
1943,rom,lt,1.9915
1943,kdr,pl,1.4186
1943,wym,pl,25.262
1943,oth,pl,713.2
1943,oth,lt,66.058
1944,pl,uk,3.3382
1944,pl,be,22.233
1944,pl,lt,167.4
1944,uk,pl,4940.5
1944,uk,ru,1.052
1944,uk,lt,1.5028
1944,be,pl,5662.1
1944,be,ru,7.9126
1944,be,lt,47.524
1944,pls,pl,4461.2
1944,pls,uk,134.25
1944,pls,be,41.639
1944,pls,ru,7.1211
1944,pls,lt,0.62013
1944,yi,pl,18196
1944,yi,de,66.801
1944,yi,ru,9.0303
1944,yi,lt,811.63
1944,de,pl,3299.1
1944,de,lt,132.94
1944,ru,pl,1473.8
1944,ru,lt,285.68
1944,lt,pl,567.28
1944,lt,de,0.63495
1944,csb,pl,1199.4
1944,rue,pl,375.76
1944,rue,uk,11.068
1944,cs,pl,211.07
1944,cs,uk,61.755
1944,lv,pl,2.6139
1944,lv,lt,70.311
1944,rom,pl,39.17
1944,rom,lt,2.1024
1944,kdr,pl,1.4579
1944,wym,pl,25.779
1944,oth,pl,747.58
1944,oth,lt,70.511
1945,pl,uk,3.4745
1945,pl,be,22.165
1945,pl,lt,173.8
1945,uk,pl,5384.5
1945,uk,ru,1.1043
1945,uk,lt,1.7169
1945,be,pl,6192.1
1945,be,ru,8.2763
1945,be,lt,50.042
1945,pls,pl,4998.5
1945,pls,uk,145.1
1945,pls,be,44.594
1945,pls,ru,7.4822
1945,pls,lt,0.71317
1945,yi,pl,18466
1945,yi,de,66.153
1945,yi,ru,8.991
1945,yi,lt,855.85
1945,de,pl,3422.8
1945,de,lt,141.15
1945,ru,pl,1551.9
1945,ru,lt,304.15
1945,lt,pl,600.39
1945,lt,de,0.64537
1945,csb,pl,1238.1
1945,rue,pl,410.48
1945,rue,uk,12.041
1945,cs,pl,222.44
1945,cs,uk,63.009
1945,lv,pl,2.8205
1945,lv,lt,73.588
1945,rom,pl,40.56
1945,rom,lt,2.1928
1945,kdr,pl,1.4801
1945,wym,pl,26.025
1945,oth,pl,775.19
1945,oth,lt,74.24
1946,pl,uk,3.7424
1946,pl,be,22.761
1946,pl,lt,185.45
1946,uk,pl,6041.9
1946,uk,ru,1.1987
1946,uk,lt,2.0305
1946,be,pl,6979.5
1946,be,ru,8.9282
1946,be,lt,54.283
1946,pls,pl,5775.1
1946,pls,uk,162.17
1946,pls,be,49.362
1946,pls,ru,8.1246
1946,pls,lt,0.8507
1946,yi,pl,19344
1946,yi,de,67.623
1946,yi,ru,9.1385
1946,yi,lt,919.8
1946,de,pl,3651.8
1946,de,lt,153.67
1946,ru,pl,1685
1946,ru,lt,332.92
1946,lt,pl,655.98
1946,lt,de,0.67592
1946,csb,pl,1317.3
1946,rue,pl,460.89
1946,rue,uk,13.476
1946,cs,pl,242.2
1946,cs,uk,66.5
1946,lv,pl,3.1336
1946,lv,lt,79.204
1946,rom,pl,43.244
1946,rom,lt,2.3452
1946,kdr,pl,1.5448
1946,wym,pl,27.071
1946,oth,pl,826.56
1946,oth,lt,79.443
1947,pl,uk,3.8851
1947,pl,be,22.333
1947,pl,lt,189.17
1947,uk,pl,6500.6
1947,uk,ru,1.2461
1947,uk,lt,2.2979
1947,be,pl,7519.8
1947,be,ru,9.2087
1947,be,lt,56.355
1947,pls,pl,6360.9
1947,pls,uk,173.48
1947,pls,be,52.176
1947,pls,ru,8.4212
1947,pls,lt,0.97371
1947,yi,pl,19348
1947,yi,de,66.352
1947,yi,ru,8.8635
1947,yi,lt,937.48
1947,de,pl,3720.7
1947,de,lt,159.87
1947,ru,pl,1754.2
1947,ru,lt,347.09
1947,lt,pl,686.46
1947,lt,de,0.67489
1947,csb,pl,1342.5
1947,rue,pl,494.2
1947,rue,uk,14.422
1947,cs,pl,253.08
1947,cs,uk,67.519
1947,lv,pl,3.3468
1947,lv,lt,81.635
1947,rom,pl,44.154
1947,rom,lt,2.3996
1947,kdr,pl,1.5413
1947,wym,pl,26.989
1947,oth,pl,842.74
1947,oth,lt,81.19
1948,pl,uk,3.9659
1948,pl,be,21.737
1948,pl,lt,190.03
1948,uk,pl,6880
1948,uk,ru,1.2805
1948,uk,lt,2.5747
1948,be,pl,7997.4
1948,be,ru,9.3601
1948,be,lt,57.579
1948,pls,pl,6910.7
1948,pls,uk,183.31
1948,pls,be,54.568
1948,pls,ru,8.6257
1948,pls,lt,1.1017
1948,yi,pl,19006
1948,yi,de,63.681
1948,yi,ru,8.4439
1948,yi,lt,936.78
1948,de,pl,3729
1948,de,lt,162.88
1948,ru,pl,1806.6
1948,ru,lt,355.48
1948,lt,pl,710.23
1948,lt,de,0.65903
1948,csb,pl,1349.9
1948,rue,pl,519.95
1948,rue,uk,15.139
1948,cs,pl,261.42
1948,cs,uk,67.892
1948,lv,pl,3.5239
1948,lv,lt,82.633
1948,rom,pl,44.379
1948,rom,lt,2.3957
1948,kdr,pl,1.5163
1948,wym,pl,26.576
1948,oth,pl,846.12
1948,oth,lt,81.599
1949,pl,uk,4.3181
1949,pl,be,22.604
1949,pl,lt,203
1949,uk,pl,7744.3
1949,uk,ru,1.3988
1949,uk,lt,3.069
1949,be,pl,9019.8
1949,be,ru,10.102
1949,be,lt,62.602
1949,pls,pl,7969.7
1949,pls,uk,206.2
1949,pls,be,60.74
1949,pls,ru,9.391
1949,pls,lt,1.3292
1949,yi,pl,19762
1949,yi,de,64.048
1949,yi,ru,8.473
1949,yi,lt,974.56
1949,de,pl,3965.3
1949,de,lt,176.03
1949,ru,pl,1979.2
1949,ru,lt,385.87
1949,lt,pl,781.99
1949,lt,de,0.68615
1949,csb,pl,1443.9
1949,rue,pl,578.95
1949,rue,uk,16.866
1949,cs,pl,288.2
1949,cs,uk,73.074
1949,lv,pl,3.9735
1949,lv,lt,89.161
1949,rom,pl,47.405
1949,rom,lt,2.5562
1949,kdr,pl,1.5878
1949,wym,pl,27.831
1949,oth,pl,899.39
1949,oth,lt,86.936
1950,pl,uk,4.505
1950,pl,be,22.374
1950,pl,lt,204.9
1950,uk,pl,8264.5
1950,uk,ru,1.4491
1950,uk,lt,3.4803
1950,be,pl,9629
1950,be,ru,10.317
1950,be,lt,64.411
1950,pls,pl,8699.6
1950,pls,uk,220.32
1950,pls,be,64.207
1950,pls,ru,9.6947
1950,pls,lt,1.5238
1950,yi,pl,19427
1950,yi,de,61.111
1950,yi,ru,8.0813
1950,yi,lt,973.32
1950,de,pl,4004.1
1950,de,lt,180.03
1950,ru,pl,2057
1950,ru,lt,396.83
1950,lt,pl,817.72
1950,lt,de,0.67625
1950,csb,pl,1468.8
1950,rue,pl,608.62
1950,rue,uk,17.766
1950,cs,pl,302.28
1950,cs,uk,75.103
1950,lv,pl,4.2541
1950,lv,lt,90.829
1950,rom,pl,48.211
1950,rom,lt,2.5816
1950,kdr,pl,1.5906
1950,wym,pl,27.606
1950,oth,pl,907.93
1950,oth,lt,87.529
1951,pl,uk,4.8098
1951,pl,be,22.288
1951,pl,lt,207.71
1951,uk,pl,8816.1
1951,uk,ru,1.5031
1951,uk,lt,3.9564
1951,be,pl,10268
1951,be,ru,10.541
1951,be,lt,66.312
1951,pls,pl,9484.7
1951,pls,uk,235.71
1951,pls,be,67.982
1951,pls,ru,10.016
1951,pls,lt,1.7507
1951,yi,pl,19031
1951,yi,de,57.96
1951,yi,ru,7.6946
1951,yi,lt,968.89
1951,de,pl,4030.5
1951,de,lt,182.55
1951,ru,pl,2135.2
1951,ru,lt,406.8
1951,lt,pl,855.94
1951,lt,de,0.6652
1951,csb,pl,1495.9
1951,rue,pl,640.31
1951,rue,uk,18.814
1951,cs,pl,317.34
1951,cs,uk,77.52
1951,lv,pl,4.5299
1951,lv,lt,92.146
1951,rom,pl,49.27
1951,rom,lt,2.6241
1951,kdr,pl,1.593
1951,wym,pl,27.285
1951,oth,pl,912
1951,oth,lt,87.941
1952,pl,uk,5.2545
1952,pl,be,22.163
1952,pl,lt,209.44
1952,uk,pl,9312.3
1952,uk,ru,1.5483
1952,uk,lt,4.4283
1952,be,pl,10855
1952,be,ru,10.673
1952,be,lt,67.693
1952,pls,pl,10244
1952,pls,uk,250.21
1952,pls,be,71.439
1952,pls,ru,10.259
1952,pls,lt,1.9642
1952,yi,pl,18462
1952,yi,de,54.444
1952,yi,ru,7.2109
1952,yi,lt,945.63
1952,de,pl,4025.4
1952,de,lt,183.85
1952,ru,pl,2198.4
1952,ru,lt,410.2
1952,lt,pl,890.13
1952,lt,de,0.6606
1952,csb,pl,1503.8
1952,rue,pl,661.74
1952,rue,uk,19.538
1952,cs,pl,331.1
1952,cs,uk,79.76
1952,lv,pl,4.8109
1952,lv,lt,92.71
1952,rom,pl,50.24
1952,rom,lt,2.6637
1952,kdr,pl,1.5786
1952,wym,pl,26.526
1952,oth,pl,906.88
1952,oth,lt,86.917
1953,pl,uk,5.8293
1953,pl,be,21.913
1953,pl,lt,209.14
1953,uk,pl,9737.7
1953,uk,ru,1.5777
1953,uk,lt,4.9515
1953,be,pl,11323
1953,be,ru,10.659
1953,be,lt,68.398
1953,pls,pl,10930
1953,pls,uk,262.87
1953,pls,be,74.275
1953,pls,ru,10.392
1953,pls,lt,2.2005
1953,yi,pl,17589
1953,yi,de,50.562
1953,yi,ru,6.7118
1953,yi,lt,924.89
1953,de,pl,3964.1
1953,de,lt,184.18
1953,ru,pl,2233.3
1953,ru,lt,410.86
1953,lt,pl,909.56
1953,lt,de,0.64974
1953,csb,pl,1495.4
1953,rue,pl,676.59
1953,rue,uk,20.157
1953,cs,pl,341.63
1953,cs,uk,81.245
1953,lv,pl,5.0459
1953,lv,lt,92.666
1953,rom,pl,51.091
1953,rom,lt,2.6915
1953,kdr,pl,1.5386
1953,wym,pl,25.297
1953,oth,pl,887.33
1953,oth,lt,84.276
1954,pl,uk,6.4785
1954,pl,be,21.411
1954,pl,lt,206.71
1954,uk,pl,10022
1954,uk,ru,1.5788
1954,uk,lt,5.4712
1954,be,pl,11616
1954,be,ru,10.464
1954,be,lt,68.057
1954,pls,pl,11434
1954,pls,uk,270.93
1954,pls,be,75.755
1954,pls,ru,10.317
1954,pls,lt,2.4372
1954,yi,pl,16440
1954,yi,de,46.104
1954,yi,ru,6.0891
1954,yi,lt,876.41
1954,de,pl,3828.9
1954,de,lt,183.37
1954,ru,pl,2228.2
1954,ru,lt,406.8
1954,lt,pl,918.91
1954,lt,de,0.6338
1954,csb,pl,1453.2
1954,rue,pl,675.95
1954,rue,uk,20.163
1954,cs,pl,346.3
1954,cs,uk,81.409
1954,lv,pl,5.2247
1954,lv,lt,91.156
1954,rom,pl,51.445
1954,rom,lt,2.7028
1954,kdr,pl,1.4667
1954,wym,pl,23.464
1954,oth,pl,847.85
1954,oth,lt,81.342
1955,pl,uk,7.3209
1955,pl,be,21.197
1955,pl,lt,206.03
1955,uk,pl,10398
1955,uk,ru,1.5901
1955,uk,lt,6.0465
1955,be,pl,11979
1955,be,ru,10.322
1955,be,lt,68.247
1955,pls,pl,12037
1955,pls,uk,281.17
1955,pls,be,77.823
1955,pls,ru,10.313
1955,pls,lt,2.6945
1955,yi,pl,15413
1955,yi,de,42.111
1955,yi,ru,5.6111
1955,yi,lt,845.43
1955,de,pl,3732.1
1955,de,lt,182.25
1955,ru,pl,2233.1
1955,ru,lt,404.26
1955,lt,pl,937.35
1955,lt,de,0.62924
1955,csb,pl,1427.1
1955,rue,pl,678.53
1955,rue,uk,20.387
1955,cs,pl,353.33
1955,cs,uk,82.255
1955,lv,pl,5.4421
1955,lv,lt,90.163
1955,rom,pl,52.559
1955,rom,lt,2.7494
1955,kdr,pl,1.4093
1955,wym,pl,21.672
1955,oth,pl,815.32
1955,oth,lt,78.685
1956,pl,uk,8.0341
1956,pl,be,20.555
1956,pl,lt,200.8
1956,uk,pl,10532
1956,uk,ru,1.5664
1956,uk,lt,6.4997
1956,be,pl,12081
1956,be,ru,9.9559
1956,be,lt,66.646
1956,pls,pl,12356
1956,pls,uk,284.64
1956,pls,be,77.934
1956,pls,ru,10.052
1956,pls,lt,2.891
1956,yi,pl,14228
1956,yi,de,37.797
1956,yi,ru,5.0565
1956,yi,lt,797.17
1956,de,pl,3560.2
1956,de,lt,177.54
1956,ru,pl,2187
1956,ru,lt,391.3
1956,lt,pl,937.8
1956,lt,de,0.61163
1956,csb,pl,1382.5
1956,rue,pl,670.1
1956,rue,uk,20.267
1956,cs,pl,352.02
1956,cs,uk,81.106
1956,lv,pl,5.559
1956,lv,lt,87.033
1956,rom,pl,52.617
1956,rom,lt,2.7226
1956,kdr,pl,1.333
1956,wym,pl,19.294
1956,oth,pl,763.83
1956,oth,lt,74.663
1957,pl,uk,9.12
1957,pl,be,20.72
1957,pl,lt,203.1
1957,uk,pl,11061
1957,uk,ru,1.5971
1957,uk,lt,7.269
1957,be,pl,12587
1957,be,ru,9.9113
1957,be,lt,67.525
1957,pls,pl,13132
1957,pls,uk,298.32
1957,pls,be,80.811
1957,pls,ru,10.142
1957,pls,lt,3.2326
1957,yi,pl,13501
1957,yi,de,34.689
1957,yi,ru,4.7159
1957,yi,lt,779.6
1957,de,pl,3511.9
1957,de,lt,179.63
1957,ru,pl,2214.4
1957,ru,lt,394.92
1957,lt,pl,967.69
1957,lt,de,0.61669
1957,csb,pl,1391.9
1957,rue,pl,688.83
1957,rue,uk,21.098
1957,cs,pl,362.74
1957,cs,uk,82.833
1957,lv,pl,5.8667
1957,lv,lt,87.137
1957,rom,pl,54.657
1957,rom,lt,2.8168
1957,kdr,pl,1.2999
1957,wym,pl,17.553
1957,oth,pl,739.35
1957,oth,lt,72.908
1958,pl,uk,9.4643
1958,pl,be,19.464
1958,pl,lt,191.72
1958,uk,pl,10833
1958,uk,ru,1.5174
1958,uk,lt,7.5371
1958,be,pl,12253
1958,be,ru,9.2336
1958,be,lt,63.844
1958,pls,pl,12986
1958,pls,uk,290.93
1958,pls,be,77.929
1958,pls,ru,9.518
1958,pls,lt,3.346
1958,yi,pl,12093
1958,yi,de,29.854
1958,yi,ru,4.1357
1958,yi,lt,714.62
1958,de,pl,3240.3
1958,de,lt,169.72
1958,ru,pl,2096.1
1958,ru,lt,372.05
1958,lt,pl,934.76
1958,lt,de,0.58679
1958,csb,pl,1314.3
1958,rue,pl,665.21
1958,rue,uk,20.366
1958,cs,pl,348.6
1958,cs,uk,78.863
1958,lv,pl,5.7807
1958,lv,lt,81.616
1958,rom,pl,52.96
1958,rom,lt,2.7043
1958,kdr,pl,1.1989
1958,wym,pl,14.812
1958,oth,pl,666.95
1958,oth,lt,66.763
1959,pl,uk,10.179
1959,pl,be,19.191
1959,pl,lt,191.12
1959,uk,pl,11090
1959,uk,ru,1.5067
1959,uk,lt,8.165
1959,be,pl,12466
1959,be,ru,8.9916
1959,be,lt,63.592
1959,pls,pl,13442
1959,pls,uk,296.93
1959,pls,be,78.622
1959,pls,ru,9.3458
1959,pls,lt,3.6163
1959,yi,pl,11460
1959,yi,de,27.554
1959,yi,ru,3.8289
1959,yi,lt,692.07
1959,de,pl,3136.8
1959,de,lt,169.38
1959,ru,pl,2078.3
1959,ru,lt,368.38
1959,lt,pl,949.21
1959,lt,de,0.58013
1959,csb,pl,1299.2
1959,rue,pl,674.48
1959,rue,uk,20.819
1959,cs,pl,351.25
1959,cs,uk,78.658
1959,lv,pl,5.9771
1959,lv,lt,80.426
1959,rom,pl,53.772
1959,rom,lt,2.7428
1959,kdr,pl,1.1684
1959,wym,pl,13.068
1959,oth,pl,630.61
1959,oth,lt,64.396
1960,pl,uk,10.438
1960,pl,be,18.228
1960,pl,lt,183.79
1960,uk,pl,10965
1960,uk,ru,1.437
1960,uk,lt,8.4756
1960,be,pl,12213
1960,be,ru,8.4088
1960,be,lt,61.173
1960,pls,pl,13376
1960,pls,uk,291.28
1960,pls,be,76.271
1960,pls,ru,8.8147
1960,pls,lt,3.7523
1960,yi,pl,10528
1960,yi,de,24.666
1960,yi,ru,3.4164
1960,yi,lt,647.17
1960,de,pl,2951.7
1960,de,lt,162.82
1960,ru,pl,1985.7
1960,ru,lt,352.43
1960,lt,pl,928.69
1960,lt,de,0.55554
1960,csb,pl,1240.9
1960,rue,pl,661.19
1960,rue,uk,20.462
1960,cs,pl,341.27
1960,cs,uk,75.568
1960,lv,pl,5.964
1960,lv,lt,76.235
1960,rom,pl,52.825
1960,rom,lt,2.6809
1960,kdr,pl,1.0873
1960,wym,pl,11.17
1960,oth,pl,580.24
1960,oth,lt,60.181
1961,pl,uk,10.664
1961,pl,be,17.379
1961,pl,lt,179.26
1961,uk,pl,10912
1961,uk,ru,1.4005
1961,uk,lt,8.8406
1961,be,pl,12015
1961,be,ru,8.0465
1961,be,lt,59.439
1961,pls,pl,13325
1961,pls,uk,285.98
1961,pls,be,74.046
1961,pls,ru,8.4629
1961,pls,lt,3.899
1961,yi,pl,9729.5
1961,yi,de,22.402
1961,yi,ru,3.1226
1961,yi,lt,610.09
1961,de,pl,2797.9
1961,de,lt,157.6
1961,ru,pl,1911.4
1961,ru,lt,338.3
1961,lt,pl,912.85
1961,lt,de,0.54236
1961,csb,pl,1177.6
1961,csb,lt,0.51954
1961,rue,pl,647.84
1961,rue,uk,20.213
1961,cs,pl,332.85
1961,cs,uk,72.908
1961,lv,pl,5.9923
1961,lv,lt,72.944
1961,rom,pl,51.756
1961,rom,lt,2.6423
1961,kdr,pl,1.0333
1961,wym,pl,9.5607
1961,oth,pl,536.65
1961,oth,lt,56.323
1962,pl,uk,10.926
1962,pl,be,16.776
1962,pl,lt,174.6
1962,uk,pl,10914
1962,uk,ru,1.3743
1962,uk,lt,9.1846
1962,be,pl,11931
1962,be,ru,7.7852
1962,be,lt,57.958
1962,pls,pl,13371
1962,pls,uk,282.65
1962,pls,be,72.455
1962,pls,ru,8.1885
1962,pls,lt,4.0255
1962,yi,pl,9131.6
1962,yi,de,20.62
1962,yi,ru,2.8999
1962,yi,lt,581.1
1962,de,pl,2689.6
1962,de,lt,153.83
1962,ru,pl,1857.9
1962,ru,lt,326.77
1962,lt,pl,910.99
1962,lt,de,0.53214
1962,csb,pl,1143.2
1962,csb,lt,0.53999
1962,rue,pl,636.63
1962,rue,uk,19.927
1962,cs,pl,327
1962,cs,uk,70.806
1962,lv,pl,6.1321
1962,lv,lt,70.367
1962,rom,pl,51.247
1962,rom,lt,2.6082
1962,kdr,pl,0.99067
1962,wym,pl,8.3185
1962,oth,pl,502.63
1962,oth,lt,53.491
1963,pl,uk,11.187
1963,pl,be,16.241
1963,pl,lt,173.05
1963,uk,pl,10970
1963,uk,ru,1.3566
1963,uk,lt,9.6034
1963,be,pl,11883
1963,be,ru,7.5284
1963,be,lt,57.182
1963,pls,pl,13546
1963,pls,uk,280.99
1963,pls,be,71.616
1963,pls,ru,8.0009
1963,pls,lt,4.1937
1963,yi,pl,8715.6
1963,yi,de,19.358
1963,yi,ru,2.7274
1963,yi,lt,557.26
1963,de,pl,2606.7
1963,de,lt,153.11
1963,ru,pl,1818.7
1963,ru,lt,319.32
1963,lt,pl,906.11
1963,lt,de,0.51737
1963,csb,pl,1123.8
1963,csb,lt,0.571
1963,rue,pl,629.53
1963,rue,uk,19.754
1963,cs,pl,325.18
1963,cs,uk,69.599
1963,lv,pl,6.2504
1963,lv,lt,68.697
1963,rom,pl,50.817
1963,rom,lt,2.6232
1963,kdr,pl,0.95925
1963,wym,pl,7.3056
1963,oth,pl,476.03
1963,oth,lt,51.544
1964,pl,uk,11.392
1964,pl,be,15.731
1964,pl,lt,169.31
1964,uk,pl,10991
1964,uk,ru,1.3211
1964,uk,lt,9.9403
1964,be,pl,11749
1964,be,ru,7.2386
1964,be,lt,55.78
1964,pls,pl,13531
1964,pls,uk,276.49
1964,pls,be,69.878
1964,pls,ru,7.7079
1964,pls,lt,4.2941
1964,yi,pl,8357.9
1964,yi,de,18.146
1964,yi,ru,2.5756
1964,yi,lt,534.01
1964,de,pl,2524.7
1964,de,lt,152.53
1964,ru,pl,1766.7
1964,ru,lt,309.72
1964,lt,pl,901.48
1964,lt,de,0.5128
1964,csb,pl,1105.9
1964,csb,lt,0.58759
1964,rue,pl,626.26
1964,rue,uk,19.72
1964,cs,pl,319.45
1964,cs,uk,67.54
1964,lv,pl,6.3355
1964,lv,lt,67.334
1964,rom,pl,50.494
1964,rom,lt,2.5662
1964,kdr,pl,0.92198
1964,wym,pl,6.5524
1964,oth,pl,452.59
1964,oth,lt,49.315
1965,pl,uk,11.59
1965,pl,be,15.252
1965,pl,lt,168.54
1965,uk,pl,10992
1965,uk,ru,1.2869
1965,uk,lt,10.444
1965,be,pl,11627
1965,be,ru,6.9601
1965,be,lt,55.299
1965,pls,pl,13505
1965,pls,uk,271.94
1965,pls,be,68.003
1965,pls,ru,7.4165
1965,pls,lt,4.4755
1965,yi,pl,8078.3
1965,yi,de,17.212
1965,yi,ru,2.4415
1965,yi,lt,518.59
1965,de,pl,2468.2
1965,de,lt,152.52
1965,ru,pl,1722
1965,ru,lt,305.06
1965,lt,pl,897.97
1965,lt,de,0.51297
1965,csb,pl,1080.1
1965,csb,lt,0.61776
1965,rue,pl,623.48
1965,rue,uk,19.753
1965,cs,pl,315.39
1965,cs,uk,65.842
1965,lv,pl,6.4644
1965,lv,lt,65.827
1965,rom,pl,50.101
1965,rom,lt,2.5683
1965,kdr,pl,0.89481
1965,wym,pl,5.9405
1965,oth,pl,432.14
1965,oth,lt,47.921
1966,pl,uk,11.38
1966,pl,be,14.327
1966,pl,lt,162.22
1966,uk,pl,10569
1966,uk,ru,1.2145
1966,uk,lt,10.45
1966,be,pl,11131
1966,be,ru,6.493
1966,be,lt,52.66
1966,pls,pl,13042
1966,pls,uk,258.83
1966,pls,be,64.081
1966,pls,ru,6.9123
1966,pls,lt,4.4247
1966,yi,pl,7584.3
1966,yi,de,15.803
1966,yi,ru,2.2503
1966,yi,lt,490.96
1966,de,pl,2331.1
1966,de,lt,147.04
1966,ru,pl,1624
1966,ru,lt,288.01
1966,lt,pl,872.11
1966,csb,pl,1025.6
1966,csb,lt,0.62664
1966,rue,pl,589.03
1966,rue,uk,18.664
1966,cs,pl,300.86
1966,cs,uk,62.11
1966,lv,pl,6.3213
1966,lv,lt,62.209
1966,rom,pl,48.123
1966,rom,lt,2.4702
1966,kdr,pl,0.84456
1966,wym,pl,5.2855
1966,oth,pl,400.16
1966,oth,lt,44.719
1967,pl,uk,11.751
1967,pl,be,14.135
1967,pl,lt,164.38
1967,uk,pl,10670
1967,uk,ru,1.2017
1967,uk,lt,10.956
1967,be,pl,11145
1967,be,ru,6.3287
1967,be,lt,52.735
1967,pls,pl,13190
1967,pls,uk,258.49
1967,pls,be,63.864
1967,pls,ru,6.7507
1967,pls,lt,4.5742
1967,yi,pl,7471.5
1967,yi,de,15.248
1967,yi,ru,2.1832
1967,yi,lt,487.54
1967,de,pl,2318.3
1967,de,lt,148.23
1967,ru,pl,1608.5
1967,ru,lt,285.63
1967,lt,pl,882.56
1967,lt,de,0.50402
1967,csb,pl,1026.5
1967,csb,lt,0.66558
1967,rue,pl,586.17
1967,rue,uk,18.542
1967,cs,pl,301.6
1967,cs,uk,61.619
1967,lv,pl,6.4868
1967,lv,lt,61.785
1967,rom,pl,48.114
1967,rom,lt,2.491
1967,kdr,pl,0.83051
1967,wym,pl,4.9765
1967,oth,pl,387.8
1967,oth,lt,44.062
1968,pl,uk,12.007
1968,pl,be,13.825
1968,pl,lt,163.93
1968,uk,pl,10670
1968,uk,ru,1.1823
1968,uk,lt,11.492
1968,be,pl,11094
1968,be,ru,6.1442
1968,be,lt,52.425
1968,pls,pl,13207
1968,pls,uk,255.19
1968,pls,be,62.237
1968,pls,ru,6.5226
1968,pls,lt,4.729
1968,yi,pl,7342.9
1968,yi,de,14.738
1968,yi,ru,2.106
1968,yi,lt,481.62
1968,de,pl,2301.7
1968,de,lt,147.52
1968,ru,pl,1582.9
1968,ru,lt,283.33
1968,lt,pl,889.28
1968,csb,pl,1011.6
1968,csb,lt,0.69199
1968,rue,pl,580.72
1968,rue,uk,18.476
1968,cs,pl,299.45
1968,cs,uk,60.42
1968,lv,pl,6.6327
1968,lv,lt,61.165
1968,rom,pl,47.816
1968,rom,lt,2.47
1968,kdr,pl,0.82983
1968,wym,pl,4.7093
1968,oth,pl,374.12
1968,oth,lt,42.845
1969,pl,uk,12.216
1969,pl,be,13.465
1969,pl,lt,165.05
1969,uk,pl,10642
1969,uk,ru,1.1567
1969,uk,lt,11.855
1969,be,pl,10956
1969,be,ru,5.9084
1969,be,lt,52.058
1969,pls,pl,13255
1969,pls,uk,251.33
1969,pls,be,60.625
1969,pls,ru,6.3292
1969,pls,lt,4.8105
1969,yi,pl,7203.8
1969,yi,de,14.191
1969,yi,ru,2.0272
1969,yi,lt,470.76
1969,de,pl,2277.4
1969,de,lt,147.12
1969,ru,pl,1548.1
1969,ru,lt,278.6
1969,lt,pl,891.56
1969,csb,pl,1006.4
1969,csb,lt,0.72622
1969,rue,pl,574.35
1969,rue,uk,18.402
1969,cs,pl,297.01
1969,cs,uk,59.136
1969,lv,pl,6.7339
1969,lv,lt,60.494
1969,rom,pl,47.552
1969,rom,lt,2.4567
1969,kdr,pl,0.8219
1969,wym,pl,4.4816
1969,oth,pl,361.99
1969,oth,lt,41.525
1970,pl,uk,12.397
1970,pl,be,13.149
1970,pl,lt,163.98
1970,uk,pl,10590
1970,uk,ru,1.1286
1970,uk,lt,12.198
1970,be,pl,10866
1970,be,ru,5.7162
1970,be,lt,51.326
1970,pls,pl,13092
1970,pls,uk,245.04
1970,pls,be,58.459
1970,pls,ru,6.0374
1970,pls,lt,4.8802
1970,yi,pl,7052.9
1970,yi,de,13.612
1970,yi,ru,1.9335
1970,yi,lt,452.25
1970,de,pl,2253.8
1970,de,lt,147.47
1970,ru,pl,1517.1
1970,ru,lt,273.74
1970,lt,pl,893.51
1970,csb,pl,994.61
1970,csb,lt,0.75215
1970,rue,pl,563.94
1970,rue,uk,17.965
1970,cs,pl,293.92
1970,cs,uk,57.879
1970,lv,pl,6.8795
1970,lv,lt,60.367
1970,rom,pl,47.117
1970,rom,lt,2.4298
1970,kdr,pl,0.80227
1970,wym,pl,4.3185
1970,oth,pl,348.67
1970,oth,lt,40.113
1971,pl,uk,12.784
1971,pl,be,13.109
1971,pl,lt,167
1971,uk,pl,10721
1971,uk,ru,1.1194
1971,uk,lt,12.869
1971,be,pl,10910
1971,be,ru,5.6023
1971,be,lt,51.891
1971,pls,pl,13177
1971,pls,uk,243.37
1971,pls,be,57.384
1971,pls,ru,5.8701
1971,pls,lt,5.0838
1971,yi,pl,7053.8
1971,yi,de,13.335
1971,yi,ru,1.8857
1971,yi,lt,444.35
1971,de,pl,2268.6
1971,de,lt,148.53
1971,ru,pl,1508.3
1971,ru,lt,274.42
1971,lt,pl,910.63
1971,csb,pl,1005.6
1971,csb,lt,0.79783
1971,rue,pl,563.88
1971,rue,uk,17.982
1971,cs,pl,296.55
1971,cs,uk,57.81
1971,lv,pl,7.1102
1971,lv,lt,60.51
1971,rom,pl,47.568
1971,rom,lt,2.4664
1971,kdr,pl,0.80222
1971,wym,pl,4.2658
1971,oth,pl,341.93
1971,oth,lt,39.451
1972,pl,uk,12.983
1972,pl,be,12.921
1972,pl,lt,167.89
1972,uk,pl,10695
1972,uk,ru,1.097
1972,uk,lt,13.367
1972,be,pl,10890
1972,be,ru,5.4845
1972,be,lt,51.75
1972,pls,pl,12993
1972,pls,uk,237.5
1972,pls,be,55.406
1972,pls,ru,5.5992
1972,pls,lt,5.2174
1972,yi,pl,6968.8
1972,yi,de,12.926
1972,yi,ru,1.8116
1972,yi,lt,427.73
1972,de,pl,2261.3
1972,de,lt,147.63
1972,ru,pl,1489.1
1972,ru,lt,271.41
1972,lt,pl,916.58
1972,csb,pl,990.32
1972,csb,lt,0.82825
1972,rue,pl,557.51
1972,rue,uk,17.725
1972,cs,pl,295.63
1972,cs,uk,57.106
1972,lv,pl,7.2347
1972,lv,lt,59.751
1972,rom,pl,47.13
1972,rom,lt,2.4634
1972,kdr,pl,0.79414
1972,wym,pl,4.1315
1972,oth,pl,331.2
1972,oth,lt,38.591
1973,pl,uk,13.018
1973,pl,be,12.603
1973,pl,lt,165.87
1973,uk,pl,10568
1973,uk,ru,1.065
1973,uk,lt,13.681
1973,be,pl,10714
1973,be,ru,5.271
1973,be,lt,50.868
1973,pls,pl,12788
1973,pls,uk,230.56
1973,pls,be,53.168
1973,pls,ru,5.327
1973,pls,lt,5.2506
1973,yi,pl,6777.3
1973,yi,de,12.326
1973,yi,ru,1.7125
1973,yi,lt,403.8
1973,de,pl,2210.2
1973,de,lt,145.01
1973,ru,pl,1447.7
1973,ru,lt,264.55
1973,lt,pl,912.78
1973,csb,pl,978.94
1973,csb,lt,0.84464
1973,rue,pl,546.03
1973,rue,uk,17.49
1973,cs,pl,290.85
1973,cs,uk,55.65
1973,lv,pl,7.2295
1973,lv,lt,58.473
1973,rom,pl,46.257
1973,rom,lt,2.4138
1973,kdr,pl,0.77504
1973,wym,pl,3.9753
1973,oth,pl,316.72
1973,oth,lt,37.208
1974,pl,uk,13.472
1974,pl,be,12.638
1974,pl,lt,167.67
1974,uk,pl,10791
1974,uk,ru,1.0654
1974,uk,lt,14.45
1974,be,pl,10842
1974,be,ru,5.2209
1974,be,lt,51.28
1974,pls,pl,12947
1974,pls,uk,230.79
1974,pls,be,52.598
1974,pls,ru,5.2172
1974,pls,lt,5.4368
1974,yi,pl,6826.8
1974,yi,de,12.099
1974,yi,ru,1.6756
1974,yi,lt,395.88
1974,de,pl,2225.6
1974,de,lt,145.73
1974,ru,pl,1452
1974,ru,lt,265.35
1974,lt,pl,938.61
1974,csb,pl,994.4
1974,csb,lt,0.88352
1974,rue,pl,547.78
1974,rue,uk,17.52
1974,cs,pl,295.17
1974,cs,uk,55.994
1974,lv,pl,7.4297
1974,lv,lt,58.764
1974,rom,pl,47.053
1974,rom,lt,2.445
1974,kdr,pl,0.78764
1974,wym,pl,3.9339
1974,oth,pl,313.5
1974,oth,lt,36.815
1975,pl,uk,13.905
1975,pl,be,12.626
1975,pl,lt,171.61
1975,uk,pl,10987
1975,uk,ru,1.0609
1975,uk,lt,15.115
1975,be,pl,10946
1975,be,ru,5.1216
1975,be,lt,51.621
1975,pls,pl,13036
1975,pls,uk,230.03
1975,pls,be,51.822
1975,pls,ru,5.0828
1975,pls,lt,5.5829
1975,yi,pl,6820.9
1975,yi,de,11.885
1975,yi,ru,1.6292
1975,yi,lt,387.63
1975,de,pl,2229.1
1975,de,lt,146.23
1975,ru,pl,1450.5
1975,ru,lt,263.57
1975,lt,pl,954.23
1975,lt,de,0.50078
1975,csb,pl,1002.6
1975,csb,lt,0.936
1975,rue,pl,542.46
1975,rue,uk,17.373
1975,cs,pl,299.68
1975,cs,uk,56.45
1975,lv,pl,7.5943
1975,lv,lt,58.195
1975,rom,pl,47.581
1975,rom,lt,2.4863
1975,kdr,pl,0.78834
1975,wym,pl,3.8853
1975,oth,pl,309.06
1975,oth,lt,36.116
1976,pl,uk,14.24
1976,pl,be,12.49
1976,pl,lt,171.69
1976,uk,pl,11061
1976,uk,ru,1.049
1976,uk,lt,15.843
1976,be,pl,10973
1976,be,ru,5.0241
1976,be,lt,51.673
1976,pls,pl,13008
1976,pls,uk,227.78
1976,pls,be,50.774
1976,pls,ru,4.9169
1976,pls,lt,5.7935
1976,yi,pl,6723.8
1976,yi,de,11.525
1976,yi,ru,1.5683
1976,yi,lt,377.65
1976,de,pl,2215
1976,de,lt,145.9
1976,ru,pl,1439.6
1976,ru,lt,264.1
1976,lt,pl,959.84
1976,csb,pl,982.46
1976,csb,lt,0.96478
1976,rue,pl,531.27
1976,rue,uk,17.189
1976,cs,pl,302.84
1976,cs,uk,56.802
1976,lv,pl,7.7055
1976,lv,lt,57.397
1976,rom,pl,47.885
1976,rom,lt,2.4853
1976,kdr,pl,0.77697
1976,wym,pl,3.7891
1976,oth,pl,301.11
1976,oth,lt,35.226
1977,pl,uk,14.419
1977,pl,be,12.237
1977,pl,lt,170.38
1977,uk,pl,11054
1977,uk,ru,1.0281
1977,uk,lt,16.34
1977,be,pl,10860
1977,be,ru,4.8559
1977,be,lt,51.022
1977,pls,pl,12842
1977,pls,uk,223.31
1977,pls,be,49.23
1977,pls,ru,4.7084
1977,pls,lt,5.9138
1977,yi,pl,6574.3
1977,yi,de,11.006
1977,yi,ru,1.4815
1977,yi,lt,357.57
1977,de,pl,2171.9
1977,de,lt,143.39
1977,ru,pl,1412.2
1977,ru,lt,258.3
1977,lt,pl,954.57
1977,csb,pl,951.72
1977,csb,lt,0.98285
1977,rue,pl,518.94
1977,rue,uk,16.686
1977,cs,pl,301.99
1977,cs,uk,56.42
1977,lv,pl,7.7583
1977,lv,lt,56.487
1977,rom,pl,47.546
1977,rom,lt,2.451
1977,kdr,pl,0.7478
1977,wym,pl,3.6311
1977,oth,pl,289.48
1977,oth,lt,33.427
1978,pl,uk,14.849
1978,pl,be,12.223
1978,pl,lt,171.77
1978,uk,pl,11234
1978,uk,ru,1.0261
1978,uk,lt,17.133
1978,be,pl,10941
1978,be,ru,4.769
1978,be,lt,51.307
1978,pls,pl,12952
1978,pls,uk,223.36
1978,pls,be,48.782
1978,pls,ru,4.6083
1978,pls,lt,6.1723
1978,yi,pl,6508.7
1978,yi,de,10.689
1978,yi,ru,1.4243
1978,yi,lt,344.92
1978,de,pl,2150.4
1978,de,lt,141.87
1978,ru,pl,1407
1978,ru,lt,258.03
1978,lt,pl,967.07
1978,csb,pl,932.54
1978,csb,lt,1.0176
1978,rue,pl,510.16
1978,rue,uk,16.334
1978,cs,pl,306.39
1978,cs,uk,57.094
1978,lv,pl,7.8339
1978,lv,lt,55.538
1978,rom,pl,48.211
1978,rom,lt,2.4796
1978,kdr,pl,0.74495
1978,wym,pl,3.5222
1978,oth,pl,282.63
1978,oth,lt,32.612
1979,pl,uk,14.883
1979,pl,be,11.899
1979,pl,lt,170.72
1979,uk,pl,11146
1979,uk,ru,1.0009
1979,uk,lt,17.637
1979,be,pl,10797
1979,be,ru,4.608
1979,be,lt,50.444
1979,pls,pl,12719
1979,pls,uk,217.62
1979,pls,be,47.184
1979,pls,ru,4.3972
1979,pls,lt,6.25
1979,yi,pl,6270
1979,yi,de,10.085
1979,yi,ru,1.3415
1979,yi,lt,327.41
1979,de,pl,2079.7
1979,de,lt,139.32
1979,ru,pl,1372.8
1979,ru,lt,251.82
1979,lt,pl,955.41
1979,csb,pl,901.49
1979,csb,lt,1.0315
1979,rue,pl,493.96
1979,rue,uk,15.646
1979,cs,pl,302.06
1979,cs,uk,56.21
1979,lv,pl,7.7138
1979,lv,lt,53.838
1979,rom,pl,47.67
1979,rom,lt,2.4753
1979,kdr,pl,0.71745
1979,wym,pl,3.3055
1979,oth,pl,269.23
1979,oth,lt,31.124
1980,pl,uk,15.42
1980,pl,be,11.961
1980,pl,lt,174.18
1980,uk,pl,11439
1980,uk,ru,1.0147
1980,uk,lt,18.559
1980,be,pl,11031
1980,be,ru,4.5985
1980,be,lt,50.881
1980,pls,pl,13007
1980,pls,uk,220.76
1980,pls,be,47.394
1980,pls,ru,4.3658
1980,pls,lt,6.489
1980,yi,pl,6289.3
1980,yi,de,9.8906
1980,yi,ru,1.308
1980,yi,lt,319.36
1980,de,pl,2085.5
1980,de,lt,140.5
1980,ru,pl,1385.2
1980,ru,lt,250.79
1980,lt,pl,975.57
1980,csb,pl,906.01
1980,csb,lt,1.0727
1980,rue,pl,492.89
1980,rue,uk,15.411
1980,cs,pl,309.28
1980,cs,uk,57.44
1980,lv,pl,7.9273
1980,lv,lt,54.713
1980,rom,pl,48.863
1980,rom,lt,2.5335
1980,kdr,pl,0.71959
1980,wym,pl,3.1928
1980,oth,pl,265.24
1980,oth,lt,30.437
1981,pl,uk,15.195
1981,pl,be,11.475
1981,pl,lt,168.41
1981,uk,pl,11206
1981,uk,ru,0.98258
1981,uk,lt,18.612
1981,be,pl,10733
1981,be,ru,4.3627
1981,be,lt,48.634
1981,pls,pl,12754
1981,pls,uk,214.51
1981,pls,be,45.548
1981,pls,ru,4.1544
1981,pls,lt,6.419
1981,yi,pl,5964.7
1981,yi,de,9.1798
1981,yi,ru,1.2086
1981,yi,lt,297.83
1981,de,pl,1993.9
1981,de,lt,134.97
1981,ru,pl,1329.7
1981,ru,lt,238.96
1981,lt,pl,954.46
1981,csb,pl,866.14
1981,csb,lt,1.054
1981,rue,pl,473.76
1981,rue,uk,14.861
1981,cs,pl,299.84
1981,cs,uk,55.591
1981,lv,pl,7.7057
1981,lv,lt,52.092
1981,rom,pl,47.984
1981,rom,lt,2.4483
1981,kdr,pl,0.67938
1981,wym,pl,2.9113
1981,oth,pl,249.07
1981,oth,lt,28.413
1982,pl,uk,15.473
1982,pl,be,11.378
1982,pl,lt,167.57
1982,uk,pl,11329
1982,uk,ru,0.9745
1982,uk,lt,19.154
1982,be,pl,10702
1982,be,ru,4.255
1982,be,lt,47.99
1982,pls,pl,12752
1982,pls,uk,213.38
1982,pls,be,44.805
1982,pls,ru,4.0396
1982,pls,lt,6.5439
1982,yi,pl,5850.5
1982,yi,de,8.8094
1982,yi,ru,1.1515
1982,yi,lt,283.73
1982,de,pl,1958.3
1982,de,lt,132.15
1982,ru,pl,1312
1982,ru,lt,233.17
1982,lt,pl,957.58
1982,csb,pl,843.1
1982,csb,lt,1.0671
1982,rue,pl,464.89
1982,rue,uk,14.653
1982,cs,pl,300.28
1982,cs,uk,55.674
1982,lv,pl,7.7082
1982,lv,lt,50.651
1982,rom,pl,48.438
1982,rom,lt,2.4581
1982,kdr,pl,0.66381
1982,wym,pl,2.7333
1982,oth,pl,239.49
1982,oth,lt,27.078
1983,pl,uk,15.46
1983,pl,be,11.095
1983,pl,lt,166.21
1983,uk,pl,11384
1983,uk,ru,0.9687
1983,uk,lt,19.481
1983,be,pl,10670
1983,be,ru,4.1462
1983,be,lt,46.855
1983,pls,pl,12776
1983,pls,uk,212.13
1983,pls,be,43.946
1983,pls,ru,3.9252
1983,pls,lt,6.5634
1983,yi,pl,5697.9
1983,yi,de,8.3576
1983,yi,ru,1.0867
1983,yi,lt,266.41
1983,de,pl,1917.6
1983,de,lt,129.45
1983,ru,pl,1292
1983,ru,lt,225.44
1983,lt,pl,947.23
1983,csb,pl,816.49
1983,csb,lt,1.0701
1983,rue,pl,457.77
1983,rue,uk,14.45
1983,cs,pl,296.7
1983,cs,uk,54.861
1983,lv,pl,7.632
1983,lv,lt,48.714
1983,rom,pl,48.096
1983,rom,lt,2.4372
1983,kdr,pl,0.63846
1983,wym,pl,2.54
1983,oth,pl,228.62
1983,oth,lt,25.935
1984,pl,uk,15.562
1984,pl,be,10.921
1984,pl,lt,167
1984,uk,pl,11496
1984,uk,ru,0.96282
1984,uk,lt,20.044
1984,be,pl,10686
1984,be,ru,4.0472
1984,be,lt,46.279
1984,pls,pl,12796
1984,pls,uk,210.82
1984,pls,be,43.116
1984,pls,ru,3.8111
1984,pls,lt,6.6931
1984,yi,pl,5605.3
1984,yi,de,8.0208
1984,yi,ru,1.0373
1984,yi,lt,253.1
1984,de,pl,1892.1
1984,de,lt,129.16
1984,ru,pl,1276.3
1984,ru,lt,220.4
1984,lt,pl,952.18
1984,csb,pl,803.48
1984,csb,lt,1.0869
1984,rue,pl,450.63
1984,rue,uk,14.078
1984,cs,pl,296.05
1984,cs,uk,54.428
1984,lv,pl,7.6426
1984,lv,lt,48.295
1984,rom,pl,48.528
1984,rom,lt,2.4455
1984,kdr,pl,0.6199
1984,wym,pl,2.3583
1984,oth,pl,222.04
1984,oth,lt,25.088
1985,pl,uk,15.204
1985,pl,be,10.474
1985,pl,lt,161.78
1985,uk,pl,11279
1985,uk,ru,0.92767
1985,uk,lt,20.154
1985,be,pl,10392
1985,be,ru,3.8358
1985,be,lt,44.309
1985,pls,pl,12528
1985,pls,uk,204.39
1985,pls,be,41.336
1985,pls,ru,3.6161
1985,pls,lt,6.6388
1985,yi,pl,5372.3
1985,yi,de,7.4994
1985,yi,ru,0.96684
1985,yi,lt,237.17
1985,de,pl,1824.8
1985,de,lt,125.97
1985,ru,pl,1222.2
1985,ru,lt,212.15
1985,lt,pl,933.61
1985,csb,pl,760.09
1985,csb,lt,1.0729
1985,rue,pl,439.61
1985,rue,uk,13.925
1985,cs,pl,286.9
1985,cs,uk,52.451
1985,lv,pl,7.4903
1985,lv,lt,46.803
1985,rom,pl,47.557
1985,rom,lt,2.3769
1985,kdr,pl,0.59317
1985,wym,pl,2.0806
1985,oth,pl,209.36
1985,oth,lt,23.44
1986,pl,uk,15.261
1986,pl,be,10.232
1986,pl,lt,160.63
1986,uk,pl,11277
1986,uk,ru,0.90967
1986,uk,lt,20.649
1986,be,pl,10281
1986,be,ru,3.6888
1986,be,lt,43.522
1986,pls,pl,12411
1986,pls,uk,201.44
1986,pls,be,40.194
1986,pls,ru,3.4753
1986,pls,lt,6.7508
1986,yi,pl,5248.8
1986,yi,de,7.1356
1986,yi,ru,0.91398
1986,yi,lt,224.54
1986,de,pl,1785.6
1986,de,lt,122.58
1986,ru,pl,1191.6
1986,ru,lt,206.12
1986,lt,pl,923.78
1986,csb,pl,731.76
1986,csb,lt,1.0825
1986,rue,pl,431.7
1986,rue,uk,13.714
1986,cs,pl,284.02
1986,cs,uk,51.686
1986,lv,pl,7.4068
1986,lv,lt,45.362
1986,rom,pl,47.412
1986,rom,lt,2.3624
1986,kdr,pl,0.5724
1986,wym,pl,1.9017
1986,oth,pl,200.72
1986,oth,lt,22.409
1987,pl,uk,14.999
1987,pl,be,9.9065
1987,pl,lt,156.58
1987,uk,pl,11138
1987,uk,ru,0.88347
1987,uk,lt,21.231
1987,be,pl,10045
1987,be,ru,3.5178
1987,be,lt,42.518
1987,pls,pl,12198
1987,pls,uk,196.63
1987,pls,be,38.718
1987,pls,ru,3.3151
1987,pls,lt,6.8595
1987,yi,pl,5075.1
1987,yi,de,6.7154
1987,yi,ru,0.86217
1987,yi,lt,213.72
1987,de,pl,1739.8
1987,de,lt,120.12
1987,ru,pl,1148
1987,ru,lt,201.18
1987,lt,pl,909.59
1987,csb,pl,693.3
1987,csb,lt,1.071
1987,rue,pl,415.01
1987,rue,uk,12.969
1987,cs,pl,277.05
1987,cs,uk,50.192
1987,lv,pl,7.2906
1987,lv,lt,43.625
1987,rom,pl,46.875
1987,rom,lt,2.3174
1987,kdr,pl,0.55397
1987,wym,pl,1.7389
1987,oth,pl,191.1
1987,oth,lt,21.325
1988,pl,uk,14.473
1988,pl,be,9.3846
1988,pl,lt,149.85
1988,uk,pl,10754
1988,uk,ru,0.83781
1988,uk,lt,21.074
1988,be,pl,9626.4
1988,be,ru,3.2964
1988,be,lt,40.451
1988,pls,pl,11653
1988,pls,uk,186.54
1988,pls,be,36.354
1988,pls,ru,3.0765
1988,pls,lt,6.7188
1988,yi,pl,4804.7
1988,yi,de,6.2429
1988,yi,ru,0.79137
1988,yi,lt,196.09
1988,de,pl,1650.4
1988,de,lt,115.05
1988,ru,pl,1083.8
1988,ru,lt,190.36
1988,lt,pl,873.45
1988,csb,pl,653.39
1988,csb,lt,1.0395
1988,rue,pl,397.7
1988,rue,uk,12.473
1988,cs,pl,263.51
1988,cs,uk,47.492
1988,lv,pl,6.9513
1988,lv,lt,40.962
1988,rom,pl,45.321
1988,rom,lt,2.2238
1988,kdr,pl,0.52516
1988,wym,pl,1.535
1988,oth,pl,178.71
1988,oth,lt,19.916
1989,pl,uk,14.454
1989,pl,be,9.2395
1989,pl,lt,150.43
1989,uk,pl,10779
1989,uk,ru,0.82222
1989,uk,lt,21.595
1989,be,pl,9557.9
1989,be,ru,3.1832
1989,be,lt,39.841
1989,pls,pl,11523
1989,pls,uk,183.52
1989,pls,be,35.307
1989,pls,ru,2.9502
1989,pls,lt,6.7976
1989,yi,pl,4724.6
1989,yi,de,6.0069
1989,yi,ru,0.75727
1989,yi,lt,190.7
1989,de,pl,1625.9
1989,de,lt,114.56
1989,ru,pl,1058.6
1989,ru,lt,186.94
1989,lt,pl,875.45
1989,csb,pl,638.51
1989,csb,lt,1.0605
1989,rue,pl,389.25
1989,rue,uk,12.083
1989,cs,pl,260.58
1989,cs,uk,46.577
1989,lv,pl,6.8827
1989,lv,lt,40.192
1989,rom,pl,45.531
1989,rom,lt,2.2439
1989,kdr,pl,0.51606
1989,wym,pl,1.4161
1989,oth,pl,173.15
1989,oth,lt,19.346
1990,pl,uk,14.236
1990,pl,be,8.9734
1990,pl,lt,149.15
1990,uk,pl,10605
1990,uk,ru,0.79203
1990,uk,lt,21.9
1990,be,pl,9341.6
1990,be,ru,3.0542
1990,be,lt,38.846
1990,pls,pl,11102
1990,pls,uk,176.74
1990,pls,be,33.554
1990,pls,ru,2.7666
1990,pls,lt,6.8107
1990,yi,pl,4602.8
1990,yi,de,5.7251
1990,yi,ru,0.71908
1990,yi,lt,182.37
1990,de,pl,1584.8
1990,de,lt,113.06
1990,ru,pl,1021
1990,ru,lt,181.01
1990,lt,pl,860.23
1990,csb,pl,615.87
1990,csb,lt,1.0675
1990,rue,pl,377.31
1990,rue,uk,11.583
1990,cs,pl,254.4
1990,cs,uk,45.203
1990,lv,pl,6.774
1990,lv,lt,39.416
1990,rom,pl,44.984
1990,rom,lt,2.2341
1990,kdr,pl,0.50022
1990,wym,pl,1.3046
1990,oth,pl,164.73
1990,oth,lt,18.505
1991,pl,uk,14.311
1991,pl,be,8.8655
1991,pl,lt,149.8
1991,uk,pl,10734
1991,uk,ru,0.7838
1991,uk,lt,22.436
1991,be,pl,9296.4
1991,be,ru,2.967
1991,be,lt,38.376
1991,pls,pl,11051
1991,pls,uk,175.03
1991,pls,be,32.723
1991,pls,ru,2.6712
1991,pls,lt,6.8608
1991,yi,pl,4571.7
1991,yi,de,5.5857
1991,yi,ru,0.69603
1991,yi,lt,177.85
1991,de,pl,1583.4
1991,de,lt,113.17
1991,ru,pl,1004.1
1991,ru,lt,177.78
1991,lt,pl,863.48
1991,csb,pl,606.45
1991,csb,lt,1.0863
1991,rue,pl,375.33
1991,rue,uk,11.573
1991,cs,pl,253.57
1991,cs,uk,44.739
1991,lv,pl,6.7609
1991,lv,lt,38.509
1991,rom,pl,45.698
1991,rom,lt,2.2645
1991,wym,pl,1.2371
1991,oth,pl,161.13
1991,oth,lt,17.851
1992,pl,uk,13.66
1992,pl,be,8.3796
1992,pl,lt,144.1
1992,uk,pl,10368
1992,uk,ru,0.74165
1992,uk,lt,22.032
1992,be,pl,8848.3
1992,be,ru,2.7529
1992,be,lt,36.429
1992,pls,pl,10519
1992,pls,uk,165.89
1992,pls,be,30.452
1992,pls,ru,2.4635
1992,pls,lt,6.6535
1992,yi,pl,4359.5
1992,yi,de,5.1975
1992,yi,ru,0.64323
1992,yi,lt,164.84
1992,de,pl,1508.8
1992,de,lt,108.53
1992,ru,pl,943.62
1992,ru,lt,168.42
1992,lt,pl,827.92
1992,csb,pl,567.6
1992,csb,lt,1.0648
1992,rue,pl,355.86
1992,rue,uk,10.918
1992,cs,pl,241.16
1992,cs,uk,42.208
1992,lv,pl,6.4817
1992,lv,lt,36.691
1992,rom,pl,43.894
1992,rom,lt,2.1831
1992,wym,pl,1.1077
1992,oth,pl,150.8
1992,oth,lt,16.765
1993,pl,uk,13.811
1993,pl,be,8.3407
1993,pl,lt,145.68
1993,uk,pl,10474
1993,uk,ru,0.73503
1993,uk,lt,22.841
1993,be,pl,8834.1
1993,be,ru,2.684
1993,be,lt,36.478
1993,pls,pl,10480
1993,pls,uk,164.08
1993,pls,be,29.682
1993,pls,ru,2.3786
1993,pls,lt,6.7782
1993,yi,pl,4357.5
1993,yi,de,5.0565
1993,yi,ru,0.62153
1993,yi,lt,157.87
1993,de,pl,1504.4
1993,de,lt,108.41
1993,ru,pl,928.57
1993,ru,lt,167.27
1993,lt,pl,833.89
1993,csb,pl,572.32
1993,csb,lt,1.0816
1993,rue,pl,357.83
1993,rue,uk,11.141
1993,cs,pl,239.32
1993,cs,uk,41.564
1993,lv,pl,6.4616
1993,lv,lt,36.562
1993,rom,pl,44.363
1993,rom,lt,2.2006
1993,wym,pl,1.0423
1993,oth,pl,147.66
1993,oth,lt,16.393
1994,pl,uk,13.725
1994,pl,be,8.2
1994,pl,lt,144.71
1994,uk,pl,10408
1994,uk,ru,0.71362
1994,uk,lt,23.02
1994,be,pl,8708.9
1994,be,ru,2.5843
1994,be,lt,35.598
1994,pls,pl,10219
1994,pls,uk,158.59
1994,pls,be,28.406
1994,pls,ru,2.2506
1994,pls,lt,6.7419
1994,yi,pl,4299.3
1994,yi,de,4.881
1994,yi,ru,0.59574
1994,yi,lt,151.16
1994,de,pl,1490.4
1994,de,lt,106.7
1994,ru,pl,898.75
1994,ru,lt,162.42
1994,lt,pl,832.68
1994,csb,pl,567.52
1994,csb,lt,1.0935
1994,rue,pl,351.73
1994,rue,uk,10.937
1994,cs,pl,232.88
1994,cs,uk,40.038
1994,lv,pl,6.4079
1994,lv,lt,35.898
1994,rom,pl,44.429
1994,rom,lt,2.1769
1994,wym,pl,0.97443
1994,oth,pl,143.47
1994,oth,lt,15.729
1995,pl,uk,13.427
1995,pl,be,7.8825
1995,pl,lt,140.88
1995,uk,pl,10159
1995,uk,ru,0.68396
1995,uk,lt,22.879
1995,be,pl,8410.8
1995,be,ru,2.4339
1995,be,lt,34.234
1995,pls,pl,9877.6
1995,pls,uk,152.44
1995,pls,be,26.819
1995,pls,ru,2.1067
1995,pls,lt,6.6196
1995,yi,pl,4180.7
1995,yi,de,4.639
1995,yi,ru,0.56018
1995,yi,lt,140.66
1995,de,pl,1448.4
1995,de,lt,102.57
1995,ru,pl,856.89
1995,ru,lt,156.8
1995,lt,pl,809.3
1995,csb,pl,538.68
1995,csb,lt,1.0781
1995,rue,pl,337.13
1995,rue,uk,10.289
1995,cs,pl,224.95
1995,cs,uk,38.323
1995,lv,pl,6.2173
1995,lv,lt,34.332
1995,rom,pl,43.531
1995,rom,lt,2.1172
1995,wym,pl,0.90627
1995,oth,pl,136.42
1995,oth,lt,14.857
1996,pl,uk,13.437
1996,pl,be,7.7257
1996,pl,lt,139.97
1996,uk,pl,10183
1996,uk,ru,0.66636
1996,uk,lt,23.21
1996,be,pl,8256.9
1996,be,ru,2.3253
1996,be,lt,33.38
1996,pls,pl,9644.7
1996,pls,uk,148.44
1996,pls,be,25.688
1996,pls,ru,1.9966
1996,pls,lt,6.5858
1996,yi,pl,4134.7
1996,yi,de,4.4804
1996,yi,ru,0.53368
1996,yi,lt,134.27
1996,de,pl,1430.1
1996,de,lt,100.66
1996,ru,pl,831.82
1996,ru,lt,152.19
1996,lt,pl,799.8
1996,csb,pl,531.75
1996,csb,lt,1.0896
1996,rue,pl,330.19
1996,rue,uk,10.039
1996,cs,pl,222.58
1996,cs,uk,37.714
1996,lv,pl,6.1645
1996,lv,lt,33.289
1996,rom,pl,43.475
1996,rom,lt,2.1174
1996,wym,pl,0.8622
1996,oth,pl,132.05
1996,oth,lt,14.372
1997,pl,uk,13.159
1997,pl,be,7.4893
1997,pl,lt,136.16
1997,uk,pl,9979.3
1997,uk,ru,0.63782
1997,uk,lt,23.004
1997,be,pl,7992.8
1997,be,ru,2.2035
1997,be,lt,32.042
1997,pls,pl,9249.3
1997,pls,uk,141.42
1997,pls,be,24.198
1997,pls,ru,1.8597
1997,pls,lt,6.4136
1997,yi,pl,4041.3
1997,yi,de,4.2909
1997,yi,ru,0.5054
1997,yi,lt,127.02
1997,de,pl,1388.8
1997,de,lt,98.118
1997,ru,pl,793.59
1997,ru,lt,144.5
1997,lt,pl,781.47
1997,csb,pl,511.67
1997,csb,lt,1.0695
1997,rue,pl,318.64
1997,rue,uk,9.6893
1997,cs,pl,214.55
1997,cs,uk,36.099
1997,lv,pl,5.9773
1997,lv,lt,31.937
1997,rom,pl,42.771
1997,rom,lt,2.0737
1997,wym,pl,0.79106
1997,oth,pl,126.75
1997,oth,lt,13.593
1998,pl,uk,13.265
1998,pl,be,7.4168
1998,pl,lt,136.91
1998,uk,pl,10026
1998,uk,ru,0.62682
1998,uk,lt,23.601
1998,be,pl,7926.4
1998,be,ru,2.1178
1998,be,lt,31.855
1998,pls,pl,9137
1998,pls,uk,138.98
1998,pls,be,23.428
1998,pls,ru,1.7833
1998,pls,lt,6.4868
1998,yi,pl,4051.1
1998,yi,de,4.1985
1998,yi,lt,122.51
1998,de,pl,1383.6
1998,de,lt,97.762
1998,ru,pl,776.66
1998,ru,lt,143.4
1998,lt,pl,779.88
1998,csb,pl,507.24
1998,csb,lt,1.081
1998,rue,pl,316.26
1998,rue,uk,9.6429
1998,cs,pl,212.54
1998,cs,uk,35.549
1998,lv,pl,5.9563
1998,lv,lt,31.671
1998,rom,pl,43.053
1998,rom,lt,2.0832
1998,wym,pl,0.76588
1998,oth,pl,124.46
1998,oth,lt,13.169
1999,pl,uk,13.103
1999,pl,be,7.2801
1999,pl,lt,133.83
1999,uk,pl,9886.5
1999,uk,ru,0.60462
1999,uk,lt,23.628
1999,be,pl,7748.4
1999,be,ru,2.0308
1999,be,lt,30.773
1999,pls,pl,8806.5
1999,pls,uk,133.36
1999,pls,be,22.2
1999,pls,ru,1.6701
1999,pls,lt,6.372
1999,yi,pl,3983.3
1999,yi,de,4.0166
1999,yi,lt,117.3
1999,de,pl,1346.2
1999,de,lt,95.714
1999,ru,pl,748.63
1999,ru,lt,138.07
1999,lt,pl,770.73
1999,csb,pl,492.87
1999,csb,lt,1.0623
1999,rue,pl,308.87
1999,rue,uk,9.4069
1999,cs,pl,206.59
1999,cs,uk,34.316
1999,lv,pl,5.7873
1999,lv,lt,30.569
1999,rom,pl,42.736
1999,rom,lt,2.0326
1999,wym,pl,0.72249
1999,oth,pl,120.05
1999,oth,lt,12.566
2000,pl,uk,12.832
2000,pl,be,7.0311
2000,pl,lt,130.93
2000,uk,pl,9668.6
2000,uk,ru,0.57946
2000,uk,lt,23.465
2000,be,pl,7533.4
2000,be,ru,1.9462
2000,be,lt,29.646
2000,pls,pl,8379.9
2000,pls,uk,126.7
2000,pls,be,20.856
2000,pls,ru,1.5477
2000,pls,lt,6.2204
2000,yi,pl,3897.2
2000,yi,de,3.844
2000,yi,lt,110.12
2000,de,pl,1305.3
2000,de,lt,92.477
2000,ru,pl,717.96
2000,ru,lt,131.9
2000,lt,pl,752.21
2000,csb,pl,474.16
2000,csb,lt,1.0493
2000,rue,pl,300.28
2000,rue,uk,9.1074
2000,cs,pl,199.66
2000,cs,uk,32.987
2000,lv,pl,5.6064
2000,lv,lt,29.197
2000,rom,pl,41.965
2000,rom,lt,1.9996
2000,wym,pl,0.66943
2000,oth,pl,115.29
2000,oth,lt,12.014
2001,pl,uk,13.045
2001,pl,be,7.0951
2001,pl,lt,132.58
2001,uk,pl,9785.2
2001,uk,ru,0.57104
2001,uk,lt,24.146
2001,be,pl,7515.3
2001,be,ru,1.9037
2001,be,lt,29.69
2001,pls,pl,8263.1
2001,pls,uk,124.2
2001,pls,be,20.223
2001,pls,ru,1.4843
2001,pls,lt,6.2987
2001,yi,pl,3959.9
2001,yi,de,3.817
2001,yi,lt,108.24
2001,de,pl,1321.2
2001,de,lt,92.836
2001,ru,pl,706.74
2001,ru,lt,131.69
2001,lt,pl,765.87
2001,csb,pl,470.04
2001,csb,lt,1.0715
2001,rue,pl,299.92
2001,rue,uk,9.1104
2001,cs,pl,199.4
2001,cs,uk,32.727
2001,lv,pl,5.6418
2001,lv,lt,29.002
2001,rom,pl,42.784
2001,rom,lt,2.0259
2001,wym,pl,0.64939
2001,oth,pl,114.99
2001,oth,lt,11.742
2002,pl,uk,13.008
2002,pl,be,7.0482
2002,pl,lt,131.34
2002,uk,pl,9798.7
2002,uk,ru,0.56158
2002,uk,lt,24.344
2002,be,pl,7458.6
2002,be,ru,1.8524
2002,be,lt,29.041
2002,pls,pl,8194.6
2002,pls,uk,122.03
2002,pls,be,19.647
2002,pls,ru,1.4285
2002,pls,lt,6.2563
2002,yi,pl,3965.9
2002,yi,de,3.746
2002,yi,lt,103.72
2002,de,pl,1304.5
2002,de,lt,91.339
2002,ru,pl,691.22
2002,ru,lt,128.34
2002,lt,pl,763.58
2002,csb,pl,464.76
2002,csb,lt,1.0702
2002,rue,pl,294.32
2002,rue,uk,8.9086
2002,cs,pl,195.6
2002,cs,uk,31.874
2002,lv,pl,5.5633
2002,lv,lt,28.456
2002,rom,pl,42.717
2002,rom,lt,2.025
2002,wym,pl,0.61795
2002,oth,pl,112.49
2002,oth,lt,11.451
2003,pl,uk,13.18
2003,pl,be,7.0497
2003,pl,lt,133.57
2003,uk,pl,9926.8
2003,uk,ru,0.55453
2003,uk,lt,25.083
2003,be,pl,7462
2003,be,ru,1.8086
2003,be,lt,29.053
2003,pls,pl,8114.1
2003,pls,uk,120.64
2003,pls,be,19.138
2003,pls,ru,1.3751
2003,pls,lt,6.3547
2003,yi,pl,4015.1
2003,yi,de,3.7074
2003,yi,lt,101.2
2003,de,pl,1301.4
2003,de,lt,91.392
2003,ru,pl,682.04
2003,ru,lt,127.02
2003,lt,pl,776.81
2003,csb,pl,462.53
2003,csb,lt,1.0923
2003,rue,pl,294.71
2003,rue,uk,8.8727
2003,cs,pl,195.89
2003,cs,uk,31.724
2003,lv,pl,5.5379
2003,lv,lt,27.851
2003,rom,pl,43.723
2003,rom,lt,2.0564
2003,wym,pl,0.60681
2003,oth,pl,111.89
2003,oth,lt,11.257
2004,pl,uk,12.947
2004,pl,be,6.8756
2004,pl,lt,130.33
2004,uk,pl,9795.2
2004,uk,ru,0.53847
2004,uk,lt,25.033
2004,be,pl,7281.5
2004,be,ru,1.7269
2004,be,lt,28.119
2004,pls,pl,7902.8
2004,pls,uk,116.87
2004,pls,be,18.25
2004,pls,ru,1.3005
2004,pls,lt,6.253
2004,yi,pl,3951.9
2004,yi,de,3.5583
2004,yi,lt,94.974
2004,de,pl,1267.7
2004,de,lt,89.361
2004,ru,pl,658.01
2004,ru,lt,122.49
2004,lt,pl,762.5
2004,csb,pl,449.39
2004,csb,lt,1.072
2004,rue,pl,285.83
2004,rue,uk,8.5411
2004,cs,pl,190.28
2004,cs,uk,30.609
2004,lv,pl,5.3773
2004,lv,lt,26.743
2004,rom,pl,43.149
2004,rom,lt,2.0096
2004,wym,pl,0.57202
2004,oth,pl,107.83
2004,oth,lt,10.616
2005,pl,uk,12.915
2005,pl,be,6.8516
2005,pl,lt,130.7
2005,uk,pl,9877.7
2005,uk,ru,0.53293
2005,uk,lt,25.408
2005,be,pl,7236
2005,be,ru,1.6809
2005,be,lt,28.022
2005,pls,pl,7902.5
2005,pls,uk,115.74
2005,pls,be,17.834
2005,pls,ru,1.2625
2005,pls,lt,6.3034
2005,yi,pl,3965.7
2005,yi,de,3.4766
2005,yi,lt,92.858
2005,de,pl,1260
2005,de,lt,88.915
2005,ru,pl,646.27
2005,ru,lt,121.85
2005,lt,pl,761.97
2005,csb,pl,444.1
2005,csb,lt,1.0702
2005,rue,pl,287.17
2005,rue,uk,8.5979
2005,cs,pl,187.2
2005,cs,uk,29.891
2005,lv,pl,5.3089
2005,lv,lt,26.281
2005,rom,pl,43.391
2005,rom,lt,2.0152
2005,wym,pl,0.5488
2005,oth,pl,106.71
2005,oth,lt,10.386
2006,pl,uk,13.125
2006,pl,be,6.8278
2006,pl,lt,131.69
2006,uk,pl,10096
2006,uk,ru,0.53224
2006,uk,lt,26.092
2006,be,pl,7279.7
2006,be,ru,1.6532
2006,be,lt,27.99
2006,pls,pl,7953.6
2006,pls,uk,115.71
2006,pls,be,17.554
2006,pls,ru,1.2319
2006,pls,lt,6.3997
2006,yi,pl,4014.6
2006,yi,de,3.4427
2006,yi,lt,89.955
2006,de,pl,1258.8
2006,de,lt,88.48
2006,ru,pl,641.78
2006,ru,lt,121.08
2006,lt,pl,767.36
2006,csb,pl,447.83
2006,csb,lt,1.0797
2006,rue,pl,289
2006,rue,uk,8.788
2006,cs,pl,186.7
2006,cs,uk,29.654
2006,lv,pl,5.3241
2006,lv,lt,25.842
2006,rom,pl,43.798
2006,rom,lt,2.0219
2006,wym,pl,0.53054
2006,oth,pl,106.64
2006,oth,lt,10.187
2007,pl,uk,12.75
2007,pl,be,6.5588
2007,pl,lt,127.19
2007,uk,pl,9834.9
2007,uk,ru,0.50685
2007,uk,lt,25.472
2007,be,pl,6958.7
2007,be,ru,1.5454
2007,be,lt,26.56
2007,pls,pl,7618.6
2007,pls,uk,110.52
2007,pls,be,16.434
2007,pls,ru,1.1444
2007,pls,lt,6.1724
2007,yi,pl,3889.7
2007,yi,de,3.2574
2007,yi,lt,83.077
2007,de,pl,1212.2
2007,de,lt,84.364
2007,ru,pl,607.59
2007,ru,lt,114.4
2007,lt,pl,742.46
2007,csb,pl,429.65
2007,csb,lt,1.041
2007,rue,pl,276.03
2007,rue,uk,8.2489
2007,cs,pl,179.59
2007,cs,uk,28.368
2007,lv,pl,5.121
2007,lv,lt,24.373
2007,rom,pl,42.579
2007,rom,lt,1.9539
2007,oth,pl,102.1
2007,oth,lt,9.5782
2008,pl,uk,12.683
2008,pl,be,6.4024
2008,pl,lt,124.52
2008,uk,pl,9812.8
2008,uk,lt,25.54
2008,be,pl,6855.2
2008,be,ru,1.4962
2008,be,lt,25.874
2008,pls,pl,7472
2008,pls,uk,108.11
2008,pls,be,15.813
2008,pls,ru,1.0899
2008,pls,lt,6.13
2008,yi,pl,3858.8
2008,yi,de,3.1497
2008,yi,lt,79.3
2008,de,pl,1179.9
2008,de,lt,82.761
2008,ru,pl,592.44
2008,ru,lt,112.06
2008,lt,pl,732.51
2008,csb,pl,418.86
2008,csb,lt,1.0212
2008,rue,pl,269.99
2008,rue,uk,8.0245
2008,cs,pl,177.12
2008,cs,uk,27.914
2008,lv,pl,5.0068
2008,lv,lt,23.67
2008,rom,pl,42.528
2008,rom,lt,1.9341
2008,oth,pl,100.6
2008,oth,lt,9.2617
2009,pl,uk,12.812
2009,pl,be,6.3758
2009,pl,lt,124.34
2009,uk,pl,9993.2
2009,uk,lt,25.764
2009,be,pl,6868.7
2009,be,ru,1.4513
2009,be,lt,25.516
2009,pls,pl,7483.1
2009,pls,uk,107.74
2009,pls,be,15.488
2009,pls,ru,1.0571
2009,pls,lt,6.1119
2009,yi,pl,3877.9
2009,yi,de,3.0972
2009,yi,lt,77.691
2009,de,pl,1166
2009,de,lt,82.508
2009,ru,pl,584.09
2009,ru,lt,109.75
2009,lt,pl,733.99
2009,csb,pl,411.15
2009,csb,lt,1.0186
2009,rue,pl,272.35
2009,rue,uk,8.1378
2009,cs,pl,176.51
2009,cs,uk,27.641
2009,lv,pl,4.9687
2009,lv,lt,23.307
2009,rom,pl,42.871
2009,rom,lt,1.9391
2009,oth,pl,100.52
2009,oth,lt,9.034
2010,pl,uk,12.986
2010,pl,be,6.4037
2010,pl,lt,125.95
2010,uk,pl,10148
2010,uk,lt,26.393
2010,be,pl,6920.4
2010,be,ru,1.4238
2010,be,lt,25.547
2010,pls,pl,7516.2
2010,pls,uk,107.57
2010,pls,be,15.238
2010,pls,ru,1.0297
2010,pls,lt,6.2088
2010,yi,pl,3908.7
2010,yi,de,3.0588
2010,yi,lt,75.205
2010,de,pl,1158.3
2010,de,lt,82.379
2010,ru,pl,579.24
2010,ru,lt,108.62
2010,lt,pl,743.51
2010,csb,pl,404.34
2010,csb,lt,1.0332
2010,rue,pl,269.9
2010,rue,uk,8.0511
2010,cs,pl,176.32
2010,cs,uk,27.448
2010,lv,pl,4.9474
2010,lv,lt,23.086
2010,rom,pl,43.675
2010,rom,lt,1.9512
2010,oth,pl,103.13
2010,oth,lt,8.9586
2011,pl,uk,12.435
2011,pl,be,6.0872
2011,pl,lt,120.39
2011,uk,pl,9823.6
2011,uk,lt,25.677
2011,be,pl,6611.4
2011,be,ru,1.3223
2011,be,lt,24.159
2011,pls,pl,7137.1
2011,pls,uk,101.59
2011,pls,be,14.173
2011,pls,ru,0.94746
2011,pls,lt,5.9592
2011,yi,pl,3745.8
2011,yi,de,2.8618
2011,yi,lt,68.967
2011,de,pl,1100.6
2011,de,lt,77.6
2011,ru,pl,544.4
2011,ru,lt,101.53
2011,lt,pl,712.19
2011,csb,pl,378.91
2011,csb,lt,0.98184
2011,rue,pl,257.48
2011,rue,uk,7.694
2011,cs,pl,167.5
2011,cs,uk,25.889
2011,lv,pl,4.6838
2011,lv,lt,21.459
2011,rom,pl,42.241
2011,rom,lt,1.8692
2011,oth,pl,101.58
2011,oth,lt,8.4535
2012,pl,uk,12.56
2012,pl,be,6.0977
2012,pl,lt,121.58
2012,uk,pl,9961.9
2012,uk,lt,25.917
2012,be,pl,6611.8
2012,be,ru,1.2862
2012,be,lt,23.799
2012,pls,pl,7185.8
2012,pls,uk,101.66
2012,pls,be,13.938
2012,pls,ru,0.9248
2012,pls,lt,5.933
2012,yi,pl,3783
2012,yi,de,2.8228
2012,yi,lt,67.547
2012,de,pl,1106.8
2012,de,lt,77.946
2012,ru,pl,537.66
2012,ru,lt,98.708
2012,lt,pl,721.84
2012,csb,pl,373.92
2012,csb,lt,0.98905
2012,rue,pl,258.68
2012,rue,uk,7.7126
2012,cs,pl,166.54
2012,cs,uk,25.578
2012,lv,pl,4.7059
2012,lv,lt,21.258
2012,rom,pl,43.069
2012,rom,lt,1.9047
2012,oth,pl,105.46
2012,oth,lt,8.5043
2013,pl,uk,12.645
2013,pl,be,6.1274
2013,pl,lt,122.57
2013,uk,pl,10048
2013,uk,lt,26.465
2013,be,pl,6586.5
2013,be,ru,1.2482
2013,be,lt,23.706
2013,pls,pl,7165.8
2013,pls,uk,100.87
2013,pls,be,13.63
2013,pls,ru,0.89571
2013,pls,lt,6.0044
2013,yi,pl,3816.2
2013,yi,de,2.7817
2013,yi,lt,66.104
2013,de,pl,1104.4
2013,de,lt,77.635
2013,ru,pl,527.98
2013,ru,lt,97.729
2013,lt,pl,731.53
2013,csb,pl,371.9
2013,csb,lt,0.9932
2013,rue,pl,256.13
2013,rue,uk,7.5799
2013,cs,pl,165.32
2013,cs,uk,25.245
2013,lv,pl,4.7067
2013,lv,lt,21.113
2013,rom,pl,43.818
2013,rom,lt,1.9137
2013,oth,pl,109.99
2013,oth,lt,8.4655
2014,pl,uk,12.24
2014,pl,be,5.8977
2014,pl,lt,118.76
2014,uk,pl,9737.3
2014,uk,lt,25.768
2014,be,pl,6258
2014,be,ru,1.1669
2014,be,lt,22.604
2014,pls,pl,6795.7
2014,pls,uk,95.47
2014,pls,be,12.669
2014,pls,ru,0.82558
2014,pls,lt,5.7994
2014,yi,pl,3687.3
2014,yi,de,2.629
2014,yi,lt,62.042
2014,de,pl,1042.2
2014,de,lt,73.738
2014,ru,pl,497.05
2014,ru,lt,91.738
2014,lt,pl,708.72
2014,csb,pl,353.59
2014,csb,lt,0.95747
2014,rue,pl,241.29
2014,rue,uk,7.1146
2014,cs,pl,157.7
2014,cs,uk,23.996
2014,lv,pl,4.4579
2014,lv,lt,19.748
2014,rom,pl,42.772
2014,rom,lt,1.8639
2014,oth,pl,108.1
2014,oth,lt,8.0676
2015,pl,uk,12.3
2015,pl,be,5.9058
2015,pl,lt,120.09
2015,uk,pl,9816
2015,uk,lt,26.022
2015,be,pl,6250.4
2015,be,ru,1.14
2015,be,lt,22.255
2015,pls,pl,6733.1
2015,pls,uk,94.473
2015,pls,be,12.31
2015,pls,ru,0.79394
2015,pls,lt,5.7751
2015,yi,pl,3710.2
2015,yi,de,2.5823
2015,yi,lt,59.782
2015,de,pl,1024.7
2015,de,lt,73.032
2015,ru,pl,489.01
2015,ru,lt,89.508
2015,lt,pl,708.99
2015,csb,pl,347.31
2015,csb,lt,0.96358
2015,rue,pl,235.62
2015,rue,uk,6.9834
2015,cs,pl,156.3
2015,cs,uk,23.69
2015,lv,pl,4.3976
2015,lv,lt,19.114
2015,rom,pl,42.976
2015,rom,lt,1.8865
2015,oth,pl,109.59
2015,oth,lt,8.012
2016,pl,uk,12.041
2016,pl,be,5.6433
2016,pl,lt,115.37
2016,uk,pl,9530.4
2016,uk,lt,25.959
2016,be,pl,5986.4
2016,be,ru,1.0704
2016,be,lt,21.553
2016,pls,pl,6452.8
2016,pls,uk,90.307
2016,pls,be,11.58
2016,pls,ru,0.73993
2016,pls,lt,5.7226
2016,yi,pl,3614
2016,yi,de,2.4559
2016,yi,lt,55.952
2016,de,pl,982.99
2016,de,lt,69.466
2016,ru,pl,462.78
2016,ru,lt,85.702
2016,lt,pl,688.63
2016,csb,pl,330.92
2016,csb,lt,0.92206
2016,rue,pl,224.52
2016,rue,uk,6.6049
2016,cs,pl,149.53
2016,cs,uk,22.579
2016,lv,pl,4.2183
2016,lv,lt,18.114
2016,rom,pl,42.158
2016,rom,lt,1.8202
2016,oth,pl,106.43
2016,oth,lt,7.6391
2017,pl,uk,12.161
2017,pl,be,5.5711
2017,pl,lt,114.57
2017,uk,pl,9589.8
2017,uk,lt,26.098
2017,be,pl,5914.9
2017,be,ru,1.0198
2017,be,lt,21.026
2017,pls,pl,6268.6
2017,pls,uk,87.884
2017,pls,be,11.112
2017,pls,ru,0.6999
2017,pls,lt,5.6827
2017,yi,pl,3623.3
2017,yi,de,2.4049
2017,yi,lt,53.86
2017,de,pl,965.76
2017,de,lt,68.77
2017,ru,pl,449.29
2017,ru,lt,82.302
2017,lt,pl,683.72
2017,csb,pl,320.22
2017,csb,lt,0.91504
2017,rue,pl,221.83
2017,rue,uk,6.4775
2017,cs,pl,146.59
2017,cs,uk,22.009
2017,lv,pl,4.151
2017,lv,lt,17.497
2017,rom,pl,42.254
2017,rom,lt,1.8157
2017,oth,pl,105.32
2017,oth,lt,7.4723
2018,pl,uk,12.146
2018,pl,be,5.4609
2018,pl,lt,113.11
2018,uk,pl,9510.7
2018,uk,lt,25.929
2018,be,pl,5805.7
2018,be,ru,0.97296
2018,be,lt,20.396
2018,pls,pl,6146.5
2018,pls,uk,85.654
2018,pls,be,10.715
2018,pls,ru,0.6671
2018,pls,lt,5.592
2018,yi,pl,3612.1
2018,yi,de,2.3454
2018,yi,lt,51.762
2018,de,pl,943.47
2018,de,lt,67.038
2018,ru,pl,433.44
2018,ru,lt,78.769
2018,lt,pl,675.44
2018,csb,pl,307.32
2018,csb,lt,0.89967
2018,rue,pl,212.37
2018,rue,uk,6.1753
2018,cs,pl,141.86
2018,cs,uk,21.202
2018,lv,pl,4.0556
2018,lv,lt,16.946
2018,rom,pl,42.012
2018,rom,lt,1.8042
2018,oth,pl,103.48
2018,oth,lt,7.2689
2019,pl,uk,11.87
2019,pl,be,5.2116
2019,pl,lt,108.66
2019,uk,pl,9218.3
2019,uk,lt,25.168
2019,be,pl,5518.1
2019,be,ru,0.90717
2019,be,lt,19.403
2019,pls,pl,5811.2
2019,pls,uk,81.04
2019,pls,be,10.013
2019,pls,ru,0.61418
2019,pls,lt,5.3808
2019,yi,pl,3505.7
2019,yi,de,2.2277
2019,yi,lt,48.695
2019,de,pl,898.73
2019,de,lt,64.333
2019,ru,pl,406.43
2019,ru,lt,73.931
2019,lt,pl,652.68
2019,csb,pl,290.04
2019,csb,lt,0.85578
2019,rue,pl,200.01
2019,rue,uk,5.8134
2019,cs,pl,134.78
2019,cs,uk,20.073
2019,lv,pl,3.8699
2019,lv,lt,15.968
2019,rom,pl,41.041
2019,rom,lt,1.7483
2019,oth,pl,99.907
2019,oth,lt,6.87
2020,pl,uk,11.778
2020,pl,be,5.1284
2020,pl,lt,106.7
2020,uk,pl,9092.3
2020,uk,lt,25.084
2020,be,pl,5359.4
2020,be,ru,0.86432
2020,be,lt,18.886
2020,pls,pl,5666.6
2020,pls,uk,78.729
2020,pls,be,9.5859
2020,pls,ru,0.58272
2020,pls,lt,5.3196
2020,yi,pl,3479.8
2020,yi,de,2.1676
2020,yi,lt,46.625
2020,de,pl,875.08
2020,de,lt,61.685
2020,ru,pl,390.3
2020,ru,lt,71.362
2020,lt,pl,644.41
2020,csb,pl,278.21
2020,csb,lt,0.82871
2020,rue,pl,191.37
2020,rue,uk,5.4676
2020,cs,pl,131.14
2020,cs,uk,19.482
2020,lv,pl,3.7633
2020,lv,lt,15.294
2020,rom,pl,40.801
2020,rom,lt,1.7196
2020,oth,pl,98.578
2020,oth,lt,6.5966
2021,pl,uk,11.876
2021,pl,be,5.098
2021,pl,lt,106.73
2021,uk,pl,9095.6
2021,uk,lt,25.354
2021,be,pl,5278.5
2021,be,ru,0.83829
2021,be,lt,18.712
2021,pls,pl,5446.9
2021,pls,uk,76.006
2021,pls,be,9.1408
2021,pls,ru,0.54706
2021,pls,lt,5.3395
2021,yi,pl,3513.6
2021,yi,de,2.1372
2021,yi,lt,44.985
2021,de,pl,862.3
2021,de,lt,60.914
2021,ru,pl,378.2
2021,ru,lt,69.956
2021,lt,pl,645.69
2021,csb,pl,268.81
2021,csb,lt,0.81526
2021,rue,pl,188.55
2021,rue,uk,5.3112
2021,cs,pl,128.88
2021,cs,uk,19.088
2021,lv,pl,3.7179
2021,lv,lt,14.916
2021,rom,pl,41.279
2021,rom,lt,1.7227
2021,oth,pl,99.259
2021,oth,lt,6.5418
2022,pl,uk,11.816
2022,pl,be,4.9779
2022,pl,lt,105.43
2022,uk,pl,9015.3
2022,uk,lt,25.484
2022,be,pl,5131.5
2022,be,ru,0.791
2022,be,lt,18.378
2022,pls,pl,5318.7
2022,pls,uk,73.638
2022,pls,be,8.7502
2022,pls,ru,0.5192
2022,pls,lt,5.3204
2022,yi,pl,3511.4
2022,yi,de,2.0847
2022,yi,lt,42.677
2022,de,pl,840.09
2022,de,lt,59.435
2022,ru,pl,362.37
2022,ru,lt,67.728
2022,lt,pl,639.2
2022,csb,pl,261.32
2022,csb,lt,0.79618
2022,rue,pl,181.03
2022,rue,uk,5.1348
2022,cs,pl,124.4
2022,cs,uk,18.337
2022,lv,pl,3.6265
2022,lv,lt,14.324
2022,rom,pl,41.302
2022,rom,lt,1.7088
2022,oth,pl,99.051
2022,oth,lt,6.3347
2023,pl,uk,11.183
2023,pl,be,4.6647
2023,pl,lt,100.48
2023,uk,pl,8494.9
2023,uk,lt,24.2
2023,be,pl,4812.9
2023,be,ru,0.72961
2023,be,lt,17.132
2023,pls,pl,4862.4
2023,pls,uk,67.455
2023,pls,be,7.9407
2023,pls,lt,5.0018
2023,yi,pl,3349.2
2023,yi,de,1.938
2023,yi,lt,39.077
2023,de,pl,784.1
2023,de,lt,56.08
2023,ru,pl,333.18
2023,ru,lt,62.928
2023,lt,pl,601.37
2023,csb,pl,238.8
2023,csb,lt,0.75105
2023,rue,pl,166.5
2023,rue,uk,4.6641
2023,cs,pl,115.73
2023,cs,uk,17.043
2023,lv,pl,3.3986
2023,lv,lt,13.246
2023,rom,pl,39.209
2023,rom,lt,1.638
2023,oth,pl,94.144
2023,oth,lt,5.9121
2024,pl,uk,11.256
2024,pl,be,4.6706
2024,pl,lt,101.5
2024,uk,pl,8529.2
2024,uk,lt,24.359
2024,be,pl,4779.4
2024,be,ru,0.70663
2024,be,lt,16.917
2024,pls,pl,4805.7
2024,pls,uk,66.228
2024,pls,be,7.714
2024,pls,lt,4.9552
2024,yi,pl,3394
2024,yi,de,1.9129
2024,yi,lt,37.891
2024,de,pl,782.75
2024,de,lt,55.639
2024,ru,pl,324.32
2024,ru,lt,61.441
2024,lt,pl,600.79
2024,csb,pl,233.72
2024,csb,lt,0.74892
2024,rue,pl,161.39
2024,rue,uk,4.5522
2024,cs,pl,114.04
2024,cs,uk,16.801
2024,lv,pl,3.3754
2024,lv,lt,12.897
2024,rom,pl,39.348
2024,rom,lt,1.6628
2024,oth,pl,95.732
2024,oth,lt,5.9544
2025,pl,uk,11.145
2025,pl,be,4.5612
2025,pl,lt,99.291
2025,uk,pl,8388.8
2025,uk,lt,24.253
2025,be,pl,4604.1
2025,be,ru,0.66011
2025,be,lt,16.432
2025,pls,pl,4599.9
2025,pls,uk,63.264
2025,pls,be,7.2577
2025,pls,lt,4.8448
2025,yi,pl,3374.1
2025,yi,de,1.8573
2025,yi,lt,36.237
2025,de,pl,756.82
2025,de,lt,53.701
2025,ru,pl,307.32
2025,ru,lt,59.273
2025,lt,pl,591.66
2025,csb,pl,226.01
2025,csb,lt,0.72324
2025,rue,pl,154.13
2025,rue,uk,4.3842
2025,cs,pl,108.72
2025,cs,uk,15.917
2025,lv,pl,3.2627
2025,lv,lt,12.314
2025,rom,pl,38.972
2025,rom,lt,1.6281
2025,oth,pl,97.221
2025,oth,lt,5.87
2026,pl,uk,10.976
2026,pl,be,4.5226
2026,pl,lt,98.372
2026,uk,pl,8326.5
2026,uk,lt,24.222
2026,be,pl,4515
2026,be,ru,0.63052
2026,be,lt,15.999
2026,pls,pl,4450.9
2026,pls,uk,61.233
2026,pls,be,6.9299
2026,pls,lt,4.7639
2026,yi,pl,3399.6
2026,yi,de,1.8251
2026,yi,lt,35.517
2026,de,pl,739.66
2026,de,lt,52.699
2026,ru,pl,296.3
2026,ru,lt,57.214
2026,lt,pl,590.44
2026,csb,pl,221.18
2026,csb,lt,0.70717
2026,rue,pl,150.01
2026,rue,uk,4.2179
2026,cs,pl,106.2
2026,cs,uk,15.53
2026,lv,pl,3.2016
2026,lv,lt,12.066
2026,rom,pl,39.138
2026,rom,lt,1.6162
2026,oth,pl,100.12
2026,oth,lt,5.8534
2027,pl,uk,10.408
2027,pl,be,4.2796
2027,pl,lt,94.688
2027,uk,pl,8003.6
2027,uk,lt,23.428
2027,be,pl,4235.1
2027,be,ru,0.57813
2027,be,lt,15.084
2027,pls,pl,4179.3
2027,pls,uk,57.522
2027,pls,be,6.3665
2027,pls,lt,4.5221
2027,yi,pl,3308.3
2027,yi,de,1.7346
2027,yi,lt,33.1
2027,de,pl,697.38
2027,de,lt,50.123
2027,ru,pl,276.2
2027,ru,lt,53.399
2027,lt,pl,563.32
2027,csb,pl,207.67
2027,csb,lt,0.67104
2027,rue,pl,140.74
2027,rue,uk,3.9504
2027,cs,pl,99.218
2027,cs,uk,14.442
2027,lv,pl,3.0029
2027,lv,lt,11.165
2027,rom,pl,37.635
2027,rom,lt,1.5643
2027,oth,pl,100.83
2027,oth,lt,5.6714
2028,pl,uk,10.485
2028,pl,be,4.3361
2028,pl,lt,96.791
2028,uk,pl,8083.4
2028,uk,lt,24.149
2028,be,pl,4215.7
2028,be,ru,0.56412
2028,be,lt,15.159
2028,pls,pl,4146.1
2028,pls,uk,56.563
2028,pls,be,6.1981
2028,pls,lt,4.5773
2028,yi,pl,3396.7
2028,yi,de,1.7402
2028,yi,lt,32.902
2028,de,pl,693.33
2028,de,lt,50.664
2028,ru,pl,270.17
2028,ru,lt,53.652
2028,lt,pl,576.03
2028,csb,pl,207.85
2028,csb,lt,0.68094
2028,rue,pl,139.07
2028,rue,uk,3.8809
2028,cs,pl,97.386
2028,cs,uk,14.061
2028,lv,pl,2.9901
2028,lv,lt,11.069
2028,rom,pl,38.611
2028,rom,lt,1.6078
2028,oth,pl,109.17
2028,oth,lt,5.9638
2029,pl,uk,10.331
2029,pl,be,4.2905
2029,pl,lt,95.976
2029,uk,pl,8006.7
2029,uk,lt,24.359
2029,be,pl,4114.2
2029,be,ru,0.53556
2029,be,lt,14.887
2029,pls,pl,4021.1
2029,pls,uk,54.242
2029,pls,be,5.9421
2029,pls,lt,4.5291
2029,yi,pl,3407.1
2029,yi,de,1.7033
2029,yi,lt,31.954
2029,de,pl,679.39
2029,de,lt,49.325
2029,ru,pl,257.88
2029,ru,lt,51.901
2029,lt,pl,574.75
2029,csb,pl,202.58
2029,csb,lt,0.66595
2029,rue,pl,136.07
2029,rue,uk,3.7738
2029,cs,pl,93.227
2029,cs,uk,13.309
2029,lv,pl,2.9298
2029,lv,lt,10.717
2029,rom,pl,38.729
2029,rom,lt,1.5946
2029,oth,pl,118.04
2029,oth,lt,6.2785
2030,pl,uk,10.131
2030,pl,be,4.2325
2030,pl,lt,94.201
2030,uk,pl,7901
2030,uk,lt,24.292
2030,be,pl,4010.2
2030,be,ru,0.50759
2030,be,lt,14.446
2030,pls,pl,3850.4
2030,pls,uk,52.105
2030,pls,be,5.5954
2030,pls,lt,4.4222
2030,yi,pl,3384.2
2030,yi,de,1.6559
2030,yi,lt,30.769
2030,de,pl,657.32
2030,de,lt,47.243
2030,ru,pl,246.27
2030,ru,lt,49.811
2030,lt,pl,566
2030,csb,pl,193.02
2030,csb,lt,0.64552
2030,rue,pl,130.56
2030,rue,uk,3.6909
2030,cs,pl,89.836
2030,cs,uk,12.738
2030,lv,pl,2.8349
2030,lv,lt,10.163
2030,rom,pl,38.423
2030,rom,lt,1.5655
2030,oth,pl,125.81
2030,oth,lt,6.4167
2031,pl,uk,10.059
2031,pl,be,4.1604
2031,pl,lt,92.828
2031,uk,pl,7790.2
2031,uk,lt,24.35
2031,be,pl,3904.4
2031,be,lt,14.119
2031,pls,pl,3734.3
2031,pls,uk,50.37
2031,pls,be,5.3387
2031,pls,lt,4.342
2031,yi,pl,3378.3
2031,yi,de,1.6149
2031,yi,lt,29.797
2031,de,pl,637.49
2031,de,lt,45.836
2031,ru,pl,235.91
2031,ru,lt,48.306
2031,lt,pl,557.91
2031,csb,pl,184.74
2031,csb,lt,0.62747
2031,rue,pl,126.46
2031,rue,uk,3.5743
2031,cs,pl,86.855
2031,cs,uk,12.296
2031,lv,pl,2.7438
2031,lv,lt,9.7197
2031,rom,pl,38.103
2031,rom,lt,1.539
2031,oth,pl,135.09
2031,oth,lt,6.6475
