year,poles,people,excluded,west,west_poles,west_others,east_poles,east_others,residual,hist_west_poles,hist_west_others,hist_east_poles,hist_east_others,line_lon_lat
1932,18376580,21932440,3417989,18399101,17239912,1159189,1136668,2396670,22521,17265100,911516,1111481,2644344,"25.400,53.612 25.400,53.581 25.450,53.581 25.450,53.550 25.500,53.550 25.500,53.519 25.600,53.519 25.600,53.362 25.650,53.362 25.650,53.331 25.750,53.331 25.750,53.300 25.800,53.300 25.800,53.206 25.700,53.206 25.700,53.144 25.750,53.144 25.750,53.050 25.700,53.050 25.700,52.987 25.750,52.987 25.750,52.956 25.850,52.956 25.850,52.925 25.900,52.925 25.900,52.737 25.750,52.737 25.750,52.769 25.700,52.769 25.700,52.737 25.300,52.737 25.300,52.769 25.200,52.769 25.200,52.800 25.150,52.800 25.150,52.831 25.050,52.831 25.050,52.862 25.000,52.862 25.000,52.894 24.500,52.894 24.500,52.862 24.350,52.862 24.350,52.894 23.850,52.894 23.850,52.800 23.800,52.800 23.800,52.737 23.850,52.737 23.850,52.425 23.750,52.425 23.750,52.394 23.650,52.394 23.650,52.362 23.550,52.362 23.550,52.331 23.450,52.331 23.450,52.300 23.350,52.300 23.350,52.269 23.200,52.269 23.200,52.237 23.250,52.237 23.250,52.206 23.400,52.206 23.400,52.175 23.450,52.175 23.450,52.081 23.500,52.081 23.500,51.987 23.550,51.987 23.550,51.925 23.600,51.925 23.600,51.894 23.650,51.894 23.650,51.862 23.500,51.862 23.500,51.831 23.400,51.831 23.400,51.800 23.250,51.800 23.250,51.769 23.150,51.769 23.150,51.737 23.100,51.737 23.100,51.644 23.050,51.644 23.050,51.519 23.100,51.519 23.100,51.331 23.050,51.331 23.050,51.237 23.100,51.237 23.100,51.206 23.150,51.206 23.150,51.175 23.200,51.175 23.200,51.144 23.250,51.144 23.250,51.081 23.300,51.081 23.300,51.050 23.350,51.050 23.350,51.019 23.400,51.019 23.400,50.987 23.450,50.987 23.450,50.956 23.500,50.956 23.500,50.894 23.550,50.894 23.550,50.737 23.600,50.737 23.600,50.644 23.650,50.644 23.650,50.612 23.700,50.612 23.700,50.581 23.800,50.581 23.800,50.550 23.850,50.550 23.850,50.519 23.900,50.519 23.900,50.456 23.950,50.456 23.950,50.362 23.600,50.362 23.600,50.331 23.500,50.331 23.500,50.300 23.450,50.300 23.450,50.269 23.400,50.269 23.400,50.237 23.350,50.237 23.350,50.175 23.400,50.175 23.400,50.112 23.350,50.112 23.350,50.081 23.300,50.081 23.300,50.050 23.250,50.050 23.250,49.987 23.200,49.987 23.200,50.019 23.150,50.019 23.150,49.987 23.100,49.987 23.100,49.956 23.150,49.956 23.150,49.925 23.200,49.925 23.200,49.894 23.250,49.894 23.250,49.862 23.300,49.862 23.300,49.831 23.350,49.831 23.350,49.800 23.450,49.800 23.450,49.831 23.500,49.831 23.500,49.862 23.550,49.862 23.550,49.894 23.600,49.894 23.600,49.925 23.650,49.925 23.650,49.956 23.750,49.956 23.750,49.925 23.800,49.925 23.800,49.862 23.850,49.862 23.850,49.706 23.900,49.706 23.900,49.550 23.850,49.550 23.850,49.519 23.550,49.519 23.550,49.487 23.400,49.487 23.400,49.456 23.350,49.456 23.350,49.425 23.300,49.425 23.300,49.362 23.250,49.362 23.250,49.331 23.050,49.331 23.050,49.362 22.850,49.362 22.850,49.331 22.800,49.331 22.800,49.362 22.750,49.362 22.750,49.394 22.700,49.394 22.700,49.425 22.650,49.425 22.650,49.456 22.600,49.456 22.600,49.487 22.550,49.487 22.550,49.519 22.400,49.519 22.400,49.487 22.350,49.487 22.350,49.456 22.300,49.456 22.300,49.425 22.250,49.425 22.250,49.394 22.150,49.394 22.150,49.362 22.100,49.362 22.100,49.331 22.050,49.331 22.050,49.300 22.000,49.300"
1935,19160779,22879573,3432107,19210817,17979565,1231252,1181215,2487541,50037,18008586,977415,1152193,2741378,"25.400,53.612 25.400,53.581 25.450,53.581 25.450,53.550 25.500,53.550 25.500,53.519 25.600,53.519 25.600,53.362 25.650,53.362 25.650,53.331 25.750,53.331 25.750,53.300 25.800,53.300 25.800,53.206 25.700,53.206 25.700,53.144 25.750,53.144 25.750,53.050 25.700,53.050 25.700,52.987 25.750,52.987 25.750,52.956 25.850,52.956 25.850,52.925 25.900,52.925 25.900,52.737 25.750,52.737 25.750,52.769 25.700,52.769 25.700,52.737 25.300,52.737 25.300,52.769 25.200,52.769 25.200,52.800 25.150,52.800 25.150,52.831 25.050,52.831 25.050,52.862 25.000,52.862 25.000,52.894 24.500,52.894 24.500,52.862 24.350,52.862 24.350,52.894 23.850,52.894 23.850,52.800 23.800,52.800 23.800,52.737 23.850,52.737 23.850,52.425 23.750,52.425 23.750,52.394 23.650,52.394 23.650,52.362 23.550,52.362 23.550,52.331 23.450,52.331 23.450,52.300 23.350,52.300 23.350,52.269 23.200,52.269 23.200,52.237 23.250,52.237 23.250,52.206 23.400,52.206 23.400,52.175 23.450,52.175 23.450,52.081 23.500,52.081 23.500,51.987 23.550,51.987 23.550,51.925 23.600,51.925 23.600,51.894 23.650,51.894 23.650,51.862 23.500,51.862 23.500,51.831 23.400,51.831 23.400,51.800 23.250,51.800 23.250,51.769 23.150,51.769 23.150,51.737 23.100,51.737 23.100,51.644 23.050,51.644 23.050,51.519 23.100,51.519 23.100,51.331 23.050,51.331 23.050,51.237 23.100,51.237 23.100,51.206 23.150,51.206 23.150,51.175 23.200,51.175 23.200,51.144 23.250,51.144 23.250,51.081 23.300,51.081 23.300,51.050 23.350,51.050 23.350,51.019 23.400,51.019 23.400,50.987 23.450,50.987 23.450,50.956 23.500,50.956 23.500,50.894 23.550,50.894 23.550,50.737 23.600,50.737 23.600,50.644 23.650,50.644 23.650,50.612 23.700,50.612 23.700,50.581 23.800,50.581 23.800,50.550 23.850,50.550 23.850,50.519 23.900,50.519 23.900,50.456 23.950,50.456 23.950,50.362 23.600,50.362 23.600,50.331 23.500,50.331 23.500,50.300 23.450,50.300 23.450,50.269 23.400,50.269 23.400,50.237 23.350,50.237 23.350,50.175 23.400,50.175 23.400,50.112 23.350,50.112 23.350,50.081 23.300,50.081 23.300,50.050 23.250,50.050 23.250,49.987 23.200,49.987 23.200,50.019 23.150,50.019 23.150,49.987 23.100,49.987 23.100,49.956 23.150,49.956 23.150,49.925 23.200,49.925 23.200,49.894 23.250,49.894 23.250,49.862 23.300,49.862 23.300,49.831 23.350,49.831 23.350,49.800 23.450,49.800 23.450,49.831 23.500,49.831 23.500,49.862 23.550,49.862 23.550,49.894 23.600,49.894 23.600,49.925 23.650,49.925 23.650,49.956 23.750,49.956 23.750,49.925 23.800,49.925 23.800,49.862 23.850,49.862 23.850,49.706 23.900,49.706 23.900,49.550 23.850,49.550 23.850,49.519 23.550,49.519 23.550,49.487 23.400,49.487 23.400,49.456 23.350,49.456 23.350,49.425 23.300,49.425 23.300,49.362 23.250,49.362 23.250,49.331 23.050,49.331 23.050,49.362 22.850,49.362 22.850,49.331 22.800,49.331 22.800,49.362 22.750,49.362 22.750,49.394 22.700,49.394 22.700,49.425 22.650,49.425 22.650,49.456 22.600,49.456 22.600,49.487 22.550,49.487 22.550,49.519 22.400,49.519 22.400,49.487 22.350,49.487 22.350,49.456 22.300,49.456 22.300,49.425 22.250,49.425 22.250,49.394 22.150,49.394 22.150,49.362 22.100,49.362 22.100,49.331 22.050,49.331 22.050,49.300 22.000,49.300"
1940,20208666,24160922,3446275,20174429,18925336,1249093,1283330,2703162,-34237,18997073,1082415,1211594,2869840,"24.400,53.331 24.400,53.300 24.850,53.300 24.850,53.331 24.950,53.331 24.950,53.362 25.050,53.362 25.050,53.269 25.000,53.269 25.000,53.175 24.950,53.175 24.950,52.894 24.500,52.894 24.500,52.862 24.350,52.862 24.350,52.894 23.850,52.894 23.850,52.800 23.800,52.800 23.800,52.737 23.850,52.737 23.850,52.425 23.750,52.425 23.750,52.394 23.650,52.394 23.650,52.362 23.550,52.362 23.550,52.331 23.450,52.331 23.450,52.300 23.350,52.300 23.350,52.269 23.200,52.269 23.200,52.237 23.250,52.237 23.250,52.206 23.400,52.206 23.400,52.175 23.450,52.175 23.450,52.081 23.500,52.081 23.500,51.987 23.550,51.987 23.550,51.925 23.600,51.925 23.600,51.894 23.650,51.894 23.650,51.862 23.500,51.862 23.500,51.831 23.400,51.831 23.400,51.800 23.250,51.800 23.250,51.769 23.150,51.769 23.150,51.737 23.100,51.737 23.100,51.644 23.050,51.644 23.050,51.519 23.100,51.519 23.100,51.331 23.050,51.331 23.050,51.237 23.100,51.237 23.100,51.206 23.150,51.206 23.150,51.175 23.200,51.175 23.200,51.144 23.250,51.144 23.250,51.081 23.300,51.081 23.300,51.050 23.350,51.050 23.350,51.019 23.400,51.019 23.400,50.987 23.450,50.987 23.450,50.956 23.500,50.956 23.500,50.894 23.550,50.894 23.550,50.737 23.600,50.737 23.600,50.644 23.650,50.644 23.650,50.612 23.700,50.612 23.700,50.581 23.800,50.581 23.800,50.550 23.850,50.550 23.850,50.519 23.900,50.519 23.900,50.456 23.950,50.456 23.950,50.362 23.600,50.362 23.600,50.331 23.500,50.331 23.500,50.300 23.450,50.300 23.450,50.269 23.400,50.269 23.400,50.237 23.350,50.237 23.350,50.175 23.400,50.175 23.400,50.112 23.350,50.112 23.350,50.081 23.300,50.081 23.300,50.050 23.250,50.050 23.250,49.987 23.200,49.987 23.200,50.019 23.150,50.019 23.150,49.987 23.100,49.987 23.100,49.956 23.150,49.956 23.150,49.925 23.200,49.925 23.200,49.894 23.250,49.894 23.250,49.862 23.300,49.862 23.300,49.831 23.350,49.831 23.350,49.800 23.450,49.800 23.450,49.831 23.500,49.831 23.500,49.862 23.550,49.862 23.550,49.894 23.600,49.894 23.600,49.925 23.650,49.925 23.650,49.956 23.750,49.956 23.750,49.925 23.800,49.925 23.800,49.862 23.850,49.862 23.850,49.706 23.900,49.706 23.900,49.550 23.850,49.550 23.850,49.519 23.550,49.519 23.550,49.487 23.400,49.487 23.400,49.456 23.350,49.456 23.350,49.425 23.300,49.425 23.300,49.362 23.250,49.362 23.250,49.331 23.050,49.331 23.050,49.362 22.850,49.362 22.850,49.331 22.800,49.331 22.800,49.362 22.750,49.362 22.750,49.394 22.700,49.394 22.700,49.425 22.650,49.425 22.650,49.456 22.600,49.456 22.600,49.487 22.550,49.487 22.550,49.519 22.400,49.519 22.400,49.487 22.350,49.487 22.350,49.456 22.300,49.456 22.300,49.425 22.250,49.425 22.250,49.394 22.150,49.394 22.150,49.362 22.100,49.362 22.100,49.331 22.050,49.331 22.050,49.300 22.000,49.300 | 25.150,53.456 25.200,53.456 25.200,53.487 25.150,53.487 | 25.050,53.362 25.050,53.362"
1945,20976262,25116245,3437844,20976373,19635873,1340501,1340389,2799483,112,19716764,1176636,1259498,2963347,"24.400,53.331 24.400,53.300 24.850,53.300 24.850,53.331 24.950,53.331 24.950,53.362 25.050,53.362 25.050,53.269 25.000,53.269 25.000,53.175 24.950,53.175 24.950,52.894 24.500,52.894 24.500,52.862 24.350,52.862 24.350,52.894 23.850,52.894 23.850,52.800 23.800,52.800 23.800,52.737 23.850,52.737 23.850,52.425 23.750,52.425 23.750,52.394 23.650,52.394 23.650,52.362 23.550,52.362 23.550,52.331 23.450,52.331 23.450,52.300 23.350,52.300 23.350,52.269 23.200,52.269 23.200,52.237 23.250,52.237 23.250,52.206 23.400,52.206 23.400,52.175 23.450,52.175 23.450,52.081 23.500,52.081 23.500,51.987 23.550,51.987 23.550,51.925 23.600,51.925 23.600,51.894 23.650,51.894 23.650,51.862 23.500,51.862 23.500,51.831 23.400,51.831 23.400,51.800 23.250,51.800 23.250,51.769 23.150,51.769 23.150,51.737 23.100,51.737 23.100,51.644 23.050,51.644 23.050,51.519 23.100,51.519 23.100,51.331 23.050,51.331 23.050,51.237 23.100,51.237 23.100,51.206 23.150,51.206 23.150,51.175 23.200,51.175 23.200,51.144 23.250,51.144 23.250,51.081 23.300,51.081 23.300,51.050 23.350,51.050 23.350,51.019 23.400,51.019 23.400,50.987 23.450,50.987 23.450,50.956 23.500,50.956 23.500,50.894 23.550,50.894 23.550,50.737 23.600,50.737 23.600,50.644 23.650,50.644 23.650,50.612 23.700,50.612 23.700,50.581 23.800,50.581 23.800,50.550 23.850,50.550 23.850,50.519 23.900,50.519 23.900,50.456 23.950,50.456 23.950,50.362 23.600,50.362 23.600,50.331 23.500,50.331 23.500,50.300 23.450,50.300 23.450,50.269 23.400,50.269 23.400,50.237 23.350,50.237 23.350,50.175 23.400,50.175 23.400,50.112 23.350,50.112 23.350,50.081 23.300,50.081 23.300,50.050 23.250,50.050 23.250,49.987 23.200,49.987 23.200,50.019 23.150,50.019 23.150,49.987 23.100,49.987 23.100,49.956 23.150,49.956 23.150,49.925 23.200,49.925 23.200,49.894 23.250,49.894 23.250,49.862 23.300,49.862 23.300,49.831 23.350,49.831 23.350,49.800 23.450,49.800 23.450,49.831 23.500,49.831 23.500,49.862 23.550,49.862 23.550,49.894 23.600,49.894 23.600,49.925 23.650,49.925 23.650,49.956 23.750,49.956 23.750,49.925 23.800,49.925 23.800,49.862 23.850,49.862 23.850,49.706 23.900,49.706 23.900,49.550 23.850,49.550 23.850,49.519 23.550,49.519 23.550,49.487 23.400,49.487 23.400,49.456 23.350,49.456 23.350,49.425 23.300,49.425 23.300,49.362 23.250,49.362 23.250,49.331 23.050,49.331 23.050,49.362 22.850,49.362 22.850,49.331 22.800,49.331 22.800,49.362 22.750,49.362 22.750,49.394 22.700,49.394 22.700,49.425 22.650,49.425 22.650,49.456 22.600,49.456 22.600,49.487 22.550,49.487 22.550,49.519 22.400,49.519 22.400,49.487 22.350,49.487 22.350,49.456 22.300,49.456 22.300,49.425 22.250,49.425 22.250,49.394 22.150,49.394 22.150,49.362 22.100,49.362 22.100,49.331 22.050,49.331 22.050,49.300 22.000,49.300 | 25.150,53.456 25.200,53.456 25.200,53.487 25.150,53.487 | 25.050,53.362 25.050,53.362"
1950,21746186,26089463,3437445,21763827,20357898,1405929,1388288,2937347,17642,20434265,1275053,1311920,3068224,"24.050,53.394 24.050,53.331 24.000,53.331 24.000,53.269 23.950,53.269 23.950,53.206 23.900,53.206 23.900,53.144 23.850,53.144 23.850,52.925 23.350,52.925 23.350,52.956 22.900,52.956 22.900,52.862 22.800,52.862 22.800,52.831 22.750,52.831 22.750,52.800 22.700,52.800 22.700,52.769 22.650,52.769 22.650,52.737 22.550,52.737 22.550,52.706 22.500,52.706 22.500,52.675 22.450,52.675 22.450,52.612 22.400,52.612 22.400,52.581 22.450,52.581 22.450,52.550 22.500,52.550 22.500,52.456 22.550,52.456 22.550,52.394 22.700,52.394 22.700,52.362 22.950,52.362 22.950,52.331 23.050,52.331 23.050,52.269 23.100,52.269 23.100,52.300 23.150,52.300 23.150,52.269 23.200,52.269 23.200,52.237 23.250,52.237 23.250,52.206 23.400,52.206 23.400,52.175 23.450,52.175 23.450,52.081 23.500,52.081 23.500,51.987 23.550,51.987 23.550,51.925 23.600,51.925 23.600,51.894 23.650,51.894 23.650,51.862 23.500,51.862 23.500,51.831 23.400,51.831 23.400,51.800 23.250,51.800 23.250,51.769 23.150,51.769 23.150,51.737 23.100,51.737 23.100,51.644 23.050,51.644 23.050,51.519 23.100,51.519 23.100,51.331 23.050,51.331 23.050,51.237 23.100,51.237 23.100,51.206 23.150,51.206 23.150,51.175 23.200,51.175 23.200,51.144 23.250,51.144 23.250,51.081 23.300,51.081 23.300,51.050 23.350,51.050 23.350,51.019 23.400,51.019 23.400,50.987 23.450,50.987 23.450,50.956 23.500,50.956 23.500,50.894 23.550,50.894 23.550,50.737 23.600,50.737 23.600,50.644 23.650,50.644 23.650,50.612 23.700,50.612 23.700,50.581 23.800,50.581 23.800,50.550 23.850,50.550 23.850,50.519 23.900,50.519 23.900,50.456 23.950,50.456 23.950,50.362 23.600,50.362 23.600,50.331 23.500,50.331 23.500,50.300 23.450,50.300 23.450,50.269 23.400,50.269 23.400,50.237 23.350,50.237 23.350,50.175 23.300,50.175 23.300,50.112 23.250,50.112 23.250,49.987 23.200,49.987 23.200,50.019 23.150,50.019 23.150,50.081 23.100,50.081 23.100,50.144 23.050,50.144 23.050,50.175 23.000,50.175 23.000,50.206 22.950,50.206 22.950,50.237 22.900,50.237 22.900,50.269 22.850,50.269 22.850,50.300 22.800,50.300 22.800,50.331 22.750,50.331 22.750,50.237 22.800,50.237 22.800,50.175 22.850,50.175 22.850,50.112 22.900,50.112 22.900,50.050 22.950,50.050 22.950,49.987 23.000,49.987 23.000,49.956 22.950,49.956 22.950,49.675 22.500,49.675 22.500,49.519 22.550,49.519 22.550,49.487 22.600,49.487 22.600,49.456 22.650,49.456 22.650,49.425 22.700,49.425 22.700,49.394 22.750,49.394 22.750,49.362 22.800,49.362 22.800,49.331 22.850,49.331 22.850,49.362 23.050,49.362 23.050,49.331 23.250,49.331 23.250,49.362 23.300,49.362 23.300,49.425 23.350,49.425 23.350,49.456 23.400,49.456 23.400,49.487 23.550,49.487 23.550,49.519 23.850,49.519 23.850,49.550 23.900,49.550 23.900,49.706 23.850,49.706 23.850,49.862 23.800,49.862 23.800,49.925 23.900,49.925 23.900,49.956 24.200,49.956 24.200,49.987 24.450,49.987"
1955,22632014,27237209,3452351,22713069,21185691,1527378,1446323,3077817,81055,21255358,1385889,1376656,3219306,"24.050,53.394 24.050,53.331 24.000,53.331 24.000,53.269 23.950,53.269 23.950,53.206 23.900,53.206 23.900,53.144 23.850,53.144 23.850,52.925 23.350,52.925 23.350,52.956 22.900,52.956 22.900,52.862 22.800,52.862 22.800,52.831 22.750,52.831 22.750,52.800 22.700,52.800 22.700,52.769 22.650,52.769 22.650,52.737 22.550,52.737 22.550,52.706 22.500,52.706 22.500,52.675 22.450,52.675 22.450,52.612 22.400,52.612 22.400,52.581 22.450,52.581 22.450,52.550 22.500,52.550 22.500,52.456 22.550,52.456 22.550,52.394 22.700,52.394 22.700,52.362 22.950,52.362 22.950,52.331 23.050,52.331 23.050,52.269 23.100,52.269 23.100,52.300 23.150,52.300 23.150,52.269 23.200,52.269 23.200,52.237 23.250,52.237 23.250,52.206 23.400,52.206 23.400,52.175 23.450,52.175 23.450,52.081 23.500,52.081 23.500,51.987 23.550,51.987 23.550,51.925 23.600,51.925 23.600,51.894 23.650,51.894 23.650,51.862 23.500,51.862 23.500,51.831 23.400,51.831 23.400,51.800 23.250,51.800 23.250,51.769 23.150,51.769 23.150,51.737 23.100,51.737 23.100,51.644 23.050,51.644 23.050,51.519 23.100,51.519 23.100,51.331 23.050,51.331 23.050,51.237 23.100,51.237 23.100,51.206 23.150,51.206 23.150,51.175 23.200,51.175 23.200,51.144 23.250,51.144 23.250,51.081 23.300,51.081 23.300,51.050 23.350,51.050 23.350,51.019 23.400,51.019 23.400,50.987 23.450,50.987 23.450,50.956 23.500,50.956 23.500,50.894 23.550,50.894 23.550,50.737 23.600,50.737 23.600,50.644 23.650,50.644 23.650,50.612 23.700,50.612 23.700,50.581 23.800,50.581 23.800,50.550 23.850,50.550 23.850,50.519 23.900,50.519 23.900,50.456 23.950,50.456 23.950,50.362 23.600,50.362 23.600,50.331 23.500,50.331 23.500,50.300 23.450,50.300 23.450,50.269 23.400,50.269 23.400,50.237 23.350,50.237 23.350,50.175 23.300,50.175 23.300,50.112 23.250,50.112 23.250,49.987 23.200,49.987 23.200,50.019 23.150,50.019 23.150,50.081 23.100,50.081 23.100,50.144 23.050,50.144 23.050,50.175 23.000,50.175 23.000,50.206 22.950,50.206 22.950,50.237 22.900,50.237 22.900,50.269 22.850,50.269 22.850,50.300 22.800,50.300 22.800,50.331 22.750,50.331 22.750,50.237 22.800,50.237 22.800,50.175 22.850,50.175 22.850,50.112 22.900,50.112 22.900,50.050 22.950,50.050 22.950,49.987 23.000,49.987 23.000,49.956 22.950,49.956 22.950,49.675 22.500,49.675 22.500,49.519 22.550,49.519 22.550,49.487 22.600,49.487 22.600,49.456 22.650,49.456 22.650,49.425 22.700,49.425 22.700,49.394 22.750,49.394 22.750,49.362 22.800,49.362 22.800,49.331 22.850,49.331 22.850,49.362 23.050,49.362 23.050,49.331 23.250,49.331 23.250,49.362 23.300,49.362 23.300,49.425 23.350,49.425 23.350,49.456 23.400,49.456 23.400,49.487 23.550,49.487 23.550,49.519 23.850,49.519 23.850,49.550 23.900,49.550 23.900,49.706 23.850,49.706 23.850,49.862 23.800,49.862 23.800,49.925 23.900,49.925 23.900,49.956 24.200,49.956 24.200,49.987 24.450,49.987"
1960,23467790,28360997,3464005,23442496,21864916,1577580,1602874,3315627,-25295,22019145,1504154,1448645,3389052,"24.050,53.394 24.050,53.331 24.000,53.331 24.000,53.269 23.950,53.269 23.950,53.206 23.900,53.206 23.900,53.144 23.850,53.144 23.850,52.925 23.350,52.925 23.350,52.956 22.900,52.956 22.900,52.862 22.800,52.862 22.800,52.831 22.750,52.831 22.750,52.800 22.700,52.800 22.700,52.769 22.650,52.769 22.650,52.737 22.550,52.737 22.550,52.706 22.500,52.706 22.500,52.675 22.450,52.675 22.450,52.612 22.400,52.612 22.400,52.581 22.450,52.581 22.450,52.550 22.500,52.550 22.500,52.456 22.550,52.456 22.550,52.394 22.700,52.394 22.700,52.362 22.950,52.362 22.950,52.331 23.050,52.331 23.050,52.269 23.100,52.269 23.100,52.300 23.150,52.300 23.150,52.269 23.200,52.269 23.200,52.237 23.250,52.237 23.250,52.206 23.400,52.206 23.400,52.175 23.450,52.175 23.450,52.081 23.500,52.081 23.500,51.987 23.550,51.987 23.550,51.925 23.600,51.925 23.600,51.894 23.650,51.894 23.650,51.862 23.500,51.862 23.500,51.831 23.400,51.831 23.400,51.800 23.250,51.800 23.250,51.769 23.150,51.769 23.150,51.737 23.100,51.737 23.100,51.644 23.050,51.644 23.050,51.519 23.100,51.519 23.100,51.331 23.050,51.331 23.050,51.237 23.100,51.237 23.100,51.206 23.150,51.206 23.150,51.175 23.200,51.175 23.200,51.144 23.250,51.144 23.250,51.081 23.300,51.081 23.300,51.050 23.350,51.050 23.350,51.019 23.400,51.019 23.400,50.987 23.450,50.987 23.450,50.956 23.500,50.956 23.500,50.894 23.550,50.894 23.550,50.737 23.600,50.737 23.600,50.644 23.650,50.644 23.650,50.612 23.700,50.612 23.700,50.581 23.800,50.581 23.800,50.550 23.850,50.550 23.850,50.519 23.900,50.519 23.900,50.456 23.950,50.456 23.950,50.362 23.600,50.362 23.600,50.331 23.500,50.331 23.500,50.300 23.450,50.300 23.450,50.269 23.400,50.269 23.400,50.237 23.350,50.237 23.350,50.175 23.300,50.175 23.300,50.112 23.250,50.112 23.250,49.987 23.200,49.987 23.200,50.019 23.150,50.019 23.150,50.081 23.100,50.081 23.100,50.144 23.050,50.144 23.050,50.175 23.000,50.175 23.000,50.206 22.950,50.206 22.950,50.237 22.900,50.237 22.900,50.269 22.850,50.269 22.850,50.300 22.800,50.300 22.800,50.331 22.750,50.331 22.750,50.237 22.800,50.237 22.800,50.175 22.850,50.175 22.850,50.112 22.900,50.112 22.900,50.050 22.950,50.050 22.950,49.987 23.000,49.987 23.000,49.956 22.950,49.956 22.950,49.925 22.800,49.925 22.800,49.894 22.600,49.894 22.600,49.862 22.450,49.862 22.450,49.831 22.400,49.831 22.400,49.737 22.450,49.737 22.450,49.675 22.500,49.675 22.500,49.519 22.550,49.519 22.550,49.487 22.600,49.487 22.600,49.456 22.650,49.456 22.650,49.425 22.700,49.425 22.700,49.394 22.750,49.394 22.750,49.362 22.800,49.362 22.800,49.331 22.850,49.331 22.850,49.362 23.050,49.362 23.050,49.331 23.250,49.331 23.250,49.362 23.300,49.362 23.300,49.425 23.350,49.425 23.350,49.456 23.400,49.456 23.400,49.487 23.550,49.487 23.550,49.519 23.850,49.519 23.850,49.550 23.900,49.550 23.900,49.706 23.850,49.706 23.850,49.862 23.800,49.862 23.800,49.925 23.900,49.925 23.900,49.956 24.200,49.956 24.200,49.987 24.450,49.987"
1965,24058301,29201128,3450993,24093744,22397842,1695902,1660459,3446925,35443,22546156,1611581,1512145,3531246,"24.050,53.394 24.050,53.331 24.000,53.331 24.000,53.269 23.950,53.269 23.950,53.206 23.900,53.206 23.900,53.144 23.850,53.144 23.850,52.925 23.350,52.925 23.350,52.956 22.900,52.956 22.900,52.862 22.800,52.862 22.800,52.831 22.750,52.831 22.750,52.800 22.700,52.800 22.700,52.769 22.650,52.769 22.650,52.737 22.550,52.737 22.550,52.706 22.500,52.706 22.500,52.675 22.450,52.675 22.450,52.612 22.400,52.612 22.400,52.581 22.450,52.581 22.450,52.550 22.500,52.550 22.500,52.456 22.550,52.456 22.550,52.394 22.700,52.394 22.700,52.362 22.950,52.362 22.950,52.331 23.050,52.331 23.050,52.269 23.100,52.269 23.100,52.300 23.150,52.300 23.150,52.269 23.200,52.269 23.200,52.237 23.250,52.237 23.250,52.206 23.400,52.206 23.400,52.175 23.450,52.175 23.450,52.081 23.500,52.081 23.500,51.987 23.550,51.987 23.550,51.925 23.600,51.925 23.600,51.894 23.650,51.894 23.650,51.862 23.500,51.862 23.500,51.831 23.400,51.831 23.400,51.800 23.250,51.800 23.250,51.769 23.150,51.769 23.150,51.737 23.100,51.737 23.100,51.644 23.050,51.644 23.050,51.519 23.100,51.519 23.100,51.331 23.050,51.331 23.050,51.237 23.100,51.237 23.100,51.206 23.150,51.206 23.150,51.175 23.200,51.175 23.200,51.144 23.250,51.144 23.250,51.081 23.300,51.081 23.300,51.050 23.350,51.050 23.350,51.019 23.400,51.019 23.400,50.987 23.450,50.987 23.450,50.956 23.500,50.956 23.500,50.894 23.550,50.894 23.550,50.737 23.600,50.737 23.600,50.644 23.650,50.644 23.650,50.612 23.700,50.612 23.700,50.581 23.800,50.581 23.800,50.550 23.850,50.550 23.850,50.519 23.900,50.519 23.900,50.456 23.950,50.456 23.950,50.362 23.600,50.362 23.600,50.331 23.500,50.331 23.500,50.300 23.450,50.300 23.450,50.269 23.400,50.269 23.400,50.237 23.350,50.237 23.350,50.175 23.300,50.175 23.300,50.112 23.250,50.112 23.250,49.987 23.200,49.987 23.200,50.019 23.150,50.019 23.150,50.081 23.100,50.081 23.100,50.144 23.050,50.144 23.050,50.175 23.000,50.175 23.000,50.206 22.950,50.206 22.950,50.237 22.900,50.237 22.900,50.269 22.850,50.269 22.850,50.300 22.800,50.300 22.800,50.331 22.750,50.331 22.750,50.237 22.800,50.237 22.800,50.175 22.850,50.175 22.850,50.112 22.900,50.112 22.900,50.050 22.950,50.050 22.950,49.987 23.000,49.987 23.000,49.956 22.950,49.956 22.950,49.925 22.800,49.925 22.800,49.894 22.600,49.894 22.600,49.862 22.450,49.862 22.450,49.831 22.400,49.831 22.400,49.737 22.450,49.737 22.450,49.675 22.500,49.675 22.500,49.519 22.550,49.519 22.550,49.487 22.600,49.487 22.600,49.456 22.650,49.456 22.650,49.425 22.700,49.425 22.700,49.394 22.750,49.394 22.750,49.362 22.800,49.362 22.800,49.331 22.850,49.331 22.850,49.362 23.050,49.362 23.050,49.331 23.250,49.331 23.250,49.362 23.300,49.362 23.300,49.425 23.350,49.425 23.350,49.456 23.400,49.456 23.400,49.487 23.550,49.487 23.550,49.519 23.850,49.519 23.850,49.550 23.900,49.550 23.900,49.706 23.850,49.706 23.850,49.862 23.800,49.862 23.800,49.925 23.900,49.925 23.900,49.956 24.200,49.956 24.200,49.987 24.450,49.987"
1970,24424588,29771394,3421440,24516351,22719640,1796712,1704949,3550094,91763,22859995,1702131,1564593,3644675,"24.050,53.394 24.050,53.331 24.000,53.331 24.000,53.269 23.950,53.269 23.950,53.206 23.900,53.206 23.900,53.144 23.850,53.144 23.850,52.925 23.350,52.925 23.350,52.956 22.900,52.956 22.900,52.862 22.800,52.862 22.800,52.831 22.750,52.831 22.750,52.800 22.700,52.800 22.700,52.769 22.650,52.769 22.650,52.737 22.550,52.737 22.550,52.706 22.500,52.706 22.500,52.675 22.450,52.675 22.450,52.612 22.400,52.612 22.400,52.581 22.450,52.581 22.450,52.550 22.500,52.550 22.500,52.456 22.550,52.456 22.550,52.394 22.700,52.394 22.700,52.362 22.950,52.362 22.950,52.331 23.050,52.331 23.050,52.269 23.100,52.269 23.100,52.300 23.150,52.300 23.150,52.269 23.200,52.269 23.200,52.237 23.250,52.237 23.250,52.206 23.400,52.206 23.400,52.175 23.450,52.175 23.450,52.081 23.500,52.081 23.500,51.987 23.550,51.987 23.550,51.925 23.600,51.925 23.600,51.894 23.650,51.894 23.650,51.862 23.500,51.862 23.500,51.831 23.400,51.831 23.400,51.800 23.250,51.800 23.250,51.769 23.150,51.769 23.150,51.737 23.100,51.737 23.100,51.644 23.050,51.644 23.050,51.519 23.100,51.519 23.100,51.331 23.050,51.331 23.050,51.237 23.100,51.237 23.100,51.206 23.150,51.206 23.150,51.175 23.200,51.175 23.200,51.144 23.250,51.144 23.250,51.081 23.300,51.081 23.300,51.050 23.350,51.050 23.350,51.019 23.400,51.019 23.400,50.987 23.450,50.987 23.450,50.956 23.500,50.956 23.500,50.894 23.550,50.894 23.550,50.737 23.600,50.737 23.600,50.644 23.650,50.644 23.650,50.612 23.700,50.612 23.700,50.581 23.800,50.581 23.800,50.550 23.850,50.550 23.850,50.519 23.900,50.519 23.900,50.456 23.950,50.456 23.950,50.362 23.600,50.362 23.600,50.331 23.500,50.331 23.500,50.300 23.450,50.300 23.450,50.269 23.400,50.269 23.400,50.237 23.350,50.237 23.350,50.175 23.300,50.175 23.300,50.112 23.250,50.112 23.250,49.987 23.200,49.987 23.200,50.019 23.150,50.019 23.150,50.081 23.100,50.081 23.100,50.144 23.050,50.144 23.050,50.175 23.000,50.175 23.000,50.206 22.950,50.206 22.950,50.237 22.900,50.237 22.900,50.269 22.850,50.269 22.850,50.300 22.800,50.300 22.800,50.331 22.750,50.331 22.750,50.237 22.800,50.237 22.800,50.175 22.850,50.175 22.850,50.112 22.900,50.112 22.900,50.050 22.950,50.050 22.950,49.987 23.000,49.987 23.000,49.956 22.950,49.956 22.950,49.925 22.800,49.925 22.800,49.894 22.600,49.894 22.600,49.862 22.450,49.862 22.450,49.831 22.400,49.831 22.400,49.737 22.450,49.737 22.450,49.675 22.500,49.675 22.500,49.519 22.550,49.519 22.550,49.487 22.600,49.487 22.600,49.456 22.650,49.456 22.650,49.425 22.700,49.425 22.700,49.394 22.750,49.394 22.750,49.362 22.800,49.362 22.800,49.331 22.850,49.331 22.850,49.362 23.050,49.362 23.050,49.331 23.250,49.331 23.250,49.362 23.300,49.362 23.300,49.425 23.350,49.425 23.350,49.456 23.400,49.456 23.400,49.487 23.550,49.487 23.550,49.519 23.850,49.519 23.850,49.550 23.900,49.550 23.900,49.706 23.850,49.706 23.850,49.862 23.800,49.862 23.800,49.925 23.900,49.925 23.900,49.956 24.200,49.956 24.200,49.987 24.450,49.987"
1975,24638934,30152049,3382470,24578259,22792235,1786025,1846699,3727090,-60675,23030644,1778347,1608290,3734769,"24.050,53.394 24.050,53.331 24.000,53.331 24.000,53.269 23.950,53.269 23.950,53.206 23.900,53.206 23.900,53.144 23.850,53.144 23.850,52.800 23.800,52.800 23.800,52.737 23.850,52.737 23.850,52.425 23.750,52.425 23.750,52.394 23.650,52.394 23.650,52.362 23.550,52.362 23.550,52.331 23.450,52.331 23.450,52.300 23.350,52.300 23.350,52.269 23.200,52.269 23.200,52.237 23.250,52.237 23.250,52.206 23.400,52.206 23.400,52.175 23.450,52.175 23.450,52.081 23.500,52.081 23.500,51.987 23.550,51.987 23.550,51.925 23.600,51.925 23.600,51.894 23.650,51.894 23.650,51.862 23.500,51.862 23.500,51.831 23.400,51.831 23.400,51.800 23.250,51.800 23.250,51.769 23.150,51.769 23.150,51.737 23.100,51.737 23.100,51.644 23.050,51.644 23.050,51.519 23.100,51.519 23.100,51.331 23.050,51.331 23.050,51.237 23.100,51.237 23.100,51.206 23.150,51.206 23.150,51.175 23.200,51.175 23.200,51.144 23.250,51.144 23.250,51.081 23.300,51.081 23.300,51.050 23.350,51.050 23.350,51.019 23.400,51.019 23.400,50.987 23.450,50.987 23.450,50.956 23.500,50.956 23.500,50.894 23.550,50.894 23.550,50.737 23.600,50.737 23.600,50.644 23.650,50.644 23.650,50.612 23.700,50.612 23.700,50.581 23.800,50.581 23.800,50.550 23.850,50.550 23.850,50.519 23.900,50.519 23.900,50.456 23.950,50.456 23.950,50.362 23.600,50.362 23.600,50.331 23.500,50.331 23.500,50.300 23.450,50.300 23.450,50.269 23.400,50.269 23.400,50.237 23.350,50.237 23.350,50.175 23.400,50.175 23.400,50.112 23.350,50.112 23.350,50.081 23.300,50.081 23.300,50.050 23.250,50.050 23.250,49.987 23.200,49.987 23.200,50.019 23.150,50.019 23.150,49.987 23.100,49.987 23.100,49.956 23.150,49.956 23.150,49.925 23.200,49.925 23.200,49.894 23.250,49.894 23.250,49.862 23.300,49.862 23.300,49.831 23.350,49.831 23.350,49.800 23.450,49.800 23.450,49.831 23.500,49.831 23.500,49.862 23.550,49.862 23.550,49.894 23.600,49.894 23.600,49.925 23.650,49.925 23.650,49.956 23.750,49.956 23.750,49.925 23.800,49.925 23.800,49.862 23.850,49.862 23.850,49.706 23.900,49.706 23.900,49.550 23.850,49.550 23.850,49.519 23.550,49.519 23.550,49.487 23.400,49.487 23.400,49.456 23.350,49.456 23.350,49.425 23.300,49.425 23.300,49.362 23.250,49.362 23.250,49.331 23.050,49.331 23.050,49.362 22.850,49.362 22.850,49.331 22.800,49.331 22.800,49.362 22.750,49.362 22.750,49.394 22.700,49.394 22.700,49.425 22.650,49.425 22.650,49.456 22.600,49.456 22.600,49.487 22.550,49.487 22.550,49.519 22.400,49.519 22.400,49.487 22.350,49.487 22.350,49.456 22.300,49.456 22.300,49.425 22.250,49.425 22.250,49.394 22.150,49.394 22.150,49.362 22.100,49.362 22.100,49.331 22.050,49.331 22.050,49.300 22.000,49.300"
1980,24908576,30608144,3353905,24851609,23000928,1850681,1907648,3848887,-56967,23251579,1850537,1656997,3849032,"24.050,53.394 24.050,53.331 24.000,53.331 24.000,53.269 23.950,53.269 23.950,53.206 23.900,53.206 23.900,53.144 23.850,53.144 23.850,52.800 23.800,52.800 23.800,52.737 23.850,52.737 23.850,52.425 23.750,52.425 23.750,52.394 23.650,52.394 23.650,52.362 23.550,52.362 23.550,52.331 23.450,52.331 23.450,52.300 23.350,52.300 23.350,52.269 23.200,52.269 23.200,52.237 23.250,52.237 23.250,52.206 23.400,52.206 23.400,52.175 23.450,52.175 23.450,52.081 23.500,52.081 23.500,51.987 23.550,51.987 23.550,51.925 23.600,51.925 23.600,51.894 23.650,51.894 23.650,51.862 23.500,51.862 23.500,51.831 23.400,51.831 23.400,51.800 23.250,51.800 23.250,51.769 23.150,51.769 23.150,51.737 23.100,51.737 23.100,51.644 23.050,51.644 23.050,51.519 23.100,51.519 23.100,51.331 23.050,51.331 23.050,51.237 23.100,51.237 23.100,51.206 23.150,51.206 23.150,51.175 23.200,51.175 23.200,51.144 23.250,51.144 23.250,51.081 23.300,51.081 23.300,51.050 23.350,51.050 23.350,51.019 23.400,51.019 23.400,50.987 23.450,50.987 23.450,50.956 23.500,50.956 23.500,50.894 23.550,50.894 23.550,50.737 23.600,50.737 23.600,50.644 23.650,50.644 23.650,50.612 23.700,50.612 23.700,50.581 23.800,50.581 23.800,50.550 23.850,50.550 23.850,50.519 23.900,50.519 23.900,50.456 23.950,50.456 23.950,50.362 23.600,50.362 23.600,50.331 23.500,50.331 23.500,50.300 23.450,50.300 23.450,50.269 23.400,50.269 23.400,50.237 23.350,50.237 23.350,50.175 23.400,50.175 23.400,50.112 23.350,50.112 23.350,50.081 23.300,50.081 23.300,50.050 23.250,50.050 23.250,49.987 23.200,49.987 23.200,50.019 23.150,50.019 23.150,49.987 23.100,49.987 23.100,49.956 23.150,49.956 23.150,49.925 23.200,49.925 23.200,49.894 23.250,49.894 23.250,49.862 23.300,49.862 23.300,49.831 23.350,49.831 23.350,49.800 23.450,49.800 23.450,49.831 23.500,49.831 23.500,49.862 23.550,49.862 23.550,49.894 23.600,49.894 23.600,49.925 23.650,49.925 23.650,49.956 23.750,49.956 23.750,49.925 23.800,49.925 23.800,49.862 23.850,49.862 23.850,49.706 23.900,49.706 23.900,49.550 23.850,49.550 23.850,49.519 23.550,49.519 23.550,49.487 23.400,49.487 23.400,49.456 23.350,49.456 23.350,49.425 23.300,49.425 23.300,49.362 23.250,49.362 23.250,49.331 23.050,49.331 23.050,49.362 22.850,49.362 22.850,49.331 22.800,49.331 22.800,49.362 22.750,49.362 22.750,49.394 22.700,49.394 22.700,49.425 22.650,49.425 22.650,49.456 22.600,49.456 22.600,49.487 22.550,49.487 22.550,49.519 22.400,49.519 22.400,49.487 22.350,49.487 22.350,49.456 22.300,49.456 22.300,49.425 22.250,49.425 22.250,49.394 22.150,49.394 22.150,49.362 22.100,49.362 22.100,49.331 22.050,49.331 22.050,49.300 22.000,49.300"
1985,25095554,30989439,3318995,25037485,23126828,1910656,1968725,3983229,-58069,23390389,1919458,1705165,3974427,"24.050,53.394 24.050,53.331 24.000,53.331 24.000,53.269 23.950,53.269 23.950,53.206 23.900,53.206 23.900,53.144 23.850,53.144 23.850,52.800 23.800,52.800 23.800,52.737 23.850,52.737 23.850,52.425 23.750,52.425 23.750,52.394 23.650,52.394 23.650,52.362 23.550,52.362 23.550,52.331 23.450,52.331 23.450,52.300 23.350,52.300 23.350,52.269 23.200,52.269 23.200,52.237 23.250,52.237 23.250,52.206 23.400,52.206 23.400,52.175 23.450,52.175 23.450,52.081 23.500,52.081 23.500,51.987 23.550,51.987 23.550,51.925 23.600,51.925 23.600,51.894 23.650,51.894 23.650,51.862 23.500,51.862 23.500,51.831 23.400,51.831 23.400,51.800 23.250,51.800 23.250,51.769 23.150,51.769 23.150,51.737 23.100,51.737 23.100,51.644 23.050,51.644 23.050,51.519 23.100,51.519 23.100,51.331 23.050,51.331 23.050,51.237 23.100,51.237 23.100,51.206 23.150,51.206 23.150,51.175 23.200,51.175 23.200,51.144 23.250,51.144 23.250,51.081 23.300,51.081 23.300,51.050 23.350,51.050 23.350,51.019 23.400,51.019 23.400,50.987 23.450,50.987 23.450,50.956 23.500,50.956 23.500,50.894 23.550,50.894 23.550,50.737 23.600,50.737 23.600,50.644 23.650,50.644 23.650,50.612 23.700,50.612 23.700,50.581 23.800,50.581 23.800,50.550 23.850,50.550 23.850,50.519 23.900,50.519 23.900,50.456 23.950,50.456 23.950,50.362 23.600,50.362 23.600,50.331 23.500,50.331 23.500,50.300 23.450,50.300 23.450,50.269 23.400,50.269 23.400,50.237 23.350,50.237 23.350,50.175 23.400,50.175 23.400,50.112 23.350,50.112 23.350,50.081 23.300,50.081 23.300,50.050 23.250,50.050 23.250,49.987 23.200,49.987 23.200,50.019 23.150,50.019 23.150,49.987 23.100,49.987 23.100,49.956 23.150,49.956 23.150,49.925 23.200,49.925 23.200,49.894 23.250,49.894 23.250,49.862 23.300,49.862 23.300,49.831 23.350,49.831 23.350,49.800 23.450,49.800 23.450,49.831 23.500,49.831 23.500,49.862 23.550,49.862 23.550,49.894 23.600,49.894 23.600,49.925 23.650,49.925 23.650,49.956 23.750,49.956 23.750,49.925 23.800,49.925 23.800,49.862 23.850,49.862 23.850,49.706 23.900,49.706 23.900,49.550 23.850,49.550 23.850,49.519 23.550,49.519 23.550,49.487 23.400,49.487 23.400,49.456 23.350,49.456 23.350,49.425 23.300,49.425 23.300,49.362 23.250,49.362 23.250,49.331 23.050,49.331 23.050,49.362 22.850,49.362 22.850,49.331 22.800,49.331 22.800,49.362 22.750,49.362 22.750,49.394 22.700,49.394 22.700,49.425 22.650,49.425 22.650,49.456 22.600,49.456 22.600,49.487 22.550,49.487 22.550,49.519 22.400,49.519 22.400,49.487 22.350,49.487 22.350,49.456 22.300,49.456 22.300,49.425 22.250,49.425 22.250,49.394 22.150,49.394 22.150,49.362 22.100,49.362 22.100,49.331 22.050,49.331 22.050,49.300 22.000,49.300"
1990,25050523,31090929,3267686,24992179,23039271,1952907,2011252,4087498,-58345,23312215,1970156,1738308,4070249,"24.050,53.394 24.050,53.331 24.000,53.331 24.000,53.269 23.950,53.269 23.950,53.206 23.900,53.206 23.900,53.144 23.850,53.144 23.850,52.800 23.800,52.800 23.800,52.737 23.850,52.737 23.850,52.425 23.750,52.425 23.750,52.394 23.650,52.394 23.650,52.362 23.550,52.362 23.550,52.331 23.450,52.331 23.450,52.300 23.350,52.300 23.350,52.269 23.200,52.269 23.200,52.237 23.250,52.237 23.250,52.206 23.400,52.206 23.400,52.175 23.450,52.175 23.450,52.081 23.500,52.081 23.500,51.987 23.550,51.987 23.550,51.925 23.600,51.925 23.600,51.894 23.650,51.894 23.650,51.862 23.500,51.862 23.500,51.831 23.400,51.831 23.400,51.800 23.250,51.800 23.250,51.769 23.150,51.769 23.150,51.737 23.100,51.737 23.100,51.644 23.050,51.644 23.050,51.519 23.100,51.519 23.100,51.331 23.050,51.331 23.050,51.237 23.100,51.237 23.100,51.206 23.150,51.206 23.150,51.175 23.200,51.175 23.200,51.144 23.250,51.144 23.250,51.081 23.300,51.081 23.300,51.050 23.350,51.050 23.350,51.019 23.400,51.019 23.400,50.987 23.450,50.987 23.450,50.956 23.500,50.956 23.500,50.894 23.550,50.894 23.550,50.737 23.600,50.737 23.600,50.644 23.650,50.644 23.650,50.612 23.700,50.612 23.700,50.581 23.800,50.581 23.800,50.550 23.850,50.550 23.850,50.519 23.900,50.519 23.900,50.456 23.950,50.456 23.950,50.362 23.600,50.362 23.600,50.331 23.500,50.331 23.500,50.300 23.450,50.300 23.450,50.269 23.400,50.269 23.400,50.237 23.350,50.237 23.350,50.175 23.400,50.175 23.400,50.112 23.350,50.112 23.350,50.081 23.300,50.081 23.300,50.050 23.250,50.050 23.250,49.987 23.200,49.987 23.200,50.019 23.150,50.019 23.150,49.987 23.100,49.987 23.100,49.956 23.150,49.956 23.150,49.925 23.200,49.925 23.200,49.894 23.250,49.894 23.250,49.862 23.300,49.862 23.300,49.831 23.350,49.831 23.350,49.800 23.450,49.800 23.450,49.831 23.500,49.831 23.500,49.862 23.550,49.862 23.550,49.894 23.600,49.894 23.600,49.925 23.650,49.925 23.650,49.956 23.750,49.956 23.750,49.925 23.800,49.925 23.800,49.862 23.850,49.862 23.850,49.706 23.900,49.706 23.900,49.550 23.850,49.550 23.850,49.519 23.550,49.519 23.550,49.487 23.400,49.487 23.400,49.456 23.350,49.456 23.350,49.425 23.300,49.425 23.300,49.362 23.250,49.362 23.250,49.331 23.050,49.331 23.050,49.362 22.850,49.362 22.850,49.331 22.800,49.331 22.800,49.362 22.750,49.362 22.750,49.394 22.700,49.394 22.700,49.425 22.650,49.425 22.650,49.456 22.600,49.456 22.600,49.487 22.550,49.487 22.550,49.519 22.400,49.519 22.400,49.487 22.350,49.487 22.350,49.456 22.300,49.456 22.300,49.425 22.250,49.425 22.250,49.394 22.150,49.394 22.150,49.362 22.100,49.362 22.100,49.331 22.050,49.331 22.050,49.300 22.000,49.300"
1995,24832386,30963848,3208001,24773086,22792847,1980239,2039539,4151223,-59300,23071990,2004741,1760396,4126721,"24.050,53.394 24.050,53.331 24.000,53.331 24.000,53.269 23.950,53.269 23.950,53.206 23.900,53.206 23.900,53.144 23.850,53.144 23.850,52.800 23.800,52.800 23.800,52.737 23.850,52.737 23.850,52.425 23.750,52.425 23.750,52.394 23.650,52.394 23.650,52.362 23.550,52.362 23.550,52.331 23.450,52.331 23.450,52.300 23.350,52.300 23.350,52.269 23.200,52.269 23.200,52.237 23.250,52.237 23.250,52.206 23.400,52.206 23.400,52.175 23.450,52.175 23.450,52.081 23.500,52.081 23.500,51.987 23.550,51.987 23.550,51.925 23.600,51.925 23.600,51.894 23.650,51.894 23.650,51.862 23.500,51.862 23.500,51.831 23.400,51.831 23.400,51.800 23.250,51.800 23.250,51.769 23.150,51.769 23.150,51.737 23.100,51.737 23.100,51.644 23.050,51.644 23.050,51.519 23.100,51.519 23.100,51.331 23.050,51.331 23.050,51.237 23.100,51.237 23.100,51.206 23.150,51.206 23.150,51.175 23.200,51.175 23.200,51.144 23.250,51.144 23.250,51.081 23.300,51.081 23.300,51.050 23.350,51.050 23.350,51.019 23.400,51.019 23.400,50.987 23.450,50.987 23.450,50.956 23.500,50.956 23.500,50.894 23.550,50.894 23.550,50.737 23.600,50.737 23.600,50.644 23.650,50.644 23.650,50.612 23.700,50.612 23.700,50.581 23.800,50.581 23.800,50.550 23.850,50.550 23.850,50.519 23.900,50.519 23.900,50.456 23.950,50.456 23.950,50.362 23.600,50.362 23.600,50.331 23.500,50.331 23.500,50.300 23.450,50.300 23.450,50.269 23.400,50.269 23.400,50.237 23.350,50.237 23.350,50.175 23.400,50.175 23.400,50.112 23.350,50.112 23.350,50.081 23.300,50.081 23.300,50.050 23.250,50.050 23.250,49.987 23.200,49.987 23.200,50.019 23.150,50.019 23.150,49.987 23.100,49.987 23.100,49.956 23.150,49.956 23.150,49.925 23.200,49.925 23.200,49.894 23.250,49.894 23.250,49.862 23.300,49.862 23.300,49.831 23.350,49.831 23.350,49.800 23.450,49.800 23.450,49.831 23.500,49.831 23.500,49.862 23.550,49.862 23.550,49.894 23.600,49.894 23.600,49.925 23.650,49.925 23.650,49.956 23.750,49.956 23.750,49.925 23.800,49.925 23.800,49.862 23.850,49.862 23.850,49.706 23.900,49.706 23.900,49.550 23.850,49.550 23.850,49.519 23.550,49.519 23.550,49.487 23.400,49.487 23.400,49.456 23.350,49.456 23.350,49.425 23.300,49.425 23.300,49.362 23.250,49.362 23.250,49.331 23.050,49.331 23.050,49.362 22.850,49.362 22.850,49.331 22.800,49.331 22.800,49.362 22.750,49.362 22.750,49.394 22.700,49.394 22.700,49.425 22.650,49.425 22.650,49.456 22.600,49.456 22.600,49.487 22.550,49.487 22.550,49.519 22.400,49.519 22.400,49.487 22.350,49.487 22.350,49.456 22.300,49.456 22.300,49.425 22.250,49.425 22.250,49.394 22.150,49.394 22.150,49.362 22.100,49.362 22.100,49.331 22.050,49.331 22.050,49.300 22.000,49.300"
2000,24557875,30738011,3154542,24493528,22497649,1995879,2060227,4184257,-64348,22781712,2026639,1776163,4153497,"24.050,53.394 24.050,53.331 24.000,53.331 24.000,53.269 23.950,53.269 23.950,53.206 23.900,53.206 23.900,53.144 23.850,53.144 23.850,52.800 23.800,52.800 23.800,52.737 23.850,52.737 23.850,52.425 23.750,52.425 23.750,52.394 23.650,52.394 23.650,52.362 23.550,52.362 23.550,52.331 23.450,52.331 23.450,52.300 23.350,52.300 23.350,52.269 23.200,52.269 23.200,52.237 23.250,52.237 23.250,52.206 23.400,52.206 23.400,52.175 23.450,52.175 23.450,52.081 23.500,52.081 23.500,51.987 23.550,51.987 23.550,51.925 23.600,51.925 23.600,51.894 23.650,51.894 23.650,51.862 23.500,51.862 23.500,51.831 23.400,51.831 23.400,51.800 23.250,51.800 23.250,51.769 23.150,51.769 23.150,51.737 23.100,51.737 23.100,51.644 23.050,51.644 23.050,51.519 23.100,51.519 23.100,51.331 23.050,51.331 23.050,51.237 23.100,51.237 23.100,51.206 23.150,51.206 23.150,51.175 23.200,51.175 23.200,51.144 23.250,51.144 23.250,51.081 23.300,51.081 23.300,51.050 23.350,51.050 23.350,51.019 23.400,51.019 23.400,50.987 23.450,50.987 23.450,50.956 23.500,50.956 23.500,50.894 23.550,50.894 23.550,50.737 23.600,50.737 23.600,50.644 23.650,50.644 23.650,50.612 23.700,50.612 23.700,50.581 23.800,50.581 23.800,50.550 23.850,50.550 23.850,50.519 23.900,50.519 23.900,50.456 23.950,50.456 23.950,50.362 23.600,50.362 23.600,50.331 23.500,50.331 23.500,50.300 23.450,50.300 23.450,50.269 23.400,50.269 23.400,50.237 23.350,50.237 23.350,50.175 23.400,50.175 23.400,50.112 23.350,50.112 23.350,50.081 23.300,50.081 23.300,50.050 23.250,50.050 23.250,49.987 23.200,49.987 23.200,50.019 23.150,50.019 23.150,49.987 23.100,49.987 23.100,49.956 23.150,49.956 23.150,49.925 23.200,49.925 23.200,49.894 23.250,49.894 23.250,49.862 23.300,49.862 23.300,49.831 23.350,49.831 23.350,49.800 23.450,49.800 23.450,49.831 23.500,49.831 23.500,49.862 23.550,49.862 23.550,49.894 23.600,49.894 23.600,49.925 23.650,49.925 23.650,49.956 23.750,49.956 23.750,49.925 23.800,49.925 23.800,49.862 23.850,49.862 23.850,49.706 23.900,49.706 23.900,49.550 23.850,49.550 23.850,49.519 23.550,49.519 23.550,49.487 23.400,49.487 23.400,49.456 23.350,49.456 23.350,49.425 23.300,49.425 23.300,49.362 23.250,49.362 23.250,49.331 23.050,49.331 23.050,49.362 22.850,49.362 22.850,49.331 22.800,49.331 22.800,49.362 22.750,49.362 22.750,49.394 22.700,49.394 22.700,49.425 22.650,49.425 22.650,49.456 22.600,49.456 22.600,49.487 22.550,49.487 22.550,49.519 22.400,49.519 22.400,49.487 22.350,49.487 22.350,49.456 22.300,49.456 22.300,49.425 22.250,49.425 22.250,49.394 22.150,49.394 22.150,49.362 22.100,49.362 22.100,49.331 22.050,49.331 22.050,49.300 22.000,49.300"
2005,24222536,30427348,3109632,24219677,22176884,2042793,2045651,4162020,-2859,22435223,2039199,1787313,4165613,"22.600,49.081 22.600,49.112 22.650,49.112 22.650,49.175 22.700,49.175 22.700,49.237 22.750,49.237 22.750,49.300 22.800,49.300 22.800,49.331 22.850,49.331 22.850,49.362 23.050,49.362 23.050,49.331 23.250,49.331 23.250,49.362 23.300,49.362 23.300,49.425 23.350,49.425 23.350,49.456 23.400,49.456 23.400,49.487 23.550,49.487 23.550,49.519 23.850,49.519 23.850,49.550 23.900,49.550 23.900,49.706 23.850,49.706 23.850,49.862 23.800,49.862 23.800,49.925 23.750,49.925 23.750,49.956 23.650,49.956 23.650,49.925 23.600,49.925 23.600,49.894 23.550,49.894 23.550,49.862 23.500,49.862 23.500,49.831 23.450,49.831 23.450,49.800 23.350,49.800 23.350,49.831 23.300,49.831 23.300,49.862 23.250,49.862 23.250,49.894 23.200,49.894 23.200,49.925 23.150,49.925 23.150,49.956 23.100,49.956 23.100,49.987 23.150,49.987 23.150,50.019 23.200,50.019 23.200,49.987 23.250,49.987 23.250,50.050 23.300,50.050 23.300,50.081 23.350,50.081 23.350,50.112 23.400,50.112 23.400,50.175 23.350,50.175 23.350,50.237 23.400,50.237 23.400,50.269 23.450,50.269 23.450,50.300 23.500,50.300 23.500,50.331 23.600,50.331 23.600,50.362 23.950,50.362 23.950,50.456 23.900,50.456 23.900,50.519 23.850,50.519 23.850,50.550 23.800,50.550 23.800,50.581 23.700,50.581 23.700,50.612 23.650,50.612 23.650,50.644 23.600,50.644 23.600,50.737 23.550,50.737 23.550,50.894 23.500,50.894 23.500,50.956 23.450,50.956 23.450,50.987 23.400,50.987 23.400,51.019 23.350,51.019 23.350,51.050 23.300,51.050 23.300,51.081 23.250,51.081 23.250,51.144 23.200,51.144 23.200,51.175 23.150,51.175 23.150,51.206 23.100,51.206 23.100,51.237 23.050,51.237 23.050,51.331 23.100,51.331 23.100,51.519 23.050,51.519 23.050,51.644 23.100,51.644 23.100,51.737 23.150,51.737 23.150,51.769 23.250,51.769 23.250,51.800 23.400,51.800 23.400,51.831 23.500,51.831 23.500,51.862 23.650,51.862 23.650,51.894 23.600,51.894 23.600,51.925 23.550,51.925 23.550,51.987 23.500,51.987 23.500,52.081 23.450,52.081 23.450,52.175 23.400,52.175 23.400,52.206 23.250,52.206 23.250,52.237 23.200,52.237 23.200,52.269 23.350,52.269 23.350,52.300 23.450,52.300 23.450,52.331 23.550,52.331 23.550,52.362 23.650,52.362 23.650,52.394 23.750,52.394 23.750,52.425 23.850,52.425 23.850,52.737 23.800,52.737 23.800,52.800 23.850,52.800 23.850,53.144 23.900,53.144 23.900,53.206 23.950,53.206 23.950,53.269 24.000,53.269 24.000,53.331 24.050,53.331 24.050,53.394"
2010,23820108,30025136,3068041,23805737,21765482,2040255,2054626,4164774,-14371,22026341,2044548,1793767,4160480,"22.600,49.081 22.600,49.112 22.650,49.112 22.650,49.175 22.700,49.175 22.700,49.237 22.750,49.237 22.750,49.300 22.800,49.300 22.800,49.331 22.850,49.331 22.850,49.362 23.050,49.362 23.050,49.331 23.250,49.331 23.250,49.362 23.300,49.362 23.300,49.425 23.350,49.425 23.350,49.456 23.400,49.456 23.400,49.487 23.550,49.487 23.550,49.519 23.850,49.519 23.850,49.550 23.900,49.550 23.900,49.706 23.850,49.706 23.850,49.862 23.800,49.862 23.800,49.925 23.750,49.925 23.750,49.956 23.650,49.956 23.650,49.925 23.600,49.925 23.600,49.894 23.550,49.894 23.550,49.862 23.500,49.862 23.500,49.831 23.450,49.831 23.450,49.800 23.350,49.800 23.350,49.831 23.300,49.831 23.300,49.862 23.250,49.862 23.250,49.894 23.200,49.894 23.200,49.925 23.150,49.925 23.150,49.956 23.100,49.956 23.100,49.987 23.150,49.987 23.150,50.019 23.200,50.019 23.200,49.987 23.250,49.987 23.250,50.050 23.300,50.050 23.300,50.081 23.350,50.081 23.350,50.112 23.400,50.112 23.400,50.175 23.350,50.175 23.350,50.237 23.400,50.237 23.400,50.269 23.450,50.269 23.450,50.300 23.500,50.300 23.500,50.331 23.600,50.331 23.600,50.362 23.950,50.362 23.950,50.456 23.900,50.456 23.900,50.519 23.850,50.519 23.850,50.550 23.800,50.550 23.800,50.581 23.700,50.581 23.700,50.612 23.650,50.612 23.650,50.644 23.600,50.644 23.600,50.737 23.550,50.737 23.550,50.894 23.500,50.894 23.500,50.956 23.450,50.956 23.450,50.987 23.400,50.987 23.400,51.019 23.350,51.019 23.350,51.050 23.300,51.050 23.300,51.081 23.250,51.081 23.250,51.144 23.200,51.144 23.200,51.175 23.150,51.175 23.150,51.206 23.100,51.206 23.100,51.237 23.050,51.237 23.050,51.331 23.100,51.331 23.100,51.519 23.050,51.519 23.050,51.644 23.100,51.644 23.100,51.737 23.150,51.737 23.150,51.769 23.250,51.769 23.250,51.800 23.400,51.800 23.400,51.831 23.500,51.831 23.500,51.862 23.650,51.862 23.650,51.894 23.600,51.894 23.600,51.925 23.550,51.925 23.550,51.987 23.500,51.987 23.500,52.081 23.450,52.081 23.450,52.175 23.400,52.175 23.400,52.206 23.250,52.206 23.250,52.237 23.200,52.237 23.200,52.269 23.350,52.269 23.350,52.300 23.450,52.300 23.450,52.331 23.550,52.331 23.550,52.362 23.650,52.362 23.650,52.394 23.750,52.394 23.750,52.425 23.850,52.425 23.850,52.737 23.800,52.737 23.800,52.800 23.850,52.800 23.850,53.144 23.900,53.144 23.900,53.206 23.950,53.206 23.950,53.269 24.000,53.269 24.000,53.331 24.050,53.331 24.050,53.394"
2015,23438543,29635412,3043419,23644289,21515099,2129190,1923444,4067679,205746,21638928,2049174,1799615,4147695,"24.050,53.394 24.050,53.331 24.000,53.331 24.000,53.269 23.950,53.269 23.950,53.206 23.900,53.206 23.900,53.144 23.850,53.144 23.850,52.925 23.350,52.925 23.350,52.956 22.900,52.956 22.900,52.862 22.800,52.862 22.800,52.831 22.750,52.831 22.750,52.800 22.700,52.800 22.700,52.769 22.650,52.769 22.650,52.737 22.550,52.737 22.550,52.706 22.500,52.706 22.500,52.675 22.450,52.675 22.450,52.612 22.400,52.612 22.400,52.581 22.450,52.581 22.450,52.550 22.500,52.550 22.500,52.456 22.550,52.456 22.550,52.394 22.700,52.394 22.700,52.362 22.950,52.362 22.950,52.331 23.050,52.331 23.050,52.269 23.100,52.269 23.100,52.300 23.150,52.300 23.150,52.269 23.200,52.269 23.200,52.237 23.250,52.237 23.250,52.206 23.400,52.206 23.400,52.175 23.450,52.175 23.450,52.081 23.500,52.081 23.500,51.987 23.550,51.987 23.550,51.925 23.600,51.925 23.600,51.894 23.650,51.894 23.650,51.862 23.500,51.862 23.500,51.831 23.400,51.831 23.400,51.800 23.250,51.800 23.250,51.769 23.150,51.769 23.150,51.737 23.100,51.737 23.100,51.644 23.050,51.644 23.050,51.519 23.100,51.519 23.100,51.331 23.050,51.331 23.050,51.237 23.100,51.237 23.100,51.206 23.150,51.206 23.150,51.175 23.200,51.175 23.200,51.144 23.250,51.144 23.250,51.081 23.300,51.081 23.300,51.050 23.350,51.050 23.350,51.019 23.400,51.019 23.400,50.987 23.450,50.987 23.450,50.956 23.500,50.956 23.500,50.894 23.550,50.894 23.550,50.737 23.600,50.737 23.600,50.644 23.650,50.644 23.650,50.612 23.700,50.612 23.700,50.581 23.800,50.581 23.800,50.550 23.850,50.550 23.850,50.519 23.900,50.519 23.900,50.456 23.950,50.456 23.950,50.362 23.600,50.362 23.600,50.331 23.500,50.331 23.500,50.300 23.450,50.300 23.450,50.269 23.400,50.269 23.400,50.237 23.350,50.237 23.350,50.175 23.300,50.175 23.300,50.112 23.250,50.112 23.250,49.987 23.200,49.987 23.200,50.019 23.150,50.019 23.150,50.081 23.100,50.081 23.100,50.144 23.050,50.144 23.050,50.175 23.000,50.175 23.000,50.206 22.950,50.206 22.950,50.237 22.900,50.237 22.900,50.269 22.850,50.269 22.850,50.300 22.800,50.300 22.800,50.331 22.750,50.331 22.750,50.237 22.800,50.237 22.800,50.175 22.850,50.175 22.850,50.112 22.900,50.112 22.900,50.050 22.950,50.050 22.950,49.987 23.000,49.987 23.000,49.956 22.950,49.956 22.950,49.925 22.800,49.925 22.800,49.894 22.600,49.894 22.600,49.862 22.450,49.862 22.450,49.831 22.400,49.831 22.400,49.737 22.450,49.737 22.450,49.675 22.500,49.675 22.500,49.519 22.550,49.519 22.550,49.487 22.600,49.487 22.600,49.456 22.650,49.456 22.650,49.425 22.700,49.425 22.700,49.394 22.750,49.394 22.750,49.362 22.800,49.362 22.800,49.331 22.850,49.331 22.850,49.362 23.050,49.362 23.050,49.331 23.250,49.331 23.250,49.362 23.300,49.362 23.300,49.425 23.350,49.425 23.350,49.456 23.400,49.456 23.400,49.487 23.550,49.487 23.550,49.519 23.850,49.519 23.850,49.550 23.900,49.550 23.900,49.706 23.850,49.706 23.850,49.862 23.800,49.862 23.800,49.925 23.900,49.925 23.900,49.956 24.200,49.956 24.200,49.987 24.450,49.987"
2020,22894201,29026648,3007871,23086927,20983697,2103230,1910504,4029218,192726,21105034,2031472,1789167,4100976,"24.050,53.394 24.050,53.331 24.000,53.331 24.000,53.269 23.950,53.269 23.950,53.206 23.900,53.206 23.900,53.144 23.850,53.144 23.850,52.925 23.350,52.925 23.350,52.956 22.900,52.956 22.900,52.862 22.800,52.862 22.800,52.831 22.750,52.831 22.750,52.800 22.700,52.800 22.700,52.769 22.650,52.769 22.650,52.737 22.550,52.737 22.550,52.706 22.500,52.706 22.500,52.675 22.450,52.675 22.450,52.612 22.400,52.612 22.400,52.581 22.450,52.581 22.450,52.550 22.500,52.550 22.500,52.456 22.550,52.456 22.550,52.394 22.700,52.394 22.700,52.362 22.950,52.362 22.950,52.331 23.050,52.331 23.050,52.269 23.100,52.269 23.100,52.300 23.150,52.300 23.150,52.269 23.200,52.269 23.200,52.237 23.250,52.237 23.250,52.206 23.400,52.206 23.400,52.175 23.450,52.175 23.450,52.081 23.500,52.081 23.500,51.987 23.550,51.987 23.550,51.925 23.600,51.925 23.600,51.894 23.650,51.894 23.650,51.862 23.500,51.862 23.500,51.831 23.400,51.831 23.400,51.800 23.250,51.800 23.250,51.769 23.150,51.769 23.150,51.737 23.100,51.737 23.100,51.644 23.050,51.644 23.050,51.519 23.100,51.519 23.100,51.331 23.050,51.331 23.050,51.237 23.100,51.237 23.100,51.206 23.150,51.206 23.150,51.175 23.200,51.175 23.200,51.144 23.250,51.144 23.250,51.081 23.300,51.081 23.300,51.050 23.350,51.050 23.350,51.019 23.400,51.019 23.400,50.987 23.450,50.987 23.450,50.956 23.500,50.956 23.500,50.894 23.550,50.894 23.550,50.737 23.600,50.737 23.600,50.644 23.650,50.644 23.650,50.612 23.700,50.612 23.700,50.581 23.800,50.581 23.800,50.550 23.850,50.550 23.850,50.519 23.900,50.519 23.900,50.456 23.950,50.456 23.950,50.362 23.600,50.362 23.600,50.331 23.500,50.331 23.500,50.300 23.450,50.300 23.450,50.269 23.400,50.269 23.400,50.237 23.350,50.237 23.350,50.175 23.300,50.175 23.300,50.112 23.250,50.112 23.250,49.987 23.200,49.987 23.200,50.019 23.150,50.019 23.150,50.081 23.100,50.081 23.100,50.144 23.050,50.144 23.050,50.175 23.000,50.175 23.000,50.206 22.950,50.206 22.950,50.237 22.900,50.237 22.900,50.269 22.850,50.269 22.850,50.300 22.800,50.300 22.800,50.331 22.750,50.331 22.750,50.237 22.800,50.237 22.800,50.175 22.850,50.175 22.850,50.112 22.900,50.112 22.900,50.050 22.950,50.050 22.950,49.987 23.000,49.987 23.000,49.956 22.950,49.956 22.950,49.925 22.800,49.925 22.800,49.894 22.600,49.894 22.600,49.862 22.450,49.862 22.450,49.831 22.400,49.831 22.400,49.737 22.450,49.737 22.450,49.675 22.500,49.675 22.500,49.519 22.550,49.519 22.550,49.487 22.600,49.487 22.600,49.456 22.650,49.456 22.650,49.425 22.700,49.425 22.700,49.394 22.750,49.394 22.750,49.362 22.800,49.362 22.800,49.331 22.850,49.331 22.850,49.362 23.050,49.362 23.050,49.331 23.250,49.331 23.250,49.362 23.300,49.362 23.300,49.425 23.350,49.425 23.350,49.456 23.400,49.456 23.400,49.487 23.550,49.487 23.550,49.519 23.850,49.519 23.850,49.550 23.900,49.550 23.900,49.706 23.850,49.706 23.850,49.862 23.800,49.862 23.800,49.925 23.900,49.925 23.900,49.956 24.200,49.956 24.200,49.987 24.450,49.987"
2025,22280204,28315223,2973232,22460270,20390440,2069829,1889764,3965190,180066,20508415,2004367,1771789,4030652,"24.050,53.394 24.050,53.331 24.000,53.331 24.000,53.269 23.950,53.269 23.950,53.206 23.900,53.206 23.900,53.144 23.850,53.144 23.850,52.925 23.350,52.925 23.350,52.956 22.900,52.956 22.900,52.862 22.800,52.862 22.800,52.831 22.750,52.831 22.750,52.800 22.700,52.800 22.700,52.769 22.650,52.769 22.650,52.737 22.550,52.737 22.550,52.706 22.500,52.706 22.500,52.675 22.450,52.675 22.450,52.612 22.400,52.612 22.400,52.581 22.450,52.581 22.450,52.550 22.500,52.550 22.500,52.456 22.550,52.456 22.550,52.394 22.700,52.394 22.700,52.362 22.950,52.362 22.950,52.331 23.050,52.331 23.050,52.269 23.100,52.269 23.100,52.300 23.150,52.300 23.150,52.269 23.200,52.269 23.200,52.237 23.250,52.237 23.250,52.206 23.400,52.206 23.400,52.175 23.450,52.175 23.450,52.081 23.500,52.081 23.500,51.987 23.550,51.987 23.550,51.925 23.600,51.925 23.600,51.894 23.650,51.894 23.650,51.862 23.500,51.862 23.500,51.831 23.400,51.831 23.400,51.800 23.250,51.800 23.250,51.769 23.150,51.769 23.150,51.737 23.100,51.737 23.100,51.644 23.050,51.644 23.050,51.519 23.100,51.519 23.100,51.331 23.050,51.331 23.050,51.237 23.100,51.237 23.100,51.206 23.150,51.206 23.150,51.175 23.200,51.175 23.200,51.144 23.250,51.144 23.250,51.081 23.300,51.081 23.300,51.050 23.350,51.050 23.350,51.019 23.400,51.019 23.400,50.987 23.450,50.987 23.450,50.956 23.500,50.956 23.500,50.894 23.550,50.894 23.550,50.737 23.600,50.737 23.600,50.644 23.650,50.644 23.650,50.612 23.700,50.612 23.700,50.581 23.800,50.581 23.800,50.550 23.850,50.550 23.850,50.519 23.900,50.519 23.900,50.456 23.950,50.456 23.950,50.362 23.600,50.362 23.600,50.331 23.500,50.331 23.500,50.300 23.450,50.300 23.450,50.269 23.400,50.269 23.400,50.237 23.350,50.237 23.350,50.175 23.300,50.175 23.300,50.112 23.250,50.112 23.250,49.987 23.200,49.987 23.200,50.019 23.150,50.019 23.150,50.081 23.100,50.081 23.100,50.144 23.050,50.144 23.050,50.175 23.000,50.175 23.000,50.206 22.950,50.206 22.950,50.237 22.900,50.237 22.900,50.269 22.850,50.269 22.850,50.300 22.800,50.300 22.800,50.331 22.750,50.331 22.750,50.237 22.800,50.237 22.800,50.175 22.850,50.175 22.850,50.112 22.900,50.112 22.900,50.050 22.950,50.050 22.950,49.987 23.000,49.987 23.000,49.956 22.950,49.956 22.950,49.925 22.800,49.925 22.800,49.894 22.600,49.894 22.600,49.862 22.450,49.862 22.450,49.831 22.400,49.831 22.400,49.737 22.450,49.737 22.450,49.675 22.500,49.675 22.500,49.519 22.550,49.519 22.550,49.487 22.600,49.487 22.600,49.456 22.650,49.456 22.650,49.425 22.700,49.425 22.700,49.394 22.750,49.394 22.750,49.362 22.800,49.362 22.800,49.331 22.850,49.331 22.850,49.362 23.050,49.362 23.050,49.331 23.250,49.331 23.250,49.362 23.300,49.362 23.300,49.425 23.350,49.425 23.350,49.456 23.400,49.456 23.400,49.487 23.550,49.487 23.550,49.519 23.850,49.519 23.850,49.550 23.900,49.550 23.900,49.706 23.850,49.706 23.850,49.862 23.800,49.862 23.800,49.925 23.900,49.925 23.900,49.956 24.200,49.956 24.200,49.987 24.450,49.987"
2030,21735379,27669974,2954461,21908229,19864774,2043456,1870605,3891139,172850,19979000,1982257,1756379,3952337,"24.050,53.394 24.050,53.331 24.000,53.331 24.000,53.269 23.950,53.269 23.950,53.206 23.900,53.206 23.900,53.144 23.850,53.144 23.850,52.925 23.350,52.925 23.350,52.956 22.900,52.956 22.900,52.862 22.800,52.862 22.800,52.831 22.750,52.831 22.750,52.800 22.700,52.800 22.700,52.769 22.650,52.769 22.650,52.737 22.550,52.737 22.550,52.706 22.500,52.706 22.500,52.675 22.450,52.675 22.450,52.612 22.400,52.612 22.400,52.581 22.450,52.581 22.450,52.550 22.500,52.550 22.500,52.456 22.550,52.456 22.550,52.394 22.700,52.394 22.700,52.362 22.950,52.362 22.950,52.331 23.050,52.331 23.050,52.269 23.100,52.269 23.100,52.300 23.150,52.300 23.150,52.269 23.200,52.269 23.200,52.237 23.250,52.237 23.250,52.206 23.400,52.206 23.400,52.175 23.450,52.175 23.450,52.081 23.500,52.081 23.500,51.987 23.550,51.987 23.550,51.925 23.600,51.925 23.600,51.894 23.650,51.894 23.650,51.862 23.500,51.862 23.500,51.831 23.400,51.831 23.400,51.800 23.250,51.800 23.250,51.769 23.150,51.769 23.150,51.737 23.100,51.737 23.100,51.644 23.050,51.644 23.050,51.519 23.100,51.519 23.100,51.331 23.050,51.331 23.050,51.237 23.100,51.237 23.100,51.206 23.150,51.206 23.150,51.175 23.200,51.175 23.200,51.144 23.250,51.144 23.250,51.081 23.300,51.081 23.300,51.050 23.350,51.050 23.350,51.019 23.400,51.019 23.400,50.987 23.450,50.987 23.450,50.956 23.500,50.956 23.500,50.894 23.550,50.894 23.550,50.737 23.600,50.737 23.600,50.644 23.650,50.644 23.650,50.612 23.700,50.612 23.700,50.581 23.800,50.581 23.800,50.550 23.850,50.550 23.850,50.519 23.900,50.519 23.900,50.456 23.950,50.456 23.950,50.362 23.600,50.362 23.600,50.331 23.500,50.331 23.500,50.300 23.450,50.300 23.450,50.269 23.400,50.269 23.400,50.237 23.350,50.237 23.350,50.175 23.300,50.175 23.300,50.112 23.250,50.112 23.250,49.987 23.200,49.987 23.200,50.019 23.150,50.019 23.150,50.081 23.100,50.081 23.100,50.144 23.050,50.144 23.050,50.175 23.000,50.175 23.000,50.206 22.950,50.206 22.950,50.237 22.900,50.237 22.900,50.269 22.850,50.269 22.850,50.300 22.800,50.300 22.800,50.331 22.750,50.331 22.750,50.237 22.800,50.237 22.800,50.175 22.850,50.175 22.850,50.112 22.900,50.112 22.900,50.050 22.950,50.050 22.950,49.987 23.000,49.987 23.000,49.956 22.950,49.956 22.950,49.925 22.800,49.925 22.800,49.894 22.600,49.894 22.600,49.862 22.450,49.862 22.450,49.831 22.400,49.831 22.400,49.737 22.450,49.737 22.450,49.675 22.500,49.675 22.500,49.519 22.550,49.519 22.550,49.487 22.600,49.487 22.600,49.456 22.650,49.456 22.650,49.425 22.700,49.425 22.700,49.394 22.750,49.394 22.750,49.362 22.800,49.362 22.800,49.331 22.850,49.331 22.850,49.362 23.050,49.362 23.050,49.331 23.250,49.331 23.250,49.362 23.300,49.362 23.300,49.425 23.350,49.425 23.350,49.456 23.400,49.456 23.400,49.487 23.550,49.487 23.550,49.519 23.850,49.519 23.850,49.550 23.900,49.550 23.900,49.706 23.850,49.706 23.850,49.862 23.800,49.862 23.800,49.925 23.900,49.925 23.900,49.956 24.200,49.956 24.200,49.987 24.450,49.987"
2032,21483639,27365212,2944480,21654400,19624437,2029963,1859202,3851610,170761,19737047,1970311,1746591,3911262,"24.050,53.394 24.050,53.331 24.000,53.331 24.000,53.269 23.950,53.269 23.950,53.206 23.900,53.206 23.900,53.144 23.850,53.144 23.850,52.925 23.350,52.925 23.350,52.956 22.900,52.956 22.900,52.862 22.800,52.862 22.800,52.831 22.750,52.831 22.750,52.800 22.700,52.800 22.700,52.769 22.650,52.769 22.650,52.737 22.550,52.737 22.550,52.706 22.500,52.706 22.500,52.675 22.450,52.675 22.450,52.612 22.400,52.612 22.400,52.581 22.450,52.581 22.450,52.550 22.500,52.550 22.500,52.456 22.550,52.456 22.550,52.394 22.700,52.394 22.700,52.362 22.950,52.362 22.950,52.331 23.050,52.331 23.050,52.269 23.100,52.269 23.100,52.300 23.150,52.300 23.150,52.269 23.200,52.269 23.200,52.237 23.250,52.237 23.250,52.206 23.400,52.206 23.400,52.175 23.450,52.175 23.450,52.081 23.500,52.081 23.500,51.987 23.550,51.987 23.550,51.925 23.600,51.925 23.600,51.894 23.650,51.894 23.650,51.862 23.500,51.862 23.500,51.831 23.400,51.831 23.400,51.800 23.250,51.800 23.250,51.769 23.150,51.769 23.150,51.737 23.100,51.737 23.100,51.644 23.050,51.644 23.050,51.519 23.100,51.519 23.100,51.331 23.050,51.331 23.050,51.237 23.100,51.237 23.100,51.206 23.150,51.206 23.150,51.175 23.200,51.175 23.200,51.144 23.250,51.144 23.250,51.081 23.300,51.081 23.300,51.050 23.350,51.050 23.350,51.019 23.400,51.019 23.400,50.987 23.450,50.987 23.450,50.956 23.500,50.956 23.500,50.894 23.550,50.894 23.550,50.737 23.600,50.737 23.600,50.644 23.650,50.644 23.650,50.612 23.700,50.612 23.700,50.581 23.800,50.581 23.800,50.550 23.850,50.550 23.850,50.519 23.900,50.519 23.900,50.456 23.950,50.456 23.950,50.362 23.600,50.362 23.600,50.331 23.500,50.331 23.500,50.300 23.450,50.300 23.450,50.269 23.400,50.269 23.400,50.237 23.350,50.237 23.350,50.175 23.300,50.175 23.300,50.112 23.250,50.112 23.250,49.987 23.200,49.987 23.200,50.019 23.150,50.019 23.150,50.081 23.100,50.081 23.100,50.144 23.050,50.144 23.050,50.175 23.000,50.175 23.000,50.206 22.950,50.206 22.950,50.237 22.900,50.237 22.900,50.269 22.850,50.269 22.850,50.300 22.800,50.300 22.800,50.331 22.750,50.331 22.750,50.237 22.800,50.237 22.800,50.175 22.850,50.175 22.850,50.112 22.900,50.112 22.900,50.050 22.950,50.050 22.950,49.987 23.000,49.987 23.000,49.956 22.950,49.956 22.950,49.925 22.800,49.925 22.800,49.894 22.600,49.894 22.600,49.862 22.450,49.862 22.450,49.831 22.400,49.831 22.400,49.737 22.450,49.737 22.450,49.675 22.500,49.675 22.500,49.519 22.550,49.519 22.550,49.487 22.600,49.487 22.600,49.456 22.650,49.456 22.650,49.425 22.700,49.425 22.700,49.394 22.750,49.394 22.750,49.362 22.800,49.362 22.800,49.331 22.850,49.331 22.850,49.362 23.050,49.362 23.050,49.331 23.250,49.331 23.250,49.362 23.300,49.362 23.300,49.425 23.350,49.425 23.350,49.456 23.400,49.456 23.400,49.487 23.550,49.487 23.550,49.519 23.850,49.519 23.850,49.550 23.900,49.550 23.900,49.706 23.850,49.706 23.850,49.862 23.800,49.862 23.800,49.925 23.900,49.925 23.900,49.956 24.200,49.956 24.200,49.987 24.450,49.987"
