year,poles,people,excluded,west,west_poles,west_others,east_poles,east_others,line_lon_lat
1932,18417605,26838324,3869798,18417605,17494721,922885,922885,7497834,"24.050,53.394 24.050,53.331 24.000,53.331 24.000,53.269 23.950,53.269 23.950,53.206 23.900,53.206 23.900,53.144 23.850,53.144 23.850,52.925 23.800,52.925 23.800,52.862 23.750,52.862 23.750,52.831 23.500,52.831 23.500,52.800 23.300,52.800 23.300,52.737 23.250,52.737 23.250,52.706 23.100,52.706 23.100,52.675 23.050,52.675 23.050,52.644 23.000,52.644 23.000,52.581 22.950,52.581 22.950,52.519 22.900,52.519 22.900,52.425 22.950,52.425 22.950,52.394 23.050,52.394 23.050,52.362 23.150,52.362 23.150,52.331 23.300,52.331 23.300,52.300 23.400,52.300 23.400,52.081 23.450,52.081 23.450,51.956 23.500,51.956 23.500,51.862 23.600,51.862 23.600,51.831 24.200,51.831 24.200,51.800 24.250,51.800 24.250,51.769 24.300,51.769 24.300,51.737 24.200,51.737 24.200,51.706 24.150,51.706 24.150,51.675 24.100,51.675 24.100,51.644 24.050,51.644 24.050,51.612 24.000,51.612 24.000,51.581 23.950,51.581 23.950,51.550 23.900,51.550 23.900,51.519 23.850,51.519 23.850,51.487 23.800,51.487 23.800,51.456 23.750,51.456 23.750,51.425 23.700,51.425 23.700,51.394 23.650,51.394 23.650,51.206 23.700,51.206 23.700,51.081 23.750,51.081 23.750,50.987 24.000,50.987 24.000,50.894 24.050,50.894 24.050,50.675 24.100,50.675 24.100,50.612 24.050,50.612 24.050,50.581 24.000,50.581 24.000,50.550 23.950,50.550 23.950,50.519 23.900,50.519 23.900,50.394 23.750,50.394 23.750,50.362 23.600,50.362 23.600,50.331 23.500,50.331 23.500,50.300 23.450,50.300 23.450,50.269 23.400,50.269 23.400,50.237 23.650,50.237 23.650,50.206 23.300,50.206 23.300,50.144 23.250,50.144 23.250,50.081 23.200,50.081 23.200,50.050 23.150,50.050 23.150,50.112 23.100,50.112 23.100,50.144 23.050,50.144 23.050,50.081 23.000,50.081 23.000,49.956 23.050,49.956 23.050,49.987 23.100,49.987 23.100,49.956 23.150,49.956 23.150,49.925 23.200,49.925 23.200,49.894 23.250,49.894 23.250,49.862 23.300,49.862 23.300,49.831 23.350,49.831 23.350,49.800 23.450,49.800 23.450,49.769 23.500,49.769 23.500,49.737 23.550,49.737 23.550,49.769 23.600,49.769 23.600,49.831 23.700,49.831 23.700,49.737 23.600,49.737 23.600,49.675 23.550,49.675 23.550,49.644 23.450,49.644 23.450,49.612 23.400,49.612 23.400,49.581 23.350,49.581 23.350,49.612 23.300,49.612 23.300,49.644 23.150,49.644 23.150,49.581 23.200,49.581 23.200,49.550 23.250,49.550 23.250,49.487 23.150,49.487 23.150,49.550 23.100,49.550 23.100,49.644 23.000,49.644 23.000,49.675 22.950,49.675 22.950,49.925 22.800,49.925 22.800,49.894 22.750,49.894 22.750,49.831 22.850,49.831 22.850,49.737 22.700,49.737 22.700,49.769 22.650,49.769 22.650,49.800 22.700,49.800 22.700,49.862 22.650,49.862 22.650,49.831 22.550,49.831 22.550,49.800 22.500,49.800 22.500,49.769 22.400,49.769 22.400,49.737 22.450,49.737 22.450,49.675 22.500,49.675 22.500,49.519 22.400,49.519 22.400,49.487 22.350,49.487 22.350,49.456 22.250,49.456 22.250,49.425 22.100,49.425 22.100,49.394 22.000,49.394 22.000,49.362 22.050,49.362 22.050,49.269 22.100,49.269 22.100,49.237 22.150,49.237 22.150,49.206 22.250,49.206 22.250,49.175 22.450,49.175 22.450,49.144 22.550,49.144 22.550,49.112 22.750,49.112 22.750,49.081 22.800,49.081 22.800,49.050 22.900,49.050 22.900,48.987 22.950,48.987 22.950,49.019 23.000,49.019 23.000,49.050 23.050,49.050 23.050,49.081 23.100,49.081 23.100,49.112 23.200,49.112 23.200,49.144 23.300,49.144 23.300,49.175 23.500,49.175 23.500,49.206 23.600,49.206 23.600,49.269 23.550,49.269 23.550,49.300 23.500,49.300 23.500,49.237 23.350,49.237 23.350,49.331 23.400,49.331 23.400,49.362 23.450,49.362 23.450,49.394 23.550,49.394 23.550,49.362 23.600,49.362 23.600,49.300 23.650,49.300 23.650,49.362 23.700,49.362 23.700,49.425 23.750,49.425 23.750,49.456 23.800,49.456 23.800,49.519 23.850,49.519 23.850,49.550 24.100,49.550 24.100,49.519 24.150,49.519 24.150,49.550 24.200,49.550 24.200,49.581 24.250,49.581 24.250,49.612 24.300,49.612 24.300,49.644 24.350,49.644 24.350,49.769 24.400,49.769 24.400,49.831 24.150,49.831 24.150,49.769 24.050,49.769 24.050,49.737 24.000,49.737 24.000,49.769 23.900,49.769 23.900,49.862 23.850,49.862 23.850,50.019 23.900,50.019 23.900,50.050 23.950,50.050 23.950,50.081 24.000,50.081 24.000,50.019 23.950,50.019 23.950,49.987 23.900,49.987 23.900,49.894 23.950,49.894 23.950,49.925 24.100,49.925 24.100,49.894 24.150,49.894 24.150,49.862 24.400,49.862 24.400,50.112 24.350,50.112 24.350,50.144 24.300,50.144 24.300,50.237 24.350,50.237 24.350,50.300 24.400,50.300 24.400,50.425 24.450,50.425 24.450,50.487 24.350,50.487 24.350,50.456 24.300,50.456 24.300,50.425 24.250,50.425 24.250,50.456 24.200,50.456 24.200,50.519 24.450,50.519"
1935,19183213,28040641,3889634,19183213,18197194,986019,986019,7871409,"24.050,53.394 24.050,53.331 24.000,53.331 24.000,53.269 23.950,53.269 23.950,53.206 23.900,53.206 23.900,53.144 23.850,53.144 23.850,52.925 23.800,52.925 23.800,52.894 23.750,52.894 23.750,52.862 23.600,52.862 23.600,52.831 23.300,52.831 23.300,52.737 23.250,52.737 23.250,52.706 23.100,52.706 23.100,52.737 23.050,52.737 23.050,52.675 23.000,52.675 23.000,52.644 22.950,52.644 22.950,52.550 22.900,52.550 22.900,52.487 22.850,52.487 22.850,52.456 22.900,52.456 22.900,52.425 22.950,52.425 22.950,52.394 23.050,52.394 23.050,52.362 23.150,52.362 23.150,52.331 23.300,52.331 23.300,52.300 23.400,52.300 23.400,52.081 23.450,52.081 23.450,51.956 23.500,51.956 23.500,51.862 23.600,51.862 23.600,51.831 24.200,51.831 24.200,51.800 24.250,51.800 24.250,51.769 24.300,51.769 24.300,51.737 24.200,51.737 24.200,51.706 24.150,51.706 24.150,51.675 24.100,51.675 24.100,51.644 24.050,51.644 24.050,51.612 24.000,51.612 24.000,51.581 23.950,51.581 23.950,51.550 23.900,51.550 23.900,51.519 23.850,51.519 23.850,51.487 23.800,51.487 23.800,51.456 23.750,51.456 23.750,51.425 23.700,51.425 23.700,51.394 23.650,51.394 23.650,51.206 23.700,51.206 23.700,51.081 23.750,51.081 23.750,50.987 24.000,50.987 24.000,50.894 24.050,50.894 24.050,50.675 24.100,50.675 24.100,50.612 24.050,50.612 24.050,50.581 24.000,50.581 24.000,50.550 23.950,50.550 23.950,50.519 23.900,50.519 23.900,50.394 23.750,50.394 23.750,50.362 23.600,50.362 23.600,50.331 23.500,50.331 23.500,50.300 23.450,50.300 23.450,50.269 23.400,50.269 23.400,50.237 23.650,50.237 23.650,50.206 23.300,50.206 23.300,50.144 23.250,50.144 23.250,50.081 23.200,50.081 23.200,50.050 23.150,50.050 23.150,50.112 23.100,50.112 23.100,50.144 23.050,50.144 23.050,50.175 23.000,50.175 23.000,49.956 23.050,49.956 23.050,49.987 23.100,49.987 23.100,49.956 23.150,49.956 23.150,49.925 23.200,49.925 23.200,49.894 23.250,49.894 23.250,49.862 23.300,49.862 23.300,49.831 23.350,49.831 23.350,49.737 23.550,49.737 23.550,49.769 23.600,49.769 23.600,49.831 23.700,49.831 23.700,49.737 23.600,49.737 23.600,49.706 23.300,49.706 23.300,49.675 23.250,49.675 23.250,49.644 23.150,49.644 23.150,49.581 23.200,49.581 23.200,49.550 23.250,49.550 23.250,49.487 23.150,49.487 23.150,49.550 23.100,49.550 23.100,49.644 23.000,49.644 23.000,49.675 22.950,49.675 22.950,49.925 22.800,49.925 22.800,49.894 22.700,49.894 22.700,49.831 22.850,49.831 22.850,49.737 22.700,49.737 22.700,49.800 22.650,49.800 22.650,49.862 22.600,49.862 22.600,49.831 22.550,49.831 22.550,49.800 22.450,49.800 22.450,49.769 22.400,49.769 22.400,49.737 22.450,49.737 22.450,49.675 22.500,49.675 22.500,49.519 22.400,49.519 22.400,49.487 22.250,49.487 22.250,49.456 22.150,49.456 22.150,49.425 22.050,49.425 22.050,49.394 22.000,49.394 22.000,49.362 22.050,49.362 22.050,49.269 22.100,49.269 22.100,49.237 22.150,49.237 22.150,49.206 22.250,49.206 22.250,49.175 22.450,49.175 22.450,49.144 22.550,49.144 22.550,49.112 22.750,49.112 22.750,49.081 22.800,49.081 22.800,49.050 22.900,49.050 22.900,48.987 22.950,48.987 22.950,49.019 23.000,49.019 23.000,49.050 23.050,49.050 23.050,49.081 23.100,49.081 23.100,49.112 23.200,49.112 23.200,49.144 23.300,49.144 23.300,49.175 23.500,49.175 23.500,49.206 23.600,49.206 23.600,49.269 23.550,49.269 23.550,49.300 23.500,49.300 23.500,49.237 23.400,49.237 23.400,49.269 23.350,49.269 23.350,49.331 23.450,49.331 23.450,49.394 23.550,49.394 23.550,49.362 23.600,49.362 23.600,49.300 23.650,49.300 23.650,49.362 23.700,49.362 23.700,49.425 23.750,49.425 23.750,49.456 23.800,49.456 23.800,49.519 23.850,49.519 23.850,49.550 24.100,49.550 24.100,49.519 24.150,49.519 24.150,49.550 24.200,49.550 24.200,49.581 24.250,49.581 24.250,49.612 24.300,49.612 24.300,49.644 24.350,49.644 24.350,49.769 24.400,49.769 24.400,49.831 24.150,49.831 24.150,49.769 24.050,49.769 24.050,49.737 24.000,49.737 24.000,49.769 23.900,49.769 23.900,49.862 23.850,49.862 23.850,50.019 23.900,50.019 23.900,50.050 23.950,50.050 23.950,50.081 24.000,50.081 24.000,50.019 23.950,50.019 23.950,49.987 23.900,49.987 23.900,49.894 23.950,49.894 23.950,49.925 24.100,49.925 24.100,49.894 24.150,49.894 24.150,49.862 24.400,49.862 24.400,50.112 24.350,50.112 24.350,50.144 24.300,50.144 24.300,50.237 24.350,50.237 24.350,50.300 24.400,50.300 24.400,50.425 24.450,50.425 24.450,50.487 24.350,50.487 24.350,50.456 24.300,50.456 24.300,50.425 24.250,50.425 24.250,50.456 24.200,50.456 24.200,50.519 24.450,50.519"
1940,20243297,29770146,3917095,20243297,19148980,1094317,1094317,8432532,"24.050,53.394 24.050,53.331 24.000,53.331 24.000,53.269 23.950,53.269 23.950,53.206 23.900,53.206 23.900,53.144 23.850,53.144 23.850,52.925 23.600,52.925 23.600,52.894 23.300,52.894 23.300,52.862 23.150,52.862 23.150,52.831 23.250,52.831 23.250,52.737 23.200,52.737 23.200,52.706 23.150,52.706 23.150,52.737 23.100,52.737 23.100,52.800 23.050,52.800 23.050,52.769 23.000,52.769 23.000,52.737 22.950,52.737 22.950,52.675 22.900,52.675 22.900,52.612 22.850,52.612 22.850,52.519 22.800,52.519 22.800,52.456 22.900,52.456 22.900,52.425 22.950,52.425 22.950,52.394 23.050,52.394 23.050,52.362 23.150,52.362 23.150,52.331 23.300,52.331 23.300,52.300 23.400,52.300 23.400,52.081 23.450,52.081 23.450,51.956 23.500,51.956 23.500,51.862 23.600,51.862 23.600,51.831 24.200,51.831 24.200,51.800 24.250,51.800 24.250,51.769 24.300,51.769 24.300,51.737 24.200,51.737 24.200,51.706 24.150,51.706 24.150,51.675 24.100,51.675 24.100,51.644 24.050,51.644 24.050,51.612 24.000,51.612 24.000,51.581 23.950,51.581 23.950,51.550 23.900,51.550 23.900,51.519 23.850,51.519 23.850,51.487 23.800,51.487 23.800,51.456 23.750,51.456 23.750,51.425 23.700,51.425 23.700,51.394 23.650,51.394 23.650,51.206 23.700,51.206 23.700,51.081 23.750,51.081 23.750,50.987 24.000,50.987 24.000,50.894 24.050,50.894 24.050,50.675 24.100,50.675 24.100,50.612 24.050,50.612 24.050,50.581 24.000,50.581 24.000,50.550 23.950,50.550 23.950,50.519 23.900,50.519 23.900,50.394 23.750,50.394 23.750,50.362 23.600,50.362 23.600,50.331 23.500,50.331 23.500,50.300 23.450,50.300 23.450,50.269 23.400,50.269 23.400,50.237 23.350,50.237 23.350,50.206 23.300,50.206 23.300,50.144 23.250,50.144 23.250,50.081 23.200,50.081 23.200,50.050 23.150,50.050 23.150,50.112 23.100,50.112 23.100,50.144 23.050,50.144 23.050,50.175 23.000,50.175 23.000,50.237 22.950,50.237 22.950,49.987 23.000,49.987 23.000,49.956 23.050,49.956 23.050,49.987 23.100,49.987 23.100,49.956 23.150,49.956 23.150,49.925 23.200,49.925 23.200,49.862 23.150,49.862 23.150,49.769 23.100,49.769 23.100,49.737 23.550,49.737 23.550,49.769 23.600,49.769 23.600,49.800 23.700,49.800 23.700,49.737 23.600,49.737 23.600,49.706 23.100,49.706 23.100,49.675 23.150,49.675 23.150,49.581 23.200,49.581 23.200,49.550 23.250,49.550 23.250,49.487 23.150,49.487 23.150,49.550 23.100,49.550 23.100,49.644 23.050,49.644 23.050,49.706 23.000,49.706 23.000,49.675 22.950,49.675 22.950,49.925 22.800,49.925 22.800,49.894 22.700,49.894 22.700,49.831 22.850,49.831 22.850,49.737 22.700,49.737 22.700,49.800 22.650,49.800 22.650,49.894 22.600,49.894 22.600,49.862 22.550,49.862 22.550,49.831 22.450,49.831 22.450,49.800 22.400,49.800 22.400,49.737 22.450,49.737 22.450,49.675 22.500,49.675 22.500,49.581 22.400,49.581 22.400,49.550 22.300,49.550 22.300,49.519 22.250,49.519 22.250,49.487 22.100,49.487 22.100,49.456 22.000,49.456 22.000,49.425 21.900,49.425 21.900,49.394 22.000,49.394 22.000,49.362 22.050,49.362 22.050,49.269 22.100,49.269 22.100,49.237 22.150,49.237 22.150,49.206 22.250,49.206 22.250,49.175 22.450,49.175 22.450,49.144 22.550,49.144 22.550,49.112 22.750,49.112 22.750,49.081 22.800,49.081 22.800,49.050 22.900,49.050 22.900,48.987 22.950,48.987 22.950,49.019 23.000,49.019 23.000,49.050 23.050,49.050 23.050,49.081 23.100,49.081 23.100,49.112 23.200,49.112 23.200,49.144 23.300,49.144 23.300,49.175 23.500,49.175 23.500,49.206 23.600,49.206 23.600,49.269 23.550,49.269 23.550,49.300 23.500,49.300 23.500,49.269 23.450,49.269 23.450,49.237 23.400,49.237 23.400,49.269 23.350,49.269 23.350,49.331 23.450,49.331 23.450,49.394 23.550,49.394 23.550,49.362 23.600,49.362 23.600,49.300 23.650,49.300 23.650,49.362 23.700,49.362 23.700,49.425 23.750,49.425 23.750,49.456 23.800,49.456 23.800,49.519 23.850,49.519 23.850,49.550 24.100,49.550 24.100,49.519 24.150,49.519 24.150,49.550 24.200,49.550 24.200,49.581 24.250,49.581 24.250,49.612 24.300,49.612 24.300,49.644 24.350,49.644 24.350,49.769 24.400,49.769 24.400,49.831 24.150,49.831 24.150,49.769 23.950,49.769 23.950,49.800 23.900,49.800 23.900,50.050 23.950,50.050 23.950,50.081 24.000,50.081 24.000,50.019 23.950,50.019 23.950,49.925 24.100,49.925 24.100,49.894 24.150,49.894 24.150,49.862 24.400,49.862 24.400,50.112 24.350,50.112 24.350,50.144 24.300,50.144 24.300,50.237 24.350,50.237 24.350,50.300 24.400,50.300 24.400,50.425 24.450,50.425 24.450,50.487 24.350,50.487 24.350,50.456 24.300,50.456 24.300,50.425 24.250,50.425 24.250,50.456 24.200,50.456 24.200,50.519 24.450,50.519"
1945,21084257,31220380,3925108,21084257,19873039,1211218,1211218,8924905,"24.050,53.394 24.050,53.331 24.000,53.331 24.000,53.269 23.950,53.269 23.950,53.206 23.900,53.206 23.900,53.144 23.850,53.144 23.850,52.925 23.350,52.925 23.350,52.956 23.250,52.956 23.250,52.925 23.100,52.925 23.100,52.894 23.050,52.894 23.050,52.862 23.000,52.862 23.000,52.831 22.950,52.831 22.950,52.800 22.900,52.800 22.900,52.737 22.850,52.737 22.850,52.675 22.800,52.675 22.800,52.581 22.750,52.581 22.750,52.487 22.800,52.487 22.800,52.456 22.900,52.456 22.900,52.425 22.950,52.425 22.950,52.394 23.050,52.394 23.050,52.362 23.150,52.362 23.150,52.331 23.300,52.331 23.300,52.300 23.400,52.300 23.400,52.081 23.450,52.081 23.450,51.956 23.500,51.956 23.500,51.862 23.600,51.862 23.600,51.831 24.200,51.831 24.200,51.800 24.250,51.800 24.250,51.769 24.300,51.769 24.300,51.737 24.200,51.737 24.200,51.706 24.150,51.706 24.150,51.675 24.100,51.675 24.100,51.644 24.050,51.644 24.050,51.612 24.000,51.612 24.000,51.581 23.950,51.581 23.950,51.550 23.900,51.550 23.900,51.519 23.850,51.519 23.850,51.487 23.800,51.487 23.800,51.456 23.750,51.456 23.750,51.425 23.700,51.425 23.700,51.394 23.650,51.394 23.650,51.206 23.700,51.206 23.700,51.081 23.750,51.081 23.750,50.987 24.000,50.987 24.000,50.894 24.050,50.894 24.050,50.675 24.100,50.675 24.100,50.612 24.050,50.612 24.050,50.581 24.000,50.581 24.000,50.550 23.950,50.550 23.950,50.519 23.900,50.519 23.900,50.394 23.750,50.394 23.750,50.362 23.600,50.362 23.600,50.331 23.500,50.331 23.500,50.300 23.450,50.300 23.450,50.269 23.400,50.269 23.400,50.237 23.350,50.237 23.350,50.206 23.300,50.206 23.300,50.144 23.250,50.144 23.250,50.081 23.200,50.081 23.200,50.050 23.150,50.050 23.150,50.112 23.100,50.112 23.100,50.144 23.050,50.144 23.050,50.175 23.000,50.175 23.000,50.237 22.950,50.237 22.950,50.269 22.900,50.269 22.900,50.300 22.850,50.300 22.850,50.112 22.900,50.112 22.900,50.050 22.950,50.050 22.950,49.987 23.000,49.987 23.000,49.956 23.050,49.956 23.050,49.925 23.000,49.925 23.000,49.737 23.550,49.737 23.550,49.769 23.600,49.769 23.600,49.800 23.700,49.800 23.700,49.769 23.650,49.769 23.650,49.737 23.600,49.737 23.600,49.706 23.100,49.706 23.100,49.675 23.150,49.675 23.150,49.581 23.200,49.581 23.200,49.550 23.250,49.550 23.250,49.487 23.150,49.487 23.150,49.550 23.100,49.550 23.100,49.644 23.050,49.644 23.050,49.706 22.950,49.706 22.950,49.925 22.800,49.925 22.800,49.894 22.750,49.894 22.750,49.831 22.800,49.831 22.800,49.800 22.850,49.800 22.850,49.737 22.700,49.737 22.700,49.894 22.600,49.894 22.600,49.862 22.450,49.862 22.450,49.831 22.400,49.831 22.400,49.737 22.450,49.737 22.450,49.675 22.400,49.675 22.400,49.644 22.300,49.644 22.300,49.550 22.250,49.550 22.250,49.519 22.100,49.519 22.100,49.550 22.050,49.550 22.050,49.519 21.950,49.519 21.950,49.487 21.900,49.487 21.900,49.456 21.800,49.456 21.800,49.425 21.900,49.425 21.900,49.394 22.000,49.394 22.000,49.362 22.050,49.362 22.050,49.269 22.100,49.269 22.100,49.237 22.150,49.237 22.150,49.206 22.250,49.206 22.250,49.175 22.450,49.175 22.450,49.144 22.550,49.144 22.550,49.112 22.750,49.112 22.750,49.081 22.800,49.081 22.800,49.050 22.900,49.050 22.900,48.987 22.950,48.987 22.950,49.019 23.000,49.019 23.000,49.050 23.050,49.050 23.050,49.081 23.100,49.081 23.100,49.112 23.200,49.112 23.200,49.144 23.300,49.144 23.300,49.175 23.500,49.175 23.500,49.206 23.600,49.206 23.600,49.269 23.550,49.269 23.550,49.300 23.500,49.300 23.500,49.269 23.450,49.269 23.450,49.237 23.400,49.237 23.400,49.269 23.350,49.269 23.350,49.300 23.400,49.300 23.400,49.331 23.450,49.331 23.450,49.394 23.550,49.394 23.550,49.331 23.600,49.331 23.600,49.300 23.650,49.300 23.650,49.362 23.700,49.362 23.700,49.425 23.750,49.425 23.750,49.456 23.800,49.456 23.800,49.519 23.850,49.519 23.850,49.550 24.100,49.550 24.100,49.519 24.150,49.519 24.150,49.550 24.200,49.550 24.200,49.581 24.250,49.581 24.250,49.612 24.300,49.612 24.300,49.644 24.350,49.644 24.350,49.769 24.400,49.769 24.400,49.831 24.150,49.831 24.150,49.800 24.100,49.800 24.100,49.769 23.950,49.769 23.950,49.800 23.900,49.800 23.900,50.050 23.950,50.050 23.950,50.081 24.000,50.081 24.000,50.019 23.950,50.019 23.950,49.925 24.100,49.925 24.100,49.894 24.150,49.894 24.150,49.862 24.400,49.862 24.400,50.112 24.350,50.112 24.350,50.144 24.300,50.144 24.300,50.237 24.350,50.237 24.350,50.300 24.400,50.300 24.400,50.425 24.450,50.425 24.450,50.487 24.350,50.487 24.350,50.456 24.200,50.456 24.200,50.487 24.250,50.487 24.250,50.519 24.450,50.519"
1950,21964030,32806860,3950612,21964030,20609349,1354681,1354681,9488149,"24.050,53.394 24.050,53.331 24.000,53.331 24.000,53.269 23.950,53.269 23.950,53.206 23.900,53.206 23.900,53.144 23.850,53.144 23.850,52.925 23.350,52.925 23.350,52.956 23.050,52.956 23.050,52.925 23.000,52.925 23.000,52.894 22.950,52.894 22.950,52.862 22.900,52.862 22.900,52.800 22.850,52.800 22.850,52.737 22.800,52.737 22.800,52.675 22.750,52.675 22.750,52.581 22.700,52.581 22.700,52.519 22.750,52.519 22.750,52.487 22.800,52.487 22.800,52.456 22.900,52.456 22.900,52.425 22.950,52.425 22.950,52.394 23.050,52.394 23.050,52.362 23.150,52.362 23.150,52.331 23.300,52.331 23.300,52.300 23.400,52.300 23.400,52.081 23.450,52.081 23.450,51.956 23.500,51.956 23.500,51.862 23.600,51.862 23.600,51.831 23.950,51.831 23.950,51.800 23.900,51.800 23.900,51.769 23.800,51.769 23.800,51.737 23.750,51.737 23.750,51.706 23.700,51.706 23.700,51.675 23.650,51.675 23.650,51.644 23.600,51.644 23.600,51.612 23.650,51.612 23.650,51.550 23.800,51.550 23.800,51.519 23.850,51.519 23.850,51.487 23.800,51.487 23.800,51.456 23.750,51.456 23.750,51.425 23.700,51.425 23.700,51.394 23.650,51.394 23.650,51.206 23.700,51.206 23.700,51.081 23.750,51.081 23.750,50.987 24.000,50.987 24.000,50.894 24.050,50.894 24.050,50.675 24.100,50.675 24.100,50.612 24.050,50.612 24.050,50.581 24.000,50.581 24.000,50.550 23.950,50.550 23.950,50.519 23.900,50.519 23.900,50.394 23.750,50.394 23.750,50.362 23.600,50.362 23.600,50.331 23.500,50.331 23.500,50.300 23.450,50.300 23.450,50.269 23.400,50.269 23.400,50.237 23.350,50.237 23.350,50.206 23.300,50.206 23.300,50.144 23.250,50.144 23.250,50.081 23.200,50.081 23.200,50.050 23.150,50.050 23.150,50.112 23.100,50.112 23.100,50.144 23.050,50.144 23.050,50.175 23.000,50.175 23.000,50.237 22.950,50.237 22.950,50.269 22.900,50.269 22.900,50.300 22.800,50.300 22.800,50.175 22.850,50.175 22.850,50.112 22.900,50.112 22.900,50.050 22.950,50.050 22.950,49.987 23.000,49.987 23.000,49.737 23.550,49.737 23.550,49.769 23.600,49.769 23.600,49.800 23.700,49.800 23.700,49.769 23.650,49.769 23.650,49.737 23.600,49.737 23.600,49.706 23.100,49.706 23.100,49.675 23.150,49.675 23.150,49.581 23.200,49.581 23.200,49.550 23.250,49.550 23.250,49.519 23.200,49.519 23.200,49.487 23.150,49.487 23.150,49.550 23.100,49.550 23.100,49.644 23.050,49.644 23.050,49.706 22.950,49.706 22.950,49.925 22.800,49.925 22.800,49.894 22.750,49.894 22.750,49.831 22.800,49.831 22.800,49.800 22.850,49.800 22.850,49.769 22.800,49.769 22.800,49.737 22.700,49.737 22.700,49.894 22.600,49.894 22.600,49.862 22.450,49.862 22.450,49.831 22.400,49.831 22.400,49.737 22.450,49.737 22.450,49.706 22.350,49.706 22.350,49.675 22.250,49.675 22.250,49.644 22.150,49.644 22.150,49.612 22.250,49.612 22.250,49.581 22.300,49.581 22.300,49.550 22.250,49.550 22.250,49.519 22.150,49.519 22.150,49.550 22.100,49.550 22.100,49.581 22.000,49.581 22.000,49.550 21.950,49.550 21.950,49.519 21.900,49.519 21.900,49.487 21.750,49.487 21.750,49.456 21.800,49.456 21.800,49.425 21.900,49.425 21.900,49.394 22.000,49.394 22.000,49.362 22.050,49.362 22.050,49.269 22.100,49.269 22.100,49.237 22.150,49.237 22.150,49.206 22.250,49.206 22.250,49.175 22.450,49.175 22.450,49.144 22.550,49.144 22.550,49.112 22.750,49.112 22.750,49.081 22.800,49.081 22.800,49.050 22.900,49.050 22.900,48.987 22.950,48.987 22.950,49.019 23.000,49.019 23.000,49.050 23.050,49.050 23.050,49.081 23.100,49.081 23.100,49.112 23.200,49.112 23.200,49.144 23.300,49.144 23.300,49.175 23.500,49.175 23.500,49.206 23.600,49.206 23.600,49.269 23.550,49.269 23.550,49.300 23.450,49.300 23.450,49.269 23.400,49.269 23.400,49.331 23.450,49.331 23.450,49.362 23.550,49.362 23.550,49.331 23.600,49.331 23.600,49.300 23.650,49.300 23.650,49.362 23.700,49.362 23.700,49.425 23.750,49.425 23.750,49.456 23.800,49.456 23.800,49.519 23.850,49.519 23.850,49.550 24.100,49.550 24.100,49.519 24.150,49.519 24.150,49.550 24.200,49.550 24.200,49.581 24.250,49.581 24.250,49.612 24.300,49.612 24.300,49.644 24.350,49.644 24.350,49.769 24.400,49.769 24.400,49.831 24.150,49.831 24.150,49.800 24.100,49.800 24.100,49.769 23.950,49.769 23.950,49.800 23.900,49.800 23.900,49.862 23.950,49.862 23.950,49.894 24.000,49.894 24.000,49.925 24.050,49.925 24.050,49.894 24.100,49.894 24.100,49.862 24.400,49.862 24.400,50.112 24.350,50.112 24.350,50.144 24.300,50.144 24.300,50.237 24.350,50.237 24.350,50.300 24.400,50.300 24.400,50.425 24.450,50.425 24.450,50.487 24.300,50.487 24.300,50.456 24.250,50.456 24.250,50.519 24.450,50.519"
1955,23036145,34844826,4006330,23036145,21506786,1529359,1529359,10279321,"24.050,53.394 24.050,53.331 24.000,53.331 24.000,53.269 23.950,53.269 23.950,53.206 23.900,53.206 23.900,53.144 23.850,53.144 23.850,52.925 23.350,52.925 23.350,52.956 23.000,52.956 23.000,52.925 22.950,52.925 22.950,52.894 22.900,52.894 22.900,52.831 22.850,52.831 22.850,52.769 22.800,52.769 22.800,52.706 22.750,52.706 22.750,52.612 22.700,52.612 22.700,52.519 22.750,52.519 22.750,52.487 22.800,52.487 22.800,52.456 22.900,52.456 22.900,52.425 22.950,52.425 22.950,52.394 23.050,52.394 23.050,52.362 23.150,52.362 23.150,52.331 23.300,52.331 23.300,52.300 23.400,52.300 23.400,52.081 23.450,52.081 23.450,51.956 23.500,51.956 23.500,51.862 23.600,51.862 23.600,51.831 23.850,51.831 23.850,51.800 23.750,51.800 23.750,51.769 23.700,51.769 23.700,51.737 23.650,51.737 23.650,51.706 23.550,51.706 23.550,51.675 23.500,51.675 23.500,51.612 23.650,51.612 23.650,51.519 23.700,51.519 23.700,51.487 23.800,51.487 23.800,51.456 23.750,51.456 23.750,51.425 23.700,51.425 23.700,51.394 23.650,51.394 23.650,51.206 23.700,51.206 23.700,51.081 23.750,51.081 23.750,50.987 24.000,50.987 24.000,50.894 24.050,50.894 24.050,50.675 24.100,50.675 24.100,50.612 24.050,50.612 24.050,50.581 24.000,50.581 24.000,50.550 23.950,50.550 23.950,50.519 23.900,50.519 23.900,50.394 23.750,50.394 23.750,50.362 23.600,50.362 23.600,50.331 23.500,50.331 23.500,50.300 23.450,50.300 23.450,50.269 23.400,50.269 23.400,50.237 23.350,50.237 23.350,50.206 23.300,50.206 23.300,50.144 23.250,50.144 23.250,50.081 23.200,50.081 23.200,50.050 23.150,50.050 23.150,50.112 23.100,50.112 23.100,50.144 23.050,50.144 23.050,50.175 23.000,50.175 23.000,50.237 22.950,50.237 22.950,50.269 22.900,50.269 22.900,50.300 22.800,50.300 22.800,50.175 22.850,50.175 22.850,50.112 22.900,50.112 22.900,50.050 22.950,50.050 22.950,49.987 23.000,49.987 23.000,49.956 22.950,49.956 22.950,49.925 22.800,49.925 22.800,49.894 22.750,49.894 22.750,49.831 22.800,49.831 22.800,49.800 22.850,49.800 22.850,49.769 22.800,49.769 22.800,49.737 22.750,49.737 22.750,49.769 22.700,49.769 22.700,49.894 22.600,49.894 22.600,49.862 22.450,49.862 22.450,49.831 22.400,49.831 22.400,49.706 22.300,49.706 22.300,49.675 22.250,49.675 22.250,49.644 22.150,49.644 22.150,49.612 22.250,49.612 22.250,49.519 22.150,49.519 22.150,49.550 22.100,49.550 22.100,49.612 22.050,49.612 22.050,49.581 22.000,49.581 22.000,49.550 21.950,49.550 21.950,49.519 21.850,49.519 21.850,49.487 21.700,49.487 21.700,49.456 21.800,49.456 21.800,49.425 21.900,49.425 21.900,49.394 22.000,49.394 22.000,49.362 22.050,49.362 22.050,49.269 22.100,49.269 22.100,49.237 22.150,49.237 22.150,49.206 22.250,49.206 22.250,49.175 22.450,49.175 22.450,49.144 22.550,49.144 22.550,49.112 22.750,49.112 22.750,49.081 22.800,49.081 22.800,49.050 22.900,49.050 22.900,48.987 22.950,48.987 22.950,49.019 23.000,49.019 23.000,49.050 23.050,49.050 23.050,49.081 23.100,49.081 23.100,49.112 23.200,49.112 23.200,49.144 23.300,49.144 23.300,49.175 23.500,49.175 23.500,49.206 23.600,49.206 23.600,49.269 23.550,49.269 23.550,49.300 23.450,49.300 23.450,49.269 23.400,49.269 23.400,49.331 23.500,49.331 23.500,49.362 23.550,49.362 23.550,49.331 23.600,49.331 23.600,49.300 23.650,49.300 23.650,49.362 23.700,49.362 23.700,49.425 23.750,49.425 23.750,49.456 23.800,49.456 23.800,49.519 23.850,49.519 23.850,49.550 24.100,49.550 24.100,49.519 24.150,49.519 24.150,49.550 24.200,49.550 24.200,49.581 24.250,49.581 24.250,49.612 24.300,49.612 24.300,49.644 24.350,49.644 24.350,49.769 24.400,49.769 24.400,49.831 24.100,49.831 24.100,49.769 24.000,49.769 24.000,49.800 23.950,49.800 23.950,49.894 24.100,49.894 24.100,49.862 24.400,49.862 24.400,50.112 24.350,50.112 24.350,50.144 24.300,50.144 24.300,50.237 24.350,50.237 24.350,50.300 24.400,50.300 24.400,50.425 24.450,50.425 24.450,50.487 24.300,50.487 24.300,50.456 24.250,50.456 24.250,50.519 24.450,50.519"
1960,23995447,36860002,4045714,23995447,22266540,1728908,1728908,11135647,"24.050,53.394 24.050,53.331 24.000,53.331 24.000,53.269 23.950,53.269 23.950,53.206 23.900,53.206 23.900,53.144 23.850,53.144 23.850,52.925 23.350,52.925 23.350,52.956 22.950,52.956 22.950,52.894 22.900,52.894 22.900,52.831 22.850,52.831 22.850,52.769 22.800,52.769 22.800,52.706 22.750,52.706 22.750,52.612 22.700,52.612 22.700,52.519 22.750,52.519 22.750,52.487 22.800,52.487 22.800,52.456 22.900,52.456 22.900,52.425 22.950,52.425 22.950,52.394 23.050,52.394 23.050,52.362 23.150,52.362 23.150,52.331 23.300,52.331 23.300,52.300 23.400,52.300 23.400,52.081 23.450,52.081 23.450,51.956 23.500,51.956 23.500,51.862 23.600,51.862 23.600,51.831 23.750,51.831 23.750,51.800 23.700,51.800 23.700,51.769 23.600,51.769 23.600,51.737 23.550,51.737 23.550,51.706 23.500,51.706 23.500,51.675 23.450,51.675 23.450,51.644 23.400,51.644 23.400,51.519 23.450,51.519 23.450,51.612 23.600,51.612 23.600,51.581 23.650,51.581 23.650,51.487 23.600,51.487 23.600,51.456 23.750,51.456 23.750,51.425 23.700,51.425 23.700,51.394 23.650,51.394 23.650,51.206 23.700,51.206 23.700,51.081 23.750,51.081 23.750,50.987 24.000,50.987 24.000,50.894 24.050,50.894 24.050,50.675 24.100,50.675 24.100,50.612 24.050,50.612 24.050,50.581 24.000,50.581 24.000,50.550 23.950,50.550 23.950,50.519 23.900,50.519 23.900,50.394 23.750,50.394 23.750,50.362 23.600,50.362 23.600,50.331 23.500,50.331 23.500,50.300 23.450,50.300 23.450,50.269 23.400,50.269 23.400,50.237 23.350,50.237 23.350,50.206 23.300,50.206 23.300,50.144 23.250,50.144 23.250,50.081 23.200,50.081 23.200,50.050 23.150,50.050 23.150,50.112 23.100,50.112 23.100,50.144 23.050,50.144 23.050,50.175 23.000,50.175 23.000,50.237 22.950,50.237 22.950,50.269 22.900,50.269 22.900,50.300 22.800,50.300 22.800,50.175 22.850,50.175 22.850,50.112 22.900,50.112 22.900,50.050 22.950,50.050 22.950,49.925 22.800,49.925 22.800,49.894 22.750,49.894 22.750,49.831 22.800,49.831 22.800,49.737 22.750,49.737 22.750,49.769 22.700,49.769 22.700,49.894 22.600,49.894 22.600,49.862 22.450,49.862 22.450,49.831 22.400,49.831 22.400,49.706 22.300,49.706 22.300,49.675 22.200,49.675 22.200,49.644 22.150,49.644 22.150,49.612 22.250,49.612 22.250,49.519 22.150,49.519 22.150,49.550 22.100,49.550 22.100,49.612 22.050,49.612 22.050,49.581 22.000,49.581 22.000,49.550 21.950,49.550 21.950,49.519 21.800,49.519 21.800,49.487 21.650,49.487 21.650,49.456 21.800,49.456 21.800,49.425 21.900,49.425 21.900,49.394 22.000,49.394 22.000,49.362 22.050,49.362 22.050,49.269 22.100,49.269 22.100,49.237 22.150,49.237 22.150,49.206 22.250,49.206 22.250,49.175 22.450,49.175 22.450,49.144 22.550,49.144 22.550,49.112 22.750,49.112 22.750,49.081 22.800,49.081 22.800,49.050 22.900,49.050 22.900,48.987 22.950,48.987 22.950,49.019 23.000,49.019 23.000,49.050 23.050,49.050 23.050,49.081 23.100,49.081 23.100,49.112 23.200,49.112 23.200,49.144 23.300,49.144 23.300,49.175 23.500,49.175 23.500,49.206 23.600,49.206 23.600,49.300 23.650,49.300 23.650,49.362 23.700,49.362 23.700,49.425 23.750,49.425 23.750,49.456 23.800,49.456 23.800,49.519 23.850,49.519 23.850,49.550 24.100,49.550 24.100,49.519 24.150,49.519 24.150,49.550 24.200,49.550 24.200,49.581 24.250,49.581 24.250,49.612 24.300,49.612 24.300,49.644 24.350,49.644 24.350,49.769 24.400,49.769 24.400,49.831 24.100,49.831 24.100,49.800 23.950,49.800 23.950,49.862 24.000,49.862 24.000,49.894 24.050,49.894 24.050,49.862 24.400,49.862 24.400,50.112 24.350,50.112 24.350,50.144 24.300,50.144 24.300,50.237 24.350,50.237 24.350,50.300 24.400,50.300 24.400,50.425 24.450,50.425 24.450,50.487 24.300,50.487 24.300,50.456 24.250,50.456 24.250,50.519 24.450,50.519"
1965,24658945,38503616,4053426,24658945,22734391,1924554,1924554,11920116,"24.050,53.394 24.050,53.331 24.000,53.331 24.000,53.269 23.950,53.269 23.950,53.206 23.900,53.206 23.900,53.144 23.850,53.144 23.850,52.925 23.350,52.925 23.350,52.956 23.000,52.956 23.000,52.925 22.950,52.925 22.950,52.894 22.900,52.894 22.900,52.831 22.850,52.831 22.850,52.769 22.800,52.769 22.800,52.706 22.750,52.706 22.750,52.581 22.700,52.581 22.700,52.519 22.750,52.519 22.750,52.487 22.800,52.487 22.800,52.456 22.900,52.456 22.900,52.425 22.950,52.425 22.950,52.394 23.050,52.394 23.050,52.362 23.150,52.362 23.150,52.331 23.300,52.331 23.300,52.300 23.400,52.300 23.400,52.081 23.450,52.081 23.450,51.956 23.500,51.956 23.500,51.862 23.600,51.862 23.600,51.831 23.800,51.831 23.800,51.800 23.700,51.800 23.700,51.769 23.650,51.769 23.650,51.737 23.600,51.737 23.600,51.706 23.550,51.706 23.550,51.675 23.500,51.675 23.500,51.644 23.450,51.644 23.450,51.612 23.650,51.612 23.650,51.487 23.750,51.487 23.750,51.425 23.700,51.425 23.700,51.394 23.650,51.394 23.650,51.206 23.700,51.206 23.700,51.081 23.750,51.081 23.750,50.987 24.000,50.987 24.000,50.894 24.050,50.894 24.050,50.675 24.100,50.675 24.100,50.612 24.050,50.612 24.050,50.581 24.000,50.581 24.000,50.550 23.950,50.550 23.950,50.519 23.900,50.519 23.900,50.394 23.750,50.394 23.750,50.362 23.600,50.362 23.600,50.331 23.500,50.331 23.500,50.300 23.450,50.300 23.450,50.269 23.400,50.269 23.400,50.237 23.350,50.237 23.350,50.206 23.300,50.206 23.300,50.144 23.250,50.144 23.250,50.081 23.200,50.081 23.200,50.050 23.150,50.050 23.150,50.112 23.100,50.112 23.100,50.144 23.050,50.144 23.050,50.175 23.000,50.175 23.000,50.237 22.950,50.237 22.950,50.269 22.900,50.269 22.900,50.300 22.800,50.300 22.800,50.175 22.850,50.175 22.850,50.112 22.900,50.112 22.900,50.050 22.950,50.050 22.950,49.925 22.800,49.925 22.800,49.894 22.750,49.894 22.750,49.831 22.800,49.831 22.800,49.737 22.750,49.737 22.750,49.769 22.700,49.769 22.700,49.894 22.600,49.894 22.600,49.862 22.450,49.862 22.450,49.831 22.400,49.831 22.400,49.706 22.300,49.706 22.300,49.675 22.250,49.675 22.250,49.644 22.150,49.644 22.150,49.612 22.250,49.612 22.250,49.519 22.150,49.519 22.150,49.550 22.100,49.550 22.100,49.612 22.050,49.612 22.050,49.581 22.000,49.581 22.000,49.550 21.950,49.550 21.950,49.519 21.800,49.519 21.800,49.487 21.650,49.487 21.650,49.456 21.800,49.456 21.800,49.425 21.900,49.425 21.900,49.394 22.000,49.394 22.000,49.362 22.050,49.362 22.050,49.269 22.100,49.269 22.100,49.237 22.150,49.237 22.150,49.206 22.250,49.206 22.250,49.175 22.450,49.175 22.450,49.144 22.550,49.144 22.550,49.112 22.750,49.112 22.750,49.081 22.800,49.081 22.800,49.050 22.900,49.050 22.900,48.987 22.950,48.987 22.950,49.019 23.000,49.019 23.000,49.050 23.050,49.050 23.050,49.081 23.100,49.081 23.100,49.112 23.200,49.112 23.200,49.144 23.300,49.144 23.300,49.175 23.500,49.175 23.500,49.206 23.600,49.206 23.600,49.300 23.650,49.300 23.650,49.362 23.700,49.362 23.700,49.425 23.750,49.425 23.750,49.456 23.800,49.456 23.800,49.519 23.850,49.519 23.850,49.550 24.100,49.550 24.100,49.519 24.150,49.519 24.150,49.550 24.200,49.550 24.200,49.581 24.250,49.581 24.250,49.612 24.300,49.612 24.300,49.644 24.350,49.644 24.350,49.769 24.400,49.769 24.400,49.831 24.000,49.831 24.000,49.862 24.400,49.862 24.400,50.112 24.350,50.112 24.350,50.144 24.300,50.144 24.300,50.237 24.350,50.237 24.350,50.300 24.400,50.300 24.400,50.425 24.450,50.425 24.450,50.487 24.300,50.487 24.300,50.456 24.250,50.456 24.250,50.519 24.450,50.519"
1970,25105272,39842557,4043546,25105272,23027132,2078141,2078141,12659144,"24.050,53.394 24.050,53.331 24.000,53.331 24.000,53.269 23.950,53.269 23.950,53.206 23.900,53.206 23.900,53.144 23.850,53.144 23.850,52.956 23.800,52.956 23.800,52.925 23.350,52.925 23.350,52.956 23.000,52.956 23.000,52.925 22.950,52.925 22.950,52.862 22.900,52.862 22.900,52.831 22.850,52.831 22.850,52.769 22.800,52.769 22.800,52.675 22.750,52.675 22.750,52.581 22.700,52.581 22.700,52.519 22.750,52.519 22.750,52.487 22.800,52.487 22.800,52.456 22.900,52.456 22.900,52.425 22.950,52.425 22.950,52.394 23.050,52.394 23.050,52.362 23.150,52.362 23.150,52.331 23.300,52.331 23.300,52.300 23.400,52.300 23.400,52.081 23.450,52.081 23.450,51.956 23.500,51.956 23.500,51.862 23.600,51.862 23.600,51.831 23.800,51.831 23.800,51.800 23.750,51.800 23.750,51.769 23.700,51.769 23.700,51.737 23.650,51.737 23.650,51.706 23.600,51.706 23.600,51.675 23.550,51.675 23.550,51.644 23.500,51.644 23.500,51.612 23.650,51.612 23.650,51.519 23.700,51.519 23.700,51.487 23.800,51.487 23.800,51.456 23.750,51.456 23.750,51.425 23.700,51.425 23.700,51.394 23.650,51.394 23.650,51.206 23.700,51.206 23.700,51.081 23.750,51.081 23.750,50.987 24.000,50.987 24.000,50.894 24.050,50.894 24.050,50.675 24.100,50.675 24.100,50.612 24.050,50.612 24.050,50.581 24.000,50.581 24.000,50.550 23.950,50.550 23.950,50.519 23.900,50.519 23.900,50.394 23.750,50.394 23.750,50.362 23.600,50.362 23.600,50.331 23.500,50.331 23.500,50.300 23.450,50.300 23.450,50.269 23.400,50.269 23.400,50.237 23.350,50.237 23.350,50.206 23.300,50.206 23.300,50.144 23.250,50.144 23.250,50.081 23.200,50.081 23.200,50.050 23.150,50.050 23.150,50.112 23.100,50.112 23.100,50.144 23.050,50.144 23.050,50.175 23.000,50.175 23.000,50.237 22.950,50.237 22.950,50.269 22.900,50.269 22.900,50.300 22.800,50.300 22.800,50.175 22.850,50.175 22.850,50.112 22.900,50.112 22.900,50.050 22.950,50.050 22.950,49.925 22.800,49.925 22.800,49.894 22.750,49.894 22.750,49.831 22.800,49.831 22.800,49.800 22.850,49.800 22.850,49.769 22.800,49.769 22.800,49.737 22.750,49.737 22.750,49.769 22.700,49.769 22.700,49.894 22.600,49.894 22.600,49.862 22.450,49.862 22.450,49.831 22.400,49.831 22.400,49.737 22.450,49.737 22.450,49.706 22.350,49.706 22.350,49.675 22.250,49.675 22.250,49.644 22.150,49.644 22.150,49.612 22.250,49.612 22.250,49.519 22.150,49.519 22.150,49.550 22.100,49.550 22.100,49.581 22.000,49.581 22.000,49.550 21.950,49.550 21.950,49.519 21.850,49.519 21.850,49.487 21.700,49.487 21.700,49.456 21.800,49.456 21.800,49.425 21.900,49.425 21.900,49.394 22.000,49.394 22.000,49.362 22.050,49.362 22.050,49.269 22.100,49.269 22.100,49.237 22.150,49.237 22.150,49.206 22.250,49.206 22.250,49.175 22.450,49.175 22.450,49.144 22.550,49.144 22.550,49.112 22.750,49.112 22.750,49.081 22.800,49.081 22.800,49.050 22.900,49.050 22.900,48.956 22.950,48.956"
1975,25440920,41044212,4031032,25440920,23181988,2258933,2258933,13344359,"24.050,53.394 24.050,53.331 24.000,53.331 24.000,53.269 23.950,53.269 23.950,53.206 23.900,53.206 23.900,53.144 23.850,53.144 23.850,53.050 23.800,53.050 23.800,52.987 23.750,52.987 23.750,52.925 23.350,52.925 23.350,52.956 22.950,52.956 22.950,52.894 22.900,52.894 22.900,52.862 22.850,52.862 22.850,52.800 22.800,52.800 22.800,52.706 22.750,52.706 22.750,52.612 22.700,52.612 22.700,52.519 22.750,52.519 22.750,52.487 22.800,52.487 22.800,52.456 22.900,52.456 22.900,52.425 22.950,52.425 22.950,52.394 23.050,52.394 23.050,52.362 23.150,52.362 23.150,52.331 23.300,52.331 23.300,52.300 23.400,52.300 23.400,52.081 23.450,52.081 23.450,51.956 23.500,51.956 23.500,51.862 23.600,51.862 23.600,51.831 23.700,51.831 23.700,51.800 23.600,51.800 23.600,51.769 23.550,51.769 23.550,51.737 23.500,51.737 23.500,51.706 23.450,51.706 23.450,51.675 23.400,51.675 23.400,51.644 23.350,51.644 23.350,51.519 23.400,51.519 23.400,51.487 23.450,51.487 23.450,51.581 23.500,51.581 23.500,51.612 23.600,51.612 23.600,51.581 23.650,51.581 23.650,51.487 23.500,51.487 23.500,51.456 23.650,51.456 23.650,51.425 23.700,51.425 23.700,51.394 23.650,51.394 23.650,51.206 23.700,51.206 23.700,51.081 23.750,51.081 23.750,50.987 24.000,50.987 24.000,50.894 24.050,50.894 24.050,50.675 24.100,50.675 24.100,50.612 24.050,50.612 24.050,50.581 24.000,50.581 24.000,50.550 23.950,50.550 23.950,50.519 23.900,50.519 23.900,50.394 23.750,50.394 23.750,50.362 23.600,50.362 23.600,50.331 23.500,50.331 23.500,50.300 23.450,50.300 23.450,50.269 23.400,50.269 23.400,50.237 23.350,50.237 23.350,50.206 23.300,50.206 23.300,50.144 23.250,50.144 23.250,50.081 23.200,50.081 23.200,50.050 23.150,50.050 23.150,50.112 23.100,50.112 23.100,50.144 23.050,50.144 23.050,50.175 23.000,50.175 23.000,50.237 22.950,50.237 22.950,50.269 22.900,50.269 22.900,50.300 22.800,50.300 22.800,50.175 22.850,50.175 22.850,50.112 22.900,50.112 22.900,50.050 22.950,50.050 22.950,49.987 22.900,49.987 22.900,49.925 22.800,49.925 22.800,49.894 22.600,49.894 22.600,49.862 22.450,49.862 22.450,49.831 22.400,49.831 22.400,49.706 22.300,49.706 22.300,49.675 22.200,49.675 22.200,49.644 22.150,49.644 22.150,49.612 22.250,49.612 22.250,49.519 22.150,49.519 22.150,49.550 22.100,49.550 22.100,49.612 22.050,49.612 22.050,49.581 22.000,49.581 22.000,49.550 21.950,49.550 21.950,49.519 21.750,49.519 21.750,49.487 21.600,49.487 21.600,49.456 21.800,49.456 21.800,49.425 21.900,49.425 21.900,49.394 22.000,49.394 22.000,49.362 22.050,49.362 22.050,49.269 22.100,49.269 22.100,49.237 22.150,49.237 22.150,49.206 22.250,49.206 22.250,49.175 22.450,49.175 22.450,49.144 22.550,49.144 22.550,49.112 22.750,49.112 22.750,49.081 22.800,49.081 22.800,49.050 22.900,49.050 22.900,48.956 22.950,48.956"
1980,25778857,42351317,4022077,25778857,23331891,2446966,2446966,14125494,"24.050,53.394 24.050,53.331 24.000,53.331 24.000,53.269 23.950,53.269 23.950,53.206 23.900,53.206 23.900,53.144 23.850,53.144 23.850,53.112 23.750,53.112 23.750,53.019 23.700,53.019 23.700,52.987 23.650,52.987 23.650,52.956 23.450,52.956 23.450,52.925 23.350,52.925 23.350,52.956 22.950,52.956 22.950,52.925 22.900,52.925 22.900,52.862 22.850,52.862 22.850,52.800 22.800,52.800 22.800,52.706 22.750,52.706 22.750,52.644 22.700,52.644 22.700,52.519 22.750,52.519 22.750,52.487 22.800,52.487 22.800,52.456 22.900,52.456 22.900,52.425 22.950,52.425 22.950,52.394 23.050,52.394 23.050,52.362 23.150,52.362 23.150,52.331 23.300,52.331 23.300,52.300 23.400,52.300 23.400,52.081 23.450,52.081 23.450,51.956 23.500,51.956 23.500,51.862 23.600,51.862 23.600,51.831 23.550,51.831 23.550,51.800 23.500,51.800 23.500,51.769 23.450,51.769 23.450,51.737 23.350,51.737 23.350,51.675 23.300,51.675 23.300,51.644 23.250,51.644 23.250,51.487 23.300,51.487 23.300,51.456 23.350,51.456 23.350,51.425 23.450,51.425 23.450,51.394 23.650,51.394 23.650,51.206 23.700,51.206 23.700,51.081 23.750,51.081 23.750,50.987 24.000,50.987 24.000,50.894 24.050,50.894 24.050,50.675 24.100,50.675 24.100,50.612 24.050,50.612 24.050,50.581 24.000,50.581 24.000,50.550 23.950,50.550 23.950,50.519 23.900,50.519 23.900,50.487 23.850,50.487 23.850,50.456 23.750,50.456 23.750,50.425 23.650,50.425 23.650,50.394 23.550,50.394 23.550,50.362 23.500,50.362 23.500,50.331 23.400,50.331 23.400,50.300 23.350,50.300 23.350,50.269 23.300,50.269 23.300,50.206 23.250,50.206 23.250,50.144 23.200,50.144 23.200,50.050 23.150,50.050 23.150,50.112 23.100,50.112 23.100,50.144 23.050,50.144 23.050,50.175 23.000,50.175 23.000,50.237 22.950,50.237 22.950,50.269 22.900,50.269 22.900,50.300 22.800,50.300 22.800,50.175 22.850,50.175 22.850,50.112 22.900,50.112 22.900,49.987 22.850,49.987 22.850,49.925 22.800,49.925 22.800,49.894 22.600,49.894 22.600,49.862 22.450,49.862 22.450,49.831 22.400,49.831 22.400,49.737 22.300,49.737 22.300,49.706 22.250,49.706 22.250,49.675 22.150,49.675 22.150,49.612 22.200,49.612 22.200,49.581 22.250,49.581 22.250,49.519 22.150,49.519 22.150,49.581 22.100,49.581 22.100,49.612 22.050,49.612 22.050,49.581 22.000,49.581 22.000,49.550 21.950,49.550 21.950,49.519 21.900,49.519 21.900,49.550 21.800,49.550 21.800,49.519 21.650,49.519 21.650,49.487 21.550,49.487 21.550,49.456 21.800,49.456 21.800,49.425 21.900,49.425 21.900,49.394 22.000,49.394 22.000,49.362 22.050,49.362 22.050,49.269 22.100,49.269 22.100,49.237 22.150,49.237 22.150,49.206 22.250,49.206 22.250,49.175 22.450,49.175 22.450,49.144 22.550,49.144 22.550,49.112 22.750,49.112 22.750,49.081 22.800,49.081 22.800,49.050 22.900,49.050 22.900,48.956 22.950,48.956"
1985,26030514,43665482,4007172,26030514,23391518,2638996,2638996,14995971,"24.050,53.394 24.050,53.331 24.000,53.331 24.000,53.269 23.950,53.269 23.950,53.206 23.900,53.206 23.900,53.144 23.850,53.144 23.850,53.112 23.800,53.112 23.800,53.144 23.700,53.144 23.700,53.175 23.600,53.175 23.600,53.206 23.550,53.206 23.550,53.237 23.450,53.237 23.450,53.269 23.350,53.269 23.350,53.300 23.250,53.300 23.250,53.331 23.150,53.331 23.150,53.362 23.050,53.362 23.050,53.394 22.950,53.394 22.950,53.425 22.850,53.425 22.850,53.394 22.900,53.394 22.900,53.362 23.000,53.362 23.000,53.331 23.100,53.331 23.100,53.300 23.200,53.300 23.200,53.269 23.300,53.269 23.300,53.237 23.400,53.237 23.400,53.206 23.500,53.206 23.500,53.175 23.550,53.175 23.550,53.144 23.650,53.144 23.650,53.112 23.750,53.112 23.750,53.081 23.700,53.081 23.700,53.019 23.650,53.019 23.650,52.987 23.400,52.987 23.400,52.956 22.950,52.956 22.950,52.925 22.900,52.925 22.900,52.862 22.850,52.862 22.850,52.800 22.800,52.800 22.800,52.706 22.750,52.706 22.750,52.644 22.700,52.644 22.700,52.519 22.750,52.519 22.750,52.487 22.800,52.487 22.800,52.456 22.900,52.456 22.900,52.425 22.950,52.425 22.950,52.394 23.050,52.394 23.050,52.362 23.150,52.362 23.150,52.331 23.300,52.331 23.300,52.300 23.400,52.300 23.400,52.081 23.450,52.081 23.450,51.956 23.500,51.956 23.500,51.862 23.550,51.862 23.550,51.831 23.500,51.831 23.500,51.800 23.400,51.800 23.400,51.769 23.350,51.769 23.350,51.737 23.300,51.737 23.300,51.675 23.250,51.675 23.250,51.644 23.200,51.644 23.200,51.519 23.050,51.519 23.050,51.456 23.100,51.456 23.100,51.487 23.200,51.487 23.200,51.456 23.250,51.456 23.250,51.425 23.350,51.425 23.350,51.394 23.450,51.394 23.450,51.362 23.650,51.362 23.650,51.206 23.700,51.206 23.700,51.081 23.750,51.081 23.750,50.987 24.000,50.987 24.000,50.894 24.050,50.894 24.050,50.800 24.000,50.800 24.000,50.706 23.950,50.706 23.950,50.644 23.900,50.644 23.900,50.581 23.850,50.581 23.850,50.550 23.750,50.550 23.750,50.519 23.700,50.519 23.700,50.487 23.650,50.487 23.650,50.456 23.550,50.456 23.550,50.425 23.500,50.425 23.500,50.394 23.400,50.394 23.400,50.362 23.350,50.362 23.350,50.331 23.300,50.331 23.300,50.300 23.250,50.300 23.250,50.237 23.200,50.237 23.200,50.175 23.150,50.175 23.150,50.112 23.100,50.112 23.100,50.144 23.050,50.144 23.050,50.175 23.000,50.175 23.000,50.237 22.950,50.237 22.950,50.269 22.900,50.269 22.900,50.300 22.800,50.300 22.800,50.331 22.750,50.331 22.750,50.237 22.800,50.237 22.800,50.175 22.850,50.175 22.850,50.112 22.900,50.112 22.900,50.019 22.850,50.019 22.850,49.956 22.800,49.956 22.800,49.894 22.600,49.894 22.600,49.862 22.450,49.862 22.450,49.831 22.400,49.831 22.400,49.737 22.300,49.737 22.300,49.706 22.200,49.706 22.200,49.675 22.150,49.675 22.150,49.612 22.200,49.612 22.200,49.550 22.150,49.550 22.150,49.581 22.100,49.581 22.100,49.612 22.050,49.612 22.050,49.581 22.000,49.581 22.000,49.550 21.950,49.550 21.950,49.519 21.900,49.519 21.900,49.550 21.750,49.550 21.750,49.519 21.600,49.519 21.600,49.487 21.550,49.487 21.550,49.456 21.800,49.456 21.800,49.425 21.900,49.425 21.900,49.394 22.000,49.394 22.000,49.362 22.050,49.362 22.050,49.269 22.100,49.269 22.100,49.237 22.150,49.237 22.150,49.206 22.250,49.206 22.250,49.175 22.450,49.175 22.450,49.144 22.550,49.144 22.550,49.112 22.750,49.112 22.750,49.081 22.800,49.081 22.800,49.050 22.900,49.050 22.900,48.956 22.950,48.956"
1990,26053690,44688009,3973933,26053690,23241689,2812000,2812000,15822319,"24.050,53.394 24.050,53.331 24.000,53.331 24.000,53.269 23.950,53.269 23.950,53.206 23.900,53.206 23.900,53.144 23.850,53.144 23.850,53.112 23.800,53.112 23.800,53.144 23.700,53.144 23.700,53.175 23.600,53.175 23.600,53.206 23.550,53.206 23.550,53.237 23.450,53.237 23.450,53.269 23.350,53.269 23.350,53.300 23.250,53.300 23.250,53.331 23.150,53.331 23.150,53.362 23.050,53.362 23.050,53.394 22.950,53.394 22.950,53.425 22.850,53.425 22.850,53.394 22.900,53.394 22.900,53.362 23.000,53.362 23.000,53.331 23.100,53.331 23.100,53.300 23.200,53.300 23.200,53.269 23.300,53.269 23.300,53.237 23.400,53.237 23.400,53.206 23.500,53.206 23.500,53.175 23.550,53.175 23.550,53.144 23.650,53.144 23.650,53.050 23.550,53.050 23.550,53.019 23.350,53.019 23.350,52.987 23.150,52.987 23.150,52.956 22.900,52.956 22.900,52.862 22.850,52.862 22.850,52.800 22.800,52.800 22.800,52.706 22.750,52.706 22.750,52.644 22.700,52.644 22.700,52.519 22.750,52.519 22.750,52.487 22.800,52.487 22.800,52.456 22.900,52.456 22.900,52.425 22.950,52.425 22.950,52.394 23.050,52.394 23.050,52.362 23.150,52.362 23.150,52.331 23.300,52.331 23.300,52.300 23.400,52.300 23.400,52.081 23.450,52.081 23.450,51.956 23.500,51.956 23.500,51.894 23.450,51.894 23.450,51.862 23.400,51.862 23.400,51.831 23.350,51.831 23.350,51.769 23.300,51.769 23.300,51.737 23.250,51.737 23.250,51.675 23.200,51.675 23.200,51.612 23.150,51.612 23.150,51.519 23.050,51.519 23.050,51.394 23.100,51.394 23.100,51.487 23.150,51.487 23.150,51.456 23.200,51.456 23.200,51.425 23.250,51.425 23.250,51.394 23.300,51.394 23.300,51.362 23.400,51.362 23.400,51.331 23.550,51.331 23.550,51.300 23.650,51.300 23.650,51.206 23.700,51.206 23.700,51.081 23.750,51.081 23.750,50.987 23.950,50.987 23.950,50.956 23.900,50.956 23.900,50.862 24.000,50.862 24.000,50.769 23.950,50.769 23.950,50.737 23.850,50.737 23.850,50.769 23.800,50.769 23.800,50.675 23.750,50.675 23.750,50.612 23.700,50.612 23.700,50.581 23.650,50.581 23.650,50.550 23.550,50.550 23.550,50.519 23.500,50.519 23.500,50.394 23.350,50.394 23.350,50.425 23.300,50.425 23.300,50.394 23.250,50.394 23.250,50.362 23.200,50.362 23.200,50.300 23.150,50.300 23.150,50.237 23.100,50.237 23.100,50.144 23.050,50.144 23.050,50.175 23.000,50.175 23.000,50.237 22.950,50.237 22.950,50.269 22.900,50.269 22.900,50.300 22.800,50.300 22.800,50.331 22.750,50.331 22.750,50.237 22.800,50.237 22.800,50.175 22.850,50.175 22.850,50.019 22.800,50.019 22.800,49.956 22.750,49.956 22.750,49.894 22.600,49.894 22.600,49.862 22.450,49.862 22.450,49.831 22.400,49.831 22.400,49.769 22.350,49.769 22.350,49.737 22.300,49.737 22.300,49.706 22.200,49.706 22.200,49.675 22.150,49.675 22.150,49.644 22.100,49.644 22.100,49.612 22.050,49.612 22.050,49.581 21.950,49.581 21.950,49.550 21.900,49.550 21.900,49.581 21.800,49.581 21.800,49.550 21.650,49.550 21.650,49.519 21.550,49.519 21.550,49.456 21.800,49.456 21.800,49.425 21.900,49.425 21.900,49.394 22.000,49.394 22.000,49.362 22.050,49.362 22.050,49.269 22.100,49.269 22.100,49.237 22.150,49.237 22.150,49.206 22.250,49.206 22.250,49.175 22.450,49.175 22.450,49.144 22.550,49.144 22.550,49.112 22.750,49.112 22.750,49.081 22.800,49.081 22.800,49.050 22.900,49.050 22.900,48.956 22.950,48.956"
1995,25894651,45408400,3929333,25894651,22926570,2968081,2968081,16545668,"24.050,53.394 24.050,53.331 24.000,53.331 24.000,53.269 23.950,53.269 23.950,53.206 23.900,53.206 23.900,53.144 23.850,53.144 23.850,53.112 23.800,53.112 23.800,53.144 23.700,53.144 23.700,53.175 23.600,53.175 23.600,53.206 23.550,53.206 23.550,53.237 23.450,53.237 23.450,53.269 23.350,53.269 23.350,53.300 23.250,53.300 23.250,53.331 23.150,53.331 23.150,53.362 23.050,53.362 23.050,53.394 22.950,53.394 22.950,53.425 22.900,53.425 22.900,53.456 23.000,53.456 23.000,53.487 23.100,53.487 23.100,53.519 23.150,53.519 23.150,53.550 23.200,53.550 23.200,53.581 23.300,53.581 23.300,53.612 23.350,53.612 23.350,53.644 23.250,53.644 23.250,53.612 23.150,53.612 23.150,53.581 23.100,53.581 23.100,53.550 23.050,53.550 23.050,53.519 22.950,53.519 22.950,53.487 22.850,53.487 22.850,53.550 22.800,53.550 22.800,53.581 22.750,53.581 22.750,53.612 22.700,53.612 22.700,53.675 22.650,53.675 22.650,53.706 22.600,53.706 22.600,53.675 22.550,53.675 22.550,53.581 22.650,53.581 22.650,53.550 22.700,53.550 22.700,53.519 22.800,53.519 22.800,53.456 22.850,53.456 22.850,53.394 22.800,53.394 22.800,53.362 23.000,53.362 23.000,53.331 23.100,53.331 23.100,53.300 23.200,53.300 23.200,53.269 23.300,53.269 23.300,53.237 23.400,53.237 23.400,53.206 23.500,53.206 23.500,53.175 23.550,53.175 23.550,53.144 23.600,53.144 23.600,53.081 23.500,53.081 23.500,53.050 23.350,53.050 23.350,53.019 23.150,53.019 23.150,52.987 23.050,52.987 23.050,52.956 22.900,52.956 22.900,52.862 22.850,52.862 22.850,52.800 22.800,52.800 22.800,52.706 22.750,52.706 22.750,52.644 22.700,52.644 22.700,52.519 22.750,52.519 22.750,52.487 22.800,52.487 22.800,52.456 22.900,52.456 22.900,52.425 22.950,52.425 22.950,52.394 23.050,52.394 23.050,52.362 23.150,52.362 23.150,52.331 23.300,52.331 23.300,52.300 23.400,52.300 23.400,52.081 23.450,52.081 23.450,51.956 23.500,51.956 23.500,51.894 23.400,51.894 23.400,51.862 23.350,51.862 23.350,51.831 23.300,51.831 23.300,51.737 23.250,51.737 23.250,51.706 23.200,51.706 23.200,51.675 23.150,51.675 23.150,51.581 23.100,51.581 23.100,51.519 23.050,51.519 23.050,51.581 23.000,51.581 23.000,51.456 23.050,51.456 23.050,51.362 23.100,51.362 23.100,51.487 23.150,51.487 23.150,51.425 23.200,51.425 23.200,51.394 23.250,51.394 23.250,51.362 23.300,51.362 23.300,51.331 23.400,51.331 23.400,51.300 23.550,51.300 23.550,51.269 23.650,51.269 23.650,51.206 23.700,51.206 23.700,51.081 23.750,51.081 23.750,50.987 23.850,50.987 23.850,50.925 23.800,50.925 23.800,50.862 23.950,50.862 23.950,50.831 24.000,50.831 24.000,50.800 23.950,50.800 23.950,50.769 23.900,50.769 23.900,50.737 23.850,50.737 23.850,50.769 23.800,50.769 23.800,50.831 23.750,50.831 23.750,50.737 23.700,50.737 23.700,50.675 23.650,50.675 23.650,50.612 23.600,50.612 23.600,50.581 23.550,50.581 23.550,50.550 23.450,50.550 23.450,50.519 23.500,50.519 23.500,50.394 23.350,50.394 23.350,50.425 23.300,50.425 23.300,50.456 23.250,50.456 23.250,50.394 23.200,50.394 23.200,50.362 23.150,50.362 23.150,50.300 23.100,50.300 23.100,50.237 23.050,50.237 23.050,50.175 23.000,50.175 23.000,50.237 22.950,50.237 22.950,50.269 22.900,50.269 22.900,50.300 22.800,50.300 22.800,50.331 22.750,50.331 22.750,50.237 22.800,50.237 22.800,50.175 22.850,50.175 22.850,50.081 22.800,50.081 22.800,50.019 22.700,50.019 22.700,50.050 22.650,50.050 22.650,49.987 22.750,49.987 22.750,49.925 22.700,49.925 22.700,49.894 22.600,49.894 22.600,49.862 22.450,49.862 22.450,49.831 22.400,49.831 22.400,49.769 22.350,49.769 22.350,49.737 22.300,49.737 22.300,49.706 22.200,49.706 22.200,49.675 22.150,49.675 22.150,49.644 22.100,49.644 22.100,49.612 22.000,49.612 22.000,49.581 21.750,49.581 21.750,49.550 21.600,49.550 21.600,49.519 21.550,49.519 21.550,49.456 21.800,49.456 21.800,49.425 21.900,49.425 21.900,49.394 22.000,49.394 22.000,49.362 22.050,49.362 22.050,49.269 22.100,49.269 22.100,49.237 22.150,49.237 22.150,49.206 22.250,49.206 22.250,49.175 22.450,49.175 22.450,49.144 22.550,49.144 22.550,49.112 22.750,49.112 22.750,49.081 22.800,49.081 22.800,49.050 22.900,49.050 22.900,48.956 22.950,48.956"
2000,25639440,45919763,3885591,25639440,22531774,3107667,3107667,17172657,"24.050,53.394 24.050,53.331 24.000,53.331 24.000,53.269 23.950,53.269 23.950,53.206 23.900,53.206 23.900,53.144 23.850,53.144 23.850,53.112 23.800,53.112 23.800,53.144 23.700,53.144 23.700,53.175 23.600,53.175 23.600,53.206 23.550,53.206 23.550,53.237 23.450,53.237 23.450,53.269 23.350,53.269 23.350,53.300 23.250,53.300 23.250,53.331 23.150,53.331 23.150,53.362 23.050,53.362 23.050,53.394 22.950,53.394 22.950,53.425 22.900,53.425 22.900,53.456 23.000,53.456 23.000,53.487 23.100,53.487 23.100,53.519 23.200,53.519 23.200,53.550 23.300,53.550 23.300,53.581 23.350,53.581 23.350,53.644 23.250,53.644 23.250,53.612 23.150,53.612 23.150,53.581 23.100,53.581 23.100,53.550 23.050,53.550 23.050,53.519 22.950,53.519 22.950,53.487 22.850,53.487 22.850,53.550 22.800,53.550 22.800,53.581 22.750,53.581 22.750,53.612 22.700,53.612 22.700,53.675 22.650,53.675 22.650,53.706 22.600,53.706 22.600,53.675 22.500,53.675 22.500,53.612 22.550,53.612 22.550,53.581 22.600,53.581 22.600,53.550 22.650,53.550 22.650,53.519 22.700,53.519 22.700,53.487 22.800,53.487 22.800,53.456 22.850,53.456 22.850,53.394 22.800,53.394 22.800,53.362 22.900,53.362 22.900,53.331 23.100,53.331 23.100,53.300 23.200,53.300 23.200,53.269 23.300,53.269 23.300,53.237 23.400,53.237 23.400,53.206 23.450,53.206 23.450,53.112 23.400,53.112 23.400,53.081 23.250,53.081 23.250,53.050 23.150,53.050 23.150,53.019 23.050,53.019 23.050,52.987 23.000,52.987 23.000,52.956 22.900,52.956 22.900,52.862 22.850,52.862 22.850,52.800 22.800,52.800 22.800,52.706 22.750,52.706 22.750,52.644 22.700,52.644 22.700,52.519 22.750,52.519 22.750,52.487 22.800,52.487 22.800,52.456 22.900,52.456 22.900,52.425 22.950,52.425 22.950,52.394 23.050,52.394 23.050,52.362 23.150,52.362 23.150,52.331 23.300,52.331 23.300,52.300 23.400,52.300 23.400,52.081 23.450,52.081 23.450,51.925 23.400,51.925 23.400,51.894 23.350,51.894 23.350,51.862 23.300,51.862 23.300,51.831 23.250,51.831 23.250,51.800 23.300,51.800 23.300,51.769 23.250,51.769 23.250,51.737 23.200,51.737 23.200,51.706 23.150,51.706 23.150,51.644 23.100,51.644 23.100,51.519 23.050,51.519 23.050,51.612 23.000,51.612 23.000,51.394 23.050,51.394 23.050,51.331 23.100,51.331 23.100,51.425 23.150,51.425 23.150,51.394 23.200,51.394 23.200,51.331 23.300,51.331 23.300,51.300 23.400,51.300 23.400,51.269 23.500,51.269 23.500,51.237 23.650,51.237 23.650,51.206 23.700,51.206 23.700,51.081 23.750,51.081 23.750,50.987 23.800,50.987 23.800,50.956 23.750,50.956 23.750,50.862 23.950,50.862 23.950,50.831 24.000,50.831 24.000,50.800 23.950,50.800 23.950,50.769 23.900,50.769 23.900,50.737 23.850,50.737 23.850,50.769 23.800,50.769 23.800,50.831 23.700,50.831 23.700,50.737 23.650,50.737 23.650,50.675 23.600,50.675 23.600,50.737 23.550,50.737 23.550,50.675 23.500,50.675 23.500,50.644 23.550,50.644 23.550,50.612 23.500,50.612 23.500,50.581 23.450,50.581 23.450,50.550 23.400,50.550 23.400,50.519 23.500,50.519 23.500,50.394 23.350,50.394 23.350,50.425 23.300,50.425 23.300,50.487 23.250,50.487 23.250,50.456 23.200,50.456 23.200,50.425 23.150,50.425 23.150,50.362 23.100,50.362 23.100,50.300 23.050,50.300 23.050,50.206 23.000,50.206 23.000,50.237 22.950,50.237 22.950,50.269 22.900,50.269 22.900,50.300 22.800,50.300 22.800,50.331 22.750,50.331 22.750,50.237 22.800,50.237 22.800,50.050 22.600,50.050 22.600,49.987 22.650,49.987 22.650,49.956 22.700,49.956 22.700,49.925 22.650,49.925 22.650,49.894 22.600,49.894 22.600,49.862 22.450,49.862 22.450,49.831 22.400,49.831 22.400,49.769 22.350,49.769 22.350,49.737 22.300,49.737 22.300,49.706 22.200,49.706 22.200,49.675 22.150,49.675 22.150,49.644 22.050,49.644 22.050,49.612 21.950,49.612 21.950,49.581 21.900,49.581 21.900,49.612 21.850,49.612 21.850,49.581 21.700,49.581 21.700,49.550 21.500,49.550 21.500,49.519 21.550,49.519 21.550,49.456 21.800,49.456 21.800,49.425 21.900,49.425 21.900,49.394 22.000,49.394 22.000,49.362 22.050,49.362 22.050,49.269 22.100,49.269 22.100,49.237 22.150,49.237 22.150,49.206 22.250,49.206 22.250,49.175 22.450,49.175 22.450,49.144 22.550,49.144 22.550,49.112 22.750,49.112 22.750,49.081 22.800,49.081 22.800,49.050 22.900,49.050 22.900,48.956 22.950,48.956"
2005,25313259,46286841,3848748,25313259,22076631,3236629,3236629,17736954,"24.050,53.394 24.050,53.331 24.000,53.331 24.000,53.269 23.950,53.269 23.950,53.206 23.900,53.206 23.900,53.144 23.850,53.144 23.850,53.112 23.800,53.112 23.800,53.144 23.700,53.144 23.700,53.175 23.600,53.175 23.600,53.206 23.550,53.206 23.550,53.237 23.450,53.237 23.450,53.269 23.350,53.269 23.350,53.300 23.250,53.300 23.250,53.331 23.150,53.331 23.150,53.362 23.050,53.362 23.050,53.394 22.950,53.394 22.950,53.425 22.900,53.425 22.900,53.456 23.000,53.456 23.000,53.487 23.100,53.487 23.100,53.519 23.200,53.519 23.200,53.550 23.300,53.550 23.300,53.581 23.350,53.581 23.350,53.644 23.250,53.644 23.250,53.612 23.150,53.612 23.150,53.581 23.100,53.581 23.100,53.550 23.050,53.550 23.050,53.519 22.950,53.519 22.950,53.487 22.850,53.487 22.850,53.550 22.800,53.550 22.800,53.581 22.750,53.581 22.750,53.612 22.700,53.612 22.700,53.675 22.650,53.675 22.650,53.706 22.600,53.706 22.600,53.675 22.500,53.675 22.500,53.612 22.550,53.612 22.550,53.581 22.600,53.581 22.600,53.550 22.650,53.550 22.650,53.519 22.700,53.519 22.700,53.487 22.750,53.487 22.750,53.456 22.850,53.456 22.850,53.394 22.800,53.394 22.800,53.362 22.850,53.362 22.850,53.331 23.050,53.331 23.050,53.300 23.200,53.300 23.200,53.269 23.300,53.269 23.300,53.237 23.350,53.237 23.350,53.206 23.400,53.206 23.400,53.112 23.300,53.112 23.300,53.081 23.250,53.081 23.250,53.112 23.200,53.112 23.200,53.144 23.150,53.144 23.150,53.050 23.100,53.050 23.100,53.019 23.000,53.019 23.000,52.987 22.950,52.987 22.950,53.019 22.900,53.019 22.900,52.862 22.850,52.862 22.850,52.800 22.800,52.800 22.800,52.706 22.750,52.706 22.750,52.644 22.700,52.644 22.700,52.519 22.750,52.519 22.750,52.487 22.800,52.487 22.800,52.456 22.900,52.456 22.900,52.425 22.950,52.425 22.950,52.394 23.050,52.394 23.050,52.362 23.150,52.362 23.150,52.331 23.300,52.331 23.300,52.300 23.400,52.300 23.400,52.081 23.450,52.081 23.450,51.925 23.400,51.925 23.400,51.894 23.350,51.894 23.350,51.862 23.300,51.862 23.300,51.831 23.250,51.831 23.250,51.800 23.200,51.800 23.200,51.769 23.250,51.769 23.250,51.737 23.200,51.737 23.200,51.706 23.150,51.706 23.150,51.644 23.100,51.644 23.100,51.519 23.050,51.519 23.050,51.612 23.000,51.612 23.000,51.362 23.050,51.362 23.050,51.331 23.100,51.331 23.100,51.425 23.150,51.425 23.150,51.394 23.200,51.394 23.200,51.331 23.300,51.331 23.300,51.300 23.350,51.300 23.350,51.269 23.500,51.269 23.500,51.237 23.600,51.237 23.600,51.206 23.700,51.206 23.700,51.081 23.750,51.081 23.750,50.925 23.700,50.925 23.700,50.862 23.950,50.862 23.950,50.831 24.000,50.831 24.000,50.800 23.950,50.800 23.950,50.769 23.800,50.769 23.800,50.831 23.700,50.831 23.700,50.800 23.650,50.800 23.650,50.706 23.600,50.706 23.600,50.737 23.550,50.737 23.550,50.706 23.500,50.706 23.500,50.675 23.450,50.675 23.450,50.644 23.550,50.644 23.550,50.612 23.450,50.612 23.450,50.581 23.400,50.581 23.400,50.550 23.350,50.550 23.350,50.519 23.450,50.519 23.450,50.487 23.500,50.487 23.500,50.394 23.350,50.394 23.350,50.425 23.300,50.425 23.300,50.487 23.250,50.487 23.250,50.456 23.200,50.456 23.200,50.425 23.150,50.425 23.150,50.394 23.100,50.394 23.100,50.331 23.050,50.331 23.050,50.237 23.000,50.237 23.000,50.269 22.900,50.269 22.900,50.300 22.800,50.300 22.800,50.331 22.750,50.331 22.750,50.237 22.800,50.237 22.800,50.050 22.600,50.050 22.600,49.987 22.650,49.987 22.650,49.956 22.700,49.956 22.700,49.925 22.650,49.925 22.650,49.894 22.600,49.894 22.600,49.862 22.450,49.862 22.450,49.831 22.400,49.831 22.400,49.769 22.350,49.769 22.350,49.737 22.300,49.737 22.300,49.706 22.200,49.706 22.200,49.675 22.150,49.675 22.150,49.644 22.050,49.644 22.050,49.612 21.950,49.612 21.950,49.581 21.900,49.581 21.900,49.612 21.800,49.612 21.800,49.581 21.650,49.581 21.650,49.550 21.500,49.550 21.500,49.519 21.550,49.519 21.550,49.456 21.800,49.456 21.800,49.425 21.900,49.425 21.900,49.394 22.000,49.394 22.000,49.362 22.050,49.362 22.050,49.269 22.100,49.269 22.100,49.237 22.150,49.237 22.150,49.206 22.250,49.206 22.250,49.175 22.450,49.175 22.450,49.144 22.550,49.144 22.550,49.112 22.750,49.112 22.750,49.081 22.800,49.081 22.800,49.050 22.900,49.050 22.900,48.956 22.950,48.956"
2010,25015655,46678817,3830431,25015655,21646525,3369130,3369130,18294033,"24.050,53.394 24.050,53.331 24.000,53.331 24.000,53.269 23.950,53.269 23.950,53.206 23.900,53.206 23.900,53.144 23.850,53.144 23.850,53.112 23.800,53.112 23.800,53.144 23.700,53.144 23.700,53.175 23.600,53.175 23.600,53.206 23.550,53.206 23.550,53.237 23.450,53.237 23.450,53.269 23.350,53.269 23.350,53.300 23.250,53.300 23.250,53.331 23.150,53.331 23.150,53.362 23.050,53.362 23.050,53.394 22.950,53.394 22.950,53.425 22.900,53.425 22.900,53.456 23.000,53.456 23.000,53.487 23.100,53.487 23.100,53.519 23.200,53.519 23.200,53.550 23.300,53.550 23.300,53.581 23.400,53.581 23.400,53.612 23.350,53.612 23.350,53.644 23.250,53.644 23.250,53.612 23.150,53.612 23.150,53.581 23.100,53.581 23.100,53.550 23.050,53.550 23.050,53.519 22.950,53.519 22.950,53.487 22.850,53.487 22.850,53.550 22.800,53.550 22.800,53.581 22.750,53.581 22.750,53.612 22.700,53.612 22.700,53.675 22.650,53.675 22.650,53.706 22.600,53.706 22.600,53.675 22.500,53.675 22.500,53.612 22.550,53.612 22.550,53.581 22.600,53.581 22.600,53.550 22.650,53.550 22.650,53.519 22.700,53.519 22.700,53.487 22.750,53.487 22.750,53.456 22.800,53.456 22.800,53.425 22.850,53.425 22.850,53.394 22.800,53.394 22.800,53.362 22.850,53.362 22.850,53.331 23.050,53.331 23.050,53.300 23.200,53.300 23.200,53.269 23.250,53.269 23.250,53.237 23.350,53.237 23.350,53.175 23.400,53.175 23.400,53.144 23.350,53.144 23.350,53.112 23.250,53.112 23.250,53.144 23.200,53.144 23.200,53.175 23.150,53.175 23.150,53.144 23.100,53.144 23.100,53.081 23.150,53.081 23.150,53.050 23.100,53.050 23.100,53.019 23.000,53.019 23.000,52.987 22.950,52.987 22.950,53.019 22.900,53.019 22.900,52.862 22.850,52.862 22.850,52.800 22.800,52.800 22.800,52.706 22.750,52.706 22.750,52.644 22.700,52.644 22.700,52.519 22.750,52.519 22.750,52.487 22.800,52.487 22.800,52.456 22.900,52.456 22.900,52.425 22.950,52.425 22.950,52.394 23.050,52.394 23.050,52.362 23.150,52.362 23.150,52.331 23.300,52.331 23.300,52.300 23.400,52.300 23.400,52.081 23.450,52.081 23.450,51.956 23.400,51.956 23.400,51.894 23.350,51.894 23.350,51.862 23.300,51.862 23.300,51.831 23.250,51.831 23.250,51.800 23.200,51.800 23.200,51.769 23.250,51.769 23.250,51.737 23.200,51.737 23.200,51.706 23.150,51.706 23.150,51.644 23.100,51.644 23.100,51.519 23.050,51.519 23.050,51.644 23.000,51.644 23.000,51.550 22.950,51.550 22.950,51.487 23.000,51.487 23.000,51.362 23.050,51.362 23.050,51.331 23.100,51.331 23.100,51.425 23.150,51.425 23.150,51.394 23.200,51.394 23.200,51.331 23.300,51.331 23.300,51.300 23.350,51.300 23.350,51.269 23.500,51.269 23.500,51.237 23.600,51.237 23.600,51.206 23.700,51.206 23.700,51.081 23.750,51.081 23.750,50.894 23.700,50.894 23.700,50.862 23.950,50.862 23.950,50.831 24.000,50.831 24.000,50.800 23.950,50.800 23.950,50.769 23.900,50.769 23.900,50.737 23.850,50.737 23.850,50.769 23.800,50.769 23.800,50.831 23.700,50.831 23.700,50.769 23.650,50.769 23.650,50.706 23.600,50.706 23.600,50.737 23.550,50.737 23.550,50.706 23.500,50.706 23.500,50.675 23.450,50.675 23.450,50.644 23.550,50.644 23.550,50.612 23.500,50.612 23.500,50.581 23.450,50.581 23.450,50.550 23.350,50.550 23.350,50.519 23.500,50.519 23.500,50.394 23.350,50.394 23.350,50.425 23.300,50.425 23.300,50.487 23.250,50.487 23.250,50.456 23.200,50.456 23.200,50.425 23.150,50.425 23.150,50.394 23.100,50.394 23.100,50.331 23.050,50.331 23.050,50.237 23.000,50.237 23.000,50.269 22.900,50.269 22.900,50.300 22.800,50.300 22.800,50.331 22.750,50.331 22.750,50.237 22.800,50.237 22.800,50.050 22.600,50.050 22.600,49.987 22.650,49.987 22.650,49.956 22.700,49.956 22.700,49.925 22.650,49.925 22.650,49.894 22.600,49.894 22.600,49.862 22.450,49.862 22.450,49.831 22.400,49.831 22.400,49.769 22.350,49.769 22.350,49.737 22.300,49.737 22.300,49.706 22.200,49.706 22.200,49.675 22.150,49.675 22.150,49.644 22.050,49.644 22.050,49.612 21.950,49.612 21.950,49.581 21.900,49.581 21.900,49.612 21.850,49.612 21.850,49.581 21.700,49.581 21.700,49.550 21.550,49.550 21.550,49.456 21.800,49.456 21.800,49.425 21.900,49.425 21.900,49.394 22.000,49.394 22.000,49.362 22.050,49.362 22.050,49.269 22.100,49.269 22.100,49.237 22.150,49.237 22.150,49.206 22.250,49.206 22.250,49.175 22.450,49.175 22.450,49.144 22.550,49.144 22.550,49.112 22.750,49.112 22.750,49.081 22.800,49.081 22.800,49.050 22.900,49.050 22.900,48.956 22.950,48.956"
2015,24649956,46932540,3815347,24649956,21146127,3503828,3503828,18778756,"22.950,48.956 22.900,48.956 22.900,49.050 22.800,49.050 22.800,49.081 22.750,49.081 22.750,49.112 22.550,49.112 22.550,49.144 22.450,49.144 22.450,49.175 22.250,49.175 22.250,49.206 22.150,49.206 22.150,49.237 22.100,49.237 22.100,49.269 22.050,49.269 22.050,49.362 22.000,49.362 22.000,49.394 21.900,49.394 21.900,49.425 21.800,49.425 21.800,49.456 21.550,49.456 21.550,49.550 21.700,49.550 21.700,49.581 21.850,49.581 21.850,49.612 21.900,49.612 21.900,49.581 21.950,49.581 21.950,49.612 22.050,49.612 22.050,49.644 22.150,49.644 22.150,49.675 22.200,49.675 22.200,49.706 22.300,49.706 22.300,49.737 22.350,49.737 22.350,49.769 22.400,49.769 22.400,49.831 22.450,49.831 22.450,49.862 22.600,49.862 22.600,49.894 22.650,49.894 22.650,49.925 22.700,49.925 22.700,49.956 22.650,49.956 22.650,49.987 22.600,49.987 22.600,50.050 22.800,50.050 22.800,50.237 22.750,50.237 22.750,50.331 22.800,50.331 22.800,50.300 22.900,50.300 22.900,50.269 23.050,50.269 23.050,50.331 23.100,50.331 23.100,50.394 23.150,50.394 23.150,50.425 23.200,50.425 23.200,50.456 23.250,50.456 23.250,50.487 23.300,50.487 23.300,50.425 23.350,50.425 23.350,50.394 23.500,50.394 23.500,50.487 23.450,50.487 23.450,50.519 23.350,50.519 23.350,50.550 23.400,50.550 23.400,50.581 23.500,50.581 23.500,50.612 23.550,50.612 23.550,50.644 23.450,50.644 23.450,50.675 23.500,50.675 23.500,50.737 23.600,50.737 23.600,50.706 23.650,50.706 23.650,50.800 23.700,50.800 23.700,50.831 23.800,50.831 23.800,50.769 23.850,50.769 23.850,50.737 23.900,50.737 23.900,50.769 23.950,50.769 23.950,50.800 24.000,50.800 24.000,50.831 23.950,50.831 23.950,50.862 23.700,50.862 23.700,50.925 23.750,50.925 23.750,51.081 23.700,51.081 23.700,51.175 23.650,51.175 23.650,51.206 23.600,51.206 23.600,51.237 23.500,51.237 23.500,51.269 23.350,51.269 23.350,51.300 23.300,51.300 23.300,51.331 23.200,51.331 23.200,51.394 23.150,51.394 23.150,51.425 23.100,51.425 23.100,51.331 23.050,51.331 23.050,51.362 23.000,51.362 23.000,51.456 22.950,51.456 22.950,51.581 23.000,51.581 23.000,51.644 23.050,51.644 23.050,51.519 23.100,51.519 23.100,51.644 23.150,51.644 23.150,51.706 23.200,51.706 23.200,51.737 23.250,51.737 23.250,51.769 23.200,51.769 23.200,51.800 23.250,51.800 23.250,51.831 23.300,51.831 23.300,51.862 23.350,51.862 23.350,51.925 23.400,51.925 23.400,51.956 23.450,51.956 23.450,52.081 23.400,52.081 23.400,52.300 23.300,52.300 23.300,52.331 23.150,52.331 23.150,52.362 23.050,52.362 23.050,52.394 22.950,52.394 22.950,52.425 22.900,52.425 22.900,52.456 22.800,52.456 22.800,52.487 22.750,52.487 22.750,52.519 22.700,52.519 22.700,52.644 22.750,52.644 22.750,52.706 22.800,52.706 22.800,52.800 22.850,52.800 22.850,52.862 22.900,52.862 22.900,53.019 22.950,53.019 22.950,52.987 23.000,52.987 23.000,53.019 23.050,53.019 23.050,53.050 23.150,53.050 23.150,53.081 23.250,53.081 23.250,53.112 23.350,53.112 23.350,53.206 23.300,53.206 23.300,53.237 23.250,53.237 23.250,53.269 23.150,53.269 23.150,53.300 23.050,53.300 23.050,53.331 22.850,53.331 22.850,53.362 22.800,53.362 22.800,53.394 22.850,53.394 22.850,53.425 22.800,53.425 22.800,53.456 22.750,53.456 22.750,53.487 22.700,53.487 22.700,53.519 22.650,53.519 22.650,53.550 22.600,53.550 22.600,53.581 22.550,53.581 22.550,53.612 22.500,53.612 22.500,53.675 22.400,53.675"
2020,24089197,46759940,3783401,24089197,20504227,3584970,3584970,19085773,"22.950,48.956 22.900,48.956 22.900,49.050 22.800,49.050 22.800,49.081 22.750,49.081 22.750,49.112 22.550,49.112 22.550,49.144 22.450,49.144 22.450,49.175 22.250,49.175 22.250,49.206 22.150,49.206 22.150,49.237 22.100,49.237 22.100,49.269 22.050,49.269 22.050,49.362 22.000,49.362 22.000,49.394 21.900,49.394 21.900,49.425 21.800,49.425 21.800,49.456 21.550,49.456 21.550,49.519 21.600,49.519 21.600,49.550 21.750,49.550 21.750,49.581 22.000,49.581 22.000,49.612 22.100,49.612 22.100,49.644 22.150,49.644 22.150,49.675 22.200,49.675 22.200,49.706 22.300,49.706 22.300,49.737 22.350,49.737 22.350,49.769 22.400,49.769 22.400,49.831 22.450,49.831 22.450,49.862 22.600,49.862 22.600,49.894 22.650,49.894 22.650,49.925 22.700,49.925 22.700,49.987 22.650,49.987 22.650,50.050 22.750,50.050 22.750,50.019 22.800,50.019 22.800,50.144 22.850,50.144 22.850,50.175 22.800,50.175 22.800,50.237 22.750,50.237 22.750,50.331 22.800,50.331 22.800,50.300 22.900,50.300 22.900,50.269 22.950,50.269 22.950,50.300 23.000,50.300 23.000,50.269 23.050,50.269 23.050,50.331 23.100,50.331 23.100,50.394 23.150,50.394 23.150,50.456 23.200,50.456 23.200,50.487 23.250,50.487 23.250,50.519 23.300,50.519 23.300,50.425 23.350,50.425 23.350,50.394 23.500,50.394 23.500,50.487 23.450,50.487 23.450,50.519 23.350,50.519 23.350,50.550 23.400,50.550 23.400,50.581 23.450,50.581 23.450,50.612 23.350,50.612 23.350,50.644 23.450,50.644 23.450,50.675 23.500,50.675 23.500,50.737 23.650,50.737 23.650,50.831 23.800,50.831 23.800,50.769 23.950,50.769 23.950,50.800 24.000,50.800 24.000,50.831 23.950,50.831 23.950,50.862 23.700,50.862 23.700,50.956 23.750,50.956 23.750,50.987 23.700,50.987 23.700,51.019 23.750,51.019 23.750,51.081 23.700,51.081 23.700,51.175 23.650,51.175 23.650,51.206 23.550,51.206 23.550,51.237 23.450,51.237 23.450,51.269 23.350,51.269 23.350,51.300 23.250,51.300 23.250,51.331 23.200,51.331 23.200,51.394 23.150,51.394 23.150,51.425 23.100,51.425 23.100,51.331 23.050,51.331 23.050,51.362 23.000,51.362 23.000,51.425 22.950,51.425 22.950,51.581 23.000,51.581 23.000,51.644 23.050,51.644 23.050,51.737 23.100,51.737 23.100,51.644 23.150,51.644 23.150,51.706 23.200,51.706 23.200,51.800 23.250,51.800 23.250,51.862 23.300,51.862 23.300,51.894 23.350,51.894 23.350,51.925 23.400,51.925 23.400,51.956 23.450,51.956 23.450,52.081 23.400,52.081 23.400,52.300 23.300,52.300 23.300,52.331 23.150,52.331 23.150,52.362 23.050,52.362 23.050,52.394 22.950,52.394 22.950,52.425 22.900,52.425 22.900,52.456 22.800,52.456 22.800,52.487 22.750,52.487 22.750,52.519 22.700,52.519 22.700,52.644 22.750,52.644 22.750,52.706 22.800,52.706 22.800,52.800 22.850,52.800 22.850,52.862 22.900,52.862 22.900,52.956 22.950,52.956 22.950,52.987 23.000,52.987 23.000,53.019 23.050,53.019 23.050,53.050 23.100,53.050 23.100,53.081 23.150,53.081 23.150,53.144 23.250,53.144 23.250,53.112 23.300,53.112 23.300,53.144 23.350,53.144 23.350,53.206 23.300,53.206 23.300,53.237 23.250,53.237 23.250,53.269 23.150,53.269 23.150,53.300 23.000,53.300 23.000,53.331 22.850,53.331 22.850,53.362 22.800,53.362 22.800,53.425 22.750,53.425 22.750,53.456 22.700,53.456 22.700,53.519 22.650,53.519 22.650,53.550 22.600,53.550 22.600,53.581 22.550,53.581 22.550,53.612 22.500,53.612 22.500,53.675 22.400,53.675"
2025,23463146,46376089,3751659,23463146,19812199,3650948,3650948,19261995,"22.950,48.956 22.900,48.956 22.900,49.050 22.800,49.050 22.800,49.081 22.750,49.081 22.750,49.112 22.550,49.112 22.550,49.144 22.450,49.144 22.450,49.175 22.250,49.175 22.250,49.206 22.150,49.206 22.150,49.237 22.100,49.237 22.100,49.269 22.050,49.269 22.050,49.362 22.000,49.362 22.000,49.394 21.900,49.394 21.900,49.425 21.800,49.425 21.800,49.456 21.550,49.456 21.550,49.519 21.600,49.519 21.600,49.550 21.750,49.550 21.750,49.581 22.000,49.581 22.000,49.612 22.100,49.612 22.100,49.644 22.150,49.644 22.150,49.675 22.200,49.675 22.200,49.706 22.300,49.706 22.300,49.737 22.350,49.737 22.350,49.769 22.400,49.769 22.400,49.831 22.450,49.831 22.450,49.862 22.600,49.862 22.600,49.894 22.650,49.894 22.650,49.925 22.700,49.925 22.700,49.956 22.750,49.956 22.750,49.987 22.650,49.987 22.650,50.050 22.750,50.050 22.750,50.019 22.800,50.019 22.800,50.112 22.850,50.112 22.850,50.175 22.800,50.175 22.800,50.237 22.750,50.237 22.750,50.331 22.800,50.331 22.800,50.300 22.900,50.300 22.900,50.269 22.950,50.269 22.950,50.300 23.000,50.300 23.000,50.269 23.050,50.269 23.050,50.362 23.100,50.362 23.100,50.394 23.150,50.394 23.150,50.456 23.200,50.456 23.200,50.487 23.250,50.487 23.250,50.519 23.300,50.519 23.300,50.425 23.350,50.425 23.350,50.394 23.500,50.394 23.500,50.487 23.450,50.487 23.450,50.519 23.350,50.519 23.350,50.550 23.400,50.550 23.400,50.581 23.450,50.581 23.450,50.612 23.350,50.612 23.350,50.644 23.400,50.644 23.400,50.675 23.450,50.675 23.450,50.706 23.500,50.706 23.500,50.769 23.550,50.769 23.550,50.737 23.650,50.737 23.650,50.831 23.800,50.831 23.800,50.769 23.950,50.769 23.950,50.800 24.000,50.800 24.000,50.831 23.950,50.831 23.950,50.862 23.700,50.862 23.700,51.050 23.750,51.050 23.750,51.081 23.700,51.081 23.700,51.175 23.650,51.175 23.650,51.206 23.550,51.206 23.550,51.237 23.450,51.237 23.450,51.269 23.350,51.269 23.350,51.300 23.250,51.300 23.250,51.331 23.200,51.331 23.200,51.394 23.150,51.394 23.150,51.425 23.100,51.425 23.100,51.331 23.050,51.331 23.050,51.300 23.000,51.300 23.000,51.425 22.950,51.425 22.950,51.612 23.000,51.612 23.000,51.675 23.050,51.675 23.050,51.737 23.100,51.737 23.100,51.644 23.150,51.644 23.150,51.706 23.200,51.706 23.200,51.800 23.250,51.800 23.250,51.862 23.300,51.862 23.300,51.894 23.350,51.894 23.350,51.925 23.400,51.925 23.400,51.987 23.450,51.987 23.450,52.081 23.400,52.081 23.400,52.300 23.300,52.300 23.300,52.331 23.150,52.331 23.150,52.362 23.050,52.362 23.050,52.394 22.950,52.394 22.950,52.425 22.900,52.425 22.900,52.456 22.800,52.456 22.800,52.487 22.750,52.487 22.750,52.519 22.700,52.519 22.700,52.644 22.750,52.644 22.750,52.706 22.800,52.706 22.800,52.800 22.850,52.800 22.850,52.862 22.900,52.862 22.900,52.956 22.950,52.956 22.950,52.987 23.000,52.987 23.000,53.019 23.050,53.019 23.050,53.050 23.100,53.050 23.100,53.144 23.150,53.144 23.150,53.175 23.250,53.175 23.250,53.144 23.300,53.144 23.300,53.206 23.250,53.206 23.250,53.237 23.200,53.237 23.200,53.269 23.100,53.269 23.100,53.300 23.000,53.300 23.000,53.331 22.850,53.331 22.850,53.362 22.800,53.362 22.800,53.425 22.750,53.425 22.750,53.456 22.700,53.456 22.700,53.487 22.650,53.487 22.650,53.550 22.600,53.550 22.600,53.581 22.550,53.581 22.550,53.612 22.500,53.612 22.500,53.675 22.400,53.675"
2030,22817794,45879171,3727517,22817794,19108091,3709703,3709703,19351673,"22.400,53.675 22.400,53.644 22.500,53.644 22.500,53.612 22.550,53.612 22.550,53.581 22.600,53.581 22.600,53.519 22.650,53.519 22.650,53.487 22.700,53.487 22.700,53.456 22.750,53.456 22.750,53.394 22.800,53.394 22.800,53.331 22.950,53.331 22.950,53.300 23.100,53.300 23.100,53.269 23.200,53.269 23.200,53.237 23.250,53.237 23.250,53.206 23.150,53.206 23.150,53.175 23.100,53.175 23.100,53.144 23.050,53.144 23.050,53.019 22.850,53.019 22.850,52.956 22.900,52.956 22.900,52.862 22.850,52.862 22.850,52.800 22.800,52.800 22.800,52.706 22.750,52.706 22.750,52.644 22.700,52.644 22.700,52.519 22.750,52.519 22.750,52.487 22.800,52.487 22.800,52.456 22.900,52.456 22.900,52.425 22.950,52.425 22.950,52.394 23.050,52.394 23.050,52.362 23.150,52.362 23.150,52.331 23.300,52.331 23.300,52.300 23.400,52.300 23.400,52.081 23.450,52.081 23.450,51.987 23.400,51.987 23.400,51.956 23.350,51.956 23.350,51.894 23.300,51.894 23.300,51.862 23.250,51.862 23.250,51.831 23.200,51.831 23.200,51.706 23.150,51.706 23.150,51.644 23.100,51.644 23.100,51.519 23.050,51.519 23.050,51.675 23.000,51.675 23.000,51.612 22.950,51.612 22.950,51.394 23.000,51.394 23.000,51.300 23.050,51.300 23.050,51.331 23.100,51.331 23.100,51.425 23.150,51.425 23.150,51.394 23.200,51.394 23.200,51.331 23.250,51.331 23.250,51.300 23.300,51.300 23.300,51.269 23.400,51.269 23.400,51.237 23.500,51.237 23.500,51.206 23.600,51.206 23.600,51.175 23.650,51.175 23.650,51.144 23.700,51.144 23.700,50.894 23.650,50.894 23.650,50.862 23.950,50.862 23.950,50.831 24.000,50.831 24.000,50.800 23.950,50.800 23.950,50.769 23.800,50.769 23.800,50.831 23.650,50.831 23.650,50.769 23.600,50.769 23.600,50.737 23.550,50.737 23.550,50.769 23.500,50.769 23.500,50.706 23.450,50.706 23.450,50.675 23.400,50.675 23.400,50.644 23.350,50.644 23.350,50.612 23.450,50.612 23.450,50.581 23.350,50.581 23.350,50.519 23.450,50.519 23.450,50.487 23.500,50.487 23.500,50.394 23.350,50.394 23.350,50.425 23.300,50.425 23.300,50.456 23.350,50.456 23.350,50.487 23.300,50.487 23.300,50.519 23.250,50.519 23.250,50.487 23.200,50.487 23.200,50.456 23.150,50.456 23.150,50.425 23.100,50.425 23.100,50.362 23.050,50.362 23.050,50.300 23.000,50.300 23.000,50.331 22.950,50.331 22.950,50.269 22.900,50.269 22.900,50.300 22.800,50.300 22.800,50.331 22.750,50.331 22.750,50.237 22.800,50.237 22.800,50.175 22.850,50.175 22.850,50.112 22.800,50.112 22.800,50.019 22.750,50.019 22.750,50.050 22.650,50.050 22.650,49.987 22.750,49.987 22.750,49.956 22.700,49.956 22.700,49.925 22.650,49.925 22.650,49.894 22.600,49.894 22.600,49.862 22.450,49.862 22.450,49.831 22.400,49.831 22.400,49.769 22.350,49.769 22.350,49.737 22.300,49.737 22.300,49.706 22.200,49.706 22.200,49.675 22.150,49.675 22.150,49.644 22.100,49.644 22.100,49.612 22.000,49.612 22.000,49.581 21.750,49.581 21.750,49.550 21.600,49.550 21.600,49.519 21.550,49.519 21.550,49.456 21.800,49.456 21.800,49.425 21.900,49.425 21.900,49.394 22.000,49.394 22.000,49.362 22.050,49.362 22.050,49.269 22.100,49.269 22.100,49.237 22.150,49.237 22.150,49.206 22.250,49.206 22.250,49.175 22.450,49.175 22.450,49.144 22.550,49.144 22.550,49.112 22.750,49.112 22.750,49.081 22.800,49.081 22.800,49.050 22.900,49.050 22.900,48.956 22.950,48.956"
2032,22589439,45710689,3724368,22589439,18854254,3735185,3735185,19386066,"22.400,53.675 22.400,53.612 22.500,53.612 22.500,53.581 22.550,53.581 22.550,53.550 22.600,53.550 22.600,53.519 22.650,53.519 22.650,53.487 22.700,53.487 22.700,53.425 22.750,53.425 22.750,53.362 22.800,53.362 22.800,53.331 22.950,53.331 22.950,53.300 23.050,53.300 23.050,53.269 23.150,53.269 23.150,53.206 23.100,53.206 23.100,53.175 23.050,53.175 23.050,53.050 23.000,53.050 23.000,53.019 22.850,53.019 22.850,52.956 22.900,52.956 22.900,52.862 22.850,52.862 22.850,52.800 22.800,52.800 22.800,52.706 22.750,52.706 22.750,52.644 22.700,52.644 22.700,52.519 22.750,52.519 22.750,52.487 22.800,52.487 22.800,52.456 22.900,52.456 22.900,52.425 22.950,52.425 22.950,52.394 23.050,52.394 23.050,52.362 23.150,52.362 23.150,52.331 23.300,52.331 23.300,52.300 23.400,52.300 23.400,52.081 23.450,52.081 23.450,52.019 23.400,52.019 23.400,51.956 23.350,51.956 23.350,51.925 23.300,51.925 23.300,51.862 23.250,51.862 23.250,51.831 23.200,51.831 23.200,51.706 23.150,51.706 23.150,51.612 23.100,51.612 23.100,51.519 23.050,51.519 23.050,51.644 23.100,51.644 23.100,51.737 23.150,51.737 23.150,51.769 23.050,51.769 23.050,51.675 23.000,51.675 23.000,51.612 22.950,51.612 22.950,51.394 23.000,51.394 23.000,51.300 23.050,51.300 23.050,51.331 23.100,51.331 23.100,51.425 23.150,51.425 23.150,51.394 23.200,51.394 23.200,51.362 23.150,51.362 23.150,51.331 23.250,51.331 23.250,51.300 23.300,51.300 23.300,51.269 23.400,51.269 23.400,51.237 23.500,51.237 23.500,51.206 23.600,51.206 23.600,51.175 23.650,51.175 23.650,51.144 23.700,51.144 23.700,50.925 23.650,50.925 23.650,50.862 23.950,50.862 23.950,50.831 24.000,50.831 24.000,50.800 23.950,50.800 23.950,50.769 23.800,50.769 23.800,50.831 23.650,50.831 23.650,50.800 23.600,50.800 23.600,50.737 23.550,50.737 23.550,50.800 23.500,50.800 23.500,50.737 23.450,50.737 23.450,50.675 23.400,50.675 23.400,50.644 23.300,50.644 23.300,50.612 23.250,50.612 23.250,50.581 23.350,50.581 23.350,50.519 23.450,50.519 23.450,50.487 23.500,50.487 23.500,50.394 23.350,50.394 23.350,50.487 23.300,50.487 23.300,50.519 23.250,50.519 23.250,50.487 23.200,50.487 23.200,50.456 23.150,50.456 23.150,50.425 23.100,50.425 23.100,50.362 23.050,50.362 23.050,50.300 23.000,50.300 23.000,50.331 22.950,50.331 22.950,50.269 22.900,50.269 22.900,50.300 22.800,50.300 22.800,50.331 22.750,50.331 22.750,50.237 22.800,50.237 22.800,50.175 22.850,50.175 22.850,50.144 22.800,50.144 22.800,50.019 22.750,50.019 22.750,50.050 22.650,50.050 22.650,49.987 22.700,49.987 22.700,49.925 22.650,49.925 22.650,49.894 22.600,49.894 22.600,49.862 22.450,49.862 22.450,49.831 22.400,49.831 22.400,49.769 22.350,49.769 22.350,49.737 22.300,49.737 22.300,49.706 22.200,49.706 22.200,49.675 22.150,49.675 22.150,49.644 22.100,49.644 22.100,49.612 22.000,49.612 22.000,49.581 21.750,49.581 21.750,49.550 21.600,49.550 21.600,49.519 21.550,49.519 21.550,49.456 21.800,49.456 21.800,49.425 21.900,49.425 21.900,49.394 22.000,49.394 22.000,49.362 22.050,49.362 22.050,49.269 22.100,49.269 22.100,49.237 22.150,49.237 22.150,49.206 22.250,49.206 22.250,49.175 22.450,49.175 22.450,49.144 22.550,49.144 22.550,49.112 22.750,49.112 22.750,49.081 22.800,49.081 22.800,49.050 22.900,49.050 22.900,48.956 22.950,48.956"
