# 1931 census by powiat and stratum: population by religion and by mother tongue, from the powiat and city pages
# of the short results (GUS, "Drugi Powszechny Spis Ludności z dn. 9 XII 1931 r.", MBC edition 14481; page = page
# of that PDF). stratum: T = the towns (miasta) of a powiat page, R = its countryside (wieś; a powiat with no towns
# prints one row, kept as R), C = a city with its own page. A powiat merged in 1932 is coded like
# census1931_powiaty.csv (a+b). read: ocr = machine reading (tools/parse_census1931.py) checked against the county
# totals, eye = read from the page image, residual = derived.
# Religion: rc Roman Catholic, gc Greek Catholic, or Orthodox, ev Evangelical, xc other Christian (Old Believers in
# the north-east, Mariavites in the centre, Baptists and other sects in Volhynia and Polesie), jw Jewish (mojżeszowe),
# xn other non-Christian (Muslim), ro other and not stated. Mother tongue as printed (rue = ruski, he = Hebrew,
# pls = tutejszy, unk = not stated). Columns a page does not print are empty; rows need not add up to pop, the
# remainder being unstated. tools/check_census1931_strata.py checks every row and the voivodeship totals.
# Notes: Święciany prints the Orthodox under "other Christian" (footnote), kept as xc. Kopyczyńce T: the Roman and
# Greek Catholic cells are smudged; 6801 Greek Catholics read, 6689 Roman Catholics = the rest of the row.
# Bóbrka (LWO.bobrka): its table page is missing from the scan; T and R are the Lwów voivodeship without the city of
# Lwów (towns over 20,000, smaller towns, villages, PDF p. 663) less every other county. Płock (WAR.plock): the
# city page is missing; the rows cover the powiat without the city (the first T row was missed by the
# machine reading and is read by eye).
county,page,stratum,read,pop,rc,gc,or,ev,xc,jw,xn,ro,pl,uk,rue,be,pls,ru,cs,lt,de,yi,he,oth,unk
WAR.ciechanow,44,T,eye,13930,9286,,,37,,4572,,28,9373,,,,,,,,2,4521,,17,
WAR.ciechanow,44,R,eye,64833,62395,,,1635,,335,,343,62375,,,,,,,,1880,317,,39,
WAR.gostynin,46,T,eye,13457,8538,,,819,,4062,,38,8932,,,,,,,,486,4029,,10,
WAR.gostynin,46,R,eye,68109,58417,,,8315,,592,,755,60425,,,,,,,,7046,499,,38,
WAR.grodziskmazowi,40,T,eye,28956,21403,,,302,242,6959,,1,21905,,,,,,,,,6849,,106,
WAR.grodziskmazowi,40,R,eye,89753,84418,,,1207,1724,2118,,8,86660,,,,,,,,,2075,,568,
WAR.grodziskmazowi,42,C,eye,25115,20499,,,1729,,2726,,154,21988,,,,,,,,322,2679,,68,
WAR.grojec,48,T,eye,27753,13784,,,412,,13463,,76,14213,,,,,,,,44,13415,,36,
WAR.grojec,48,R,eye,104604,98483,,,2385,,3177,,320,100075,,,,,,,,860,3052,,124,
WAR.kutno,50,T,ocr,11870,8138,,,77,,3602,,50,8280,,,,,,,,7,3573,,7,
WAR.kutno,50,R,ocr,72764,70987,,,1083,,311,,235,71564,,,,,,,,558,306,,27,
WAR.kutno,52,C,ocr,23368,16576,,,225,,6440,,109,16926,,,,,,,,,6335,,70,
WAR.lipno,54,T,eye,13251,9315,,,877,,2982,,66,9678,,,,,,,,603,2941,,14,
WAR.lipno,54,R,eye,91249,74347,,,14953,,1190,,643,74931,,,,,,,,14804,1167,,72,
WAR.lowicz,56,T,eye,17633,12865,,,220,,4339,,201,13261,,,,,,,,11,4308,,34,
WAR.lowicz,56,R,eye,87152,84395,,,923,,1405,,227,84645,,,,,,,,690,1349,,30,
WAR.makowmazowieck,58,T,eye,10924,5381,,,,,5483,,27,5396,,,,,,,,,5470,,14,
WAR.makowmazowieck,58,R,eye,54637,52441,,,,,1689,,392,52479,,,,,,,,,1650,,330,
WAR.minskmazowieck,60,T,eye,21912,10863,,,39,99,10886,,7,10990,,,,,,,,12,10829,,36,
WAR.minskmazowieck,60,R,eye,89221,77719,,,776,6589,4010,,0,84205,,,,,,,,757,3855,,97,
WAR.mlawa,62,T,ocr,19608,13184,,,162,,6193,,40,13415,,,,,,,,,6125,,,
WAR.mlawa,62,R,ocr,83523,81201,,,532,,1589,,51,81582,,,,,,,,,1440,,198,
WAR.nieszawa,64,T,eye,21241,17773,,,678,,2587,,151,18133,,,,,,,,431,2509,,59,
WAR.nieszawa,64,R,eye,96633,85914,,,8933,,1348,,199,86499,,,,,,,,8459,1169,,90,
WAR.plock,66,T,ocr,4572,1795,,,128,21,2624,,1,1885,,,,,,,,76,2603,,4,
WAR.plock,66,R,ocr,90574,82269,,,3972,1846,2396,,5,84100,,,,,,,,3744,2356,,85,
WAR.plonsk,68,T,eye,10409,5421,,,47,17,4913,,1,5509,,,,,,,,20,4851,,18,
WAR.plonsk,68,R,eye,71015,66015,,,1737,1253,1823,,4,67382,,,,,,,,1466,1795,,52,
WAR.przasnysz,70,T,eye,10913,7661,,,,,3156,,85,7722,,,,,,,,,3147,,22,
WAR.przasnysz,70,R,eye,58205,57627,,,,,384,,61,57548,,,,,,,,,364,,31,
WAR.pultusk,72,T,eye,37684,20850,,,175,,16579,,46,21063,,,,,,,,24,16460,,36,
WAR.pultusk,72,R,eye,80613,77818,,,1459,,819,,412,78077,,,,,,,,1415,783,,84,
WAR.radzymin,74,T,eye,19868,13616,,,221,,5782,,245,14001,,,,,,,,41,5673,,132,
WAR.radzymin,74,R,eye,77470,72443,,,1293,,3359,,165,72476,,,,,,,,1145,3315,,137,
WAR.rawamazowiecka,76,T,eye,16022,9641,,,266,,6085,,18,9803,,,,,,,,131,6039,,29,
WAR.rawamazowiecka,76,R,eye,77530,73889,,,2512,,948,,54,74237,,,,,,,,2127,925,,23,
WAR.rypin,78,T,eye,13499,8181,,,579,,4655,,71,8455,,,,,,,,379,4618,,16,
WAR.rypin,78,R,eye,73108,64846,,,7505,,209,,428,65681,,,,,,,,6958,177,,74,
WAR.sierpc,80,T,ocr,19019,12154,,,197,,6641,,25,12323,,,,,,,,56,6601,,19,
WAR.sierpc,80,R,ocr,64149,60316,,,2540,,933,,231,60594,,,,,,,,2362,921,,30,
WAR.skierniewice,82,R,eye,50902,49033,,,1261,,,,524,49680,,,,,,,,930,,,128,
WAR.skierniewice,84,C,eye,20143,15480,,,,,4445,,181,15674,,,,,,,,,4371,,39,
WAR.sochaczew,86,T,eye,10797,7693,,,54,,3011,,33,7809,,,,,,,,7,2960,,12,
WAR.sochaczew,86,R,eye,64384,58111,,,5069,,842,,217,58328,,,,,,,,4827,818,,99,
WAR.warszawa,88,T,eye,37680,18394,,,1028,,17988,,244,19495,,,,,,,,364,17672,,90,
WAR.warszawa,88,R,eye,264742,236375,,,8321,,16460,,2853,242424,,,,,,,,3800,15870,,1313,
WAR.warszawa,90,C,eye,23650,21741,,,340,,1288,,222,22252,,,,,,,,,1182,,121,
WAR.wloclawek,92,T,eye,20304,14995,,,429,,4799,,38,15160,,,,,,,,276,4778,,21,
WAR.wloclawek,92,R,eye,71516,65368,,,5853,,34,,124,66295,,,,,,,,4931,30,,50,
WAR.wloclawek,94,C,eye,55966,43671,,,1773,,10209,,245,45453,,,,,,,,498,9797,,72,
LOD.brzeziny,102,T,ocr,20985,8987,,,643,700,10650,,0,9823,,,,,,,,568,10586,,8,
LOD.brzeziny,102,R,ocr,91918,71331,,,10629,6468,3436,,1,82132,,,,,,,,6460,3238,,69,
LOD.brzeziny,104,C,ocr,38020,22749,,,3750,,11310,,205,23950,,,,,,,,2992,10994,,72,
LOD.kalisz,106,T,eye,7532,4557,,,206,,2754,,14,4981,,,,,,,,63,2478,,10,
LOD.kalisz,106,R,eye,133222,121860,,,8899,,1448,,721,127991,,,,,,,,3544,1063,,622,
LOD.kalisz,108,C,eye,55007,33746,,,1407,,19248,,595,36391,,,,,,,,,18084,,531,
LOD.kolo,110,T,ocr,22227,14623,,,708,,6822,,74,14991,,,,,,,,455,6762,,19,
LOD.kolo,110,R,ocr,97143,85788,,,8112,,2961,,201,86978,,,,,,,,7316,2744,,78,
LOD.konin+LOD.slupca,112,T,eye,38483,30327,,,1087,,6802,,219,31280,,,,,,,,548,6525,,126,
LOD.konin+LOD.slupca,112,R,eye,169012,150245,,,17474,,689,,340,151957,,,,,,,,16239,604,,167,
LOD.lask,114,T,eye,6494,3424,,,87,,2941,,42,3878,,,,,,1,,22,2585,,8,
LOD.lask,114,R,eye,119721,102817,,,10591,,5706,,515,105886,,,,,,3096,,5972,4707,,50,
LOD.lask,116,C,eye,45670,32354,,,4688,,8357,,268,33005,,,,,,,,4494,8117,,52,
LOD.leczyca,118,T,eye,25585,15941,,,1351,77,8209,,0,16465,,,,,,,,951,8123,,32,
LOD.leczyca,118,R,eye,102000,92336,,,4600,1139,3728,,1,95052,,,,,,,,3244,3640,,34,
LOD.lodz,120,C,eye,604629,340179,,,56159,,202497,,5526,356987,,,,,,,,53562,191720,,1828,
LOD.lodz,152,T,eye,36098,19316,,,9622,452,6697,,7,19549,,,,,,,,9879,6591,,66,
LOD.lodz,152,R,eye,98955,79428,,,16877,675,1908,,14,80741,,,,,,,,16191,1816,,186,
LOD.lodz,154,C,eye,26618,18358,,,2632,1077,4547,,2,19805,,,,,,,,2380,4408,,24,
LOD.piotrkow,156,T,ocr,14949,7878,,,981,,6048,,36,8171,,,,,,,,800,5965,,4,
LOD.piotrkow,156,R,ocr,155897,141995,,,9878,,3454,,314,144693,,,,,,,,7422,3263,,474,75
LOD.piotrkow,158,C,ocr,51349,38311,,,1185,,11400,,444,39297,,,,,,,,616,11206,,228,
LOD.radomsko,160,T,eye,2512,1485,,,0,,1016,,0,1489,,,,,,,,0,1015,,0,
LOD.radomsko,160,R,eye,160870,153216,,,3422,,3656,,152,154693,,,,,,,,2528,3466,,156,
LOD.radomsko,162,C,eye,23030,15164,,,398,,7347,,117,15605,,,,,,,,,7253,,171,
LOD.sieradz,164,T,eye,23113,16084,,,166,,6801,,53,16974,,,,,,,,10,6098,,31,
LOD.sieradz,164,R,eye,121999,117313,,,3890,,422,,223,118169,,,,,,,,3398,396,,35,
LOD.sieradz,168,C,eye,22939,12292,,,1658,,8819,,163,12226,,,,,,,,2085,8617,,11,
LOD.turek,170,T,eye,15777,10838,,,765,,4150,,23,11335,,,,,,,,397,4044,,1,
LOD.turek,170,R,eye,85957,81815,,,3763,,161,,144,83035,,,,,,,,2779,111,,20,
LOD.wielun,172,T,eye,23205,14312,,,297,,8516,,67,15318,,,,,,,,,7859,,23,
LOD.wielun,172,R,eye,191094,182501,,,1979,,5995,,198,185505,,,,,,,,,5357,,191,
KIE.bedzin,179,R,eye,125768,121097,,,,,4023,,393,121595,,,,,,,,,3599,,252,
KIE.bedzin,181,C,eye,47597,25790,,,,,21625,,147,26367,,,,,,,,,21121,,70,
KIE.bedzin,183,C,eye,21003,19822,,,,,1077,,83,20012,,,,,,,,,912,,53,
KIE.bedzin,185,C,eye,36942,31502,,,,,5150,,284,31789,,,,,,,,,4905,,223,
KIE.bedzin,221,C,eye,108959,86605,,,,,20805,,1481,89202,,,,,,,,,19192,,524,
KIE.busko,223,T,eye,12878,5518,,,,,7312,,35,5549,,,,,,,,,7290,,24,
KIE.busko,223,R,eye,140213,129728,,,,,9845,,298,130242,,,,,,,,,9696,,256,
KIE.czestochowa,187,C,ocr,117179,90343,,,,,25588,,1203,92429,,,,,,,,,24218,,441,
KIE.czestochowa,189,T,ocr,14461,11260,,,,,3161,,27,11381,,,,,,,,,3075,,5,8
KIE.czestochowa,189,R,ocr,168005,162867,,,,,3766,,958,163924,,,,,,,,,3416,,607,83
KIE.ilza,191,T,eye,12432,8150,,,,,4230,,43,8231,,,,,,,,,4176,,23,
KIE.ilza,191,R,eye,147286,138912,,,,,7147,,888,139994,,,,,,,,,6624,,662,
KIE.jedrzejow,193,T,ocr,12857,8356,,,,,4440,,48,8484,,,,,,,,,4354,,16,
KIE.jedrzejow,193,R,ocr,95676,90358,,,,,4995,,44,90957,,,,,,,,,4632,,32,
KIE.kielce,195,T,eye,5440,2391,,,,,3011,,3,2411,,,,,,,,,2981,,0,
KIE.kielce,195,R,eye,155621,148328,,,,,5801,,1007,149043,,,,,,,,,5677,,881,
KIE.kielce,197,C,eye,58236,39524,,,,,18083,,564,40784,,,,,,,,,17211,,211,
KIE.konskie,199,T,ocr,42875,24516,,,,,18132,,188,24720,,,,,,,,,18046,,85,25
KIE.konskie,199,R,ocr,136299,131785,,,,,3708,,261,132733,,,,,,,,,3404,,157,55
KIE.kozienice,201,T,eye,16579,8041,,,30,,8423,,35,8136,,,,,,,,4,8400,,12,
KIE.kozienice,201,R,eye,126528,117894,,,2576,,5650,,128,118410,,,,,,,,2494,5484,,93,
KIE.miechow,203,T,eye,14798,9987,,,,,4777,,22,10188,,,,,,,,,4598,,1,
KIE.miechow,203,R,eye,139776,136876,,,,,2494,,126,137550,,,,,,,,,2164,,54,
KIE.olkusz,205,T,eye,18838,11864,,,,,6847,,118,11944,,,,,,,,,6792,,95,
KIE.olkusz,205,R,eye,132891,128181,,,,,4387,,150,128647,,,,,,,,,4068,,60,
KIE.opatow,207,T,eye,9512,4047,,,,23,5436,,0,4067,,,,,,,,,5428,,15,
KIE.opatow,207,R,eye,151127,139027,,,,2313,9393,,23,141798,,,,,,,,,9197,,76,
KIE.opatow,209,C,eye,25908,15812,,,,,9934,,159,15975,,,,,,,,,9881,,44,
KIE.opoczno,211,T,eye,8906,5914,,,11,,2949,,22,5946,,,,,,,,0,2948,,12,
KIE.opoczno,211,R,eye,121618,113887,,,1273,,5905,,94,114683,,,,,,,,1144,5692,,67,
KIE.pinczow,213,T,ocr,15999,6790,,,,,9176,,22,7063,,,,,,,,,8911,,9,9
KIE.pinczow,213,R,ocr,110099,105957,,,,,3724,,82,106580,,,,,,,,,3422,,61,55
KIE.radom,215,C,eye,77902,51811,,,,,25159,,862,52767,,,,,,,,,24841,,271,
KIE.radom,217,T,eye,4359,3309,,,,,1031,,3,3422,,,,,,,,,934,,2,
KIE.radom,217,R,eye,146088,137557,,,,,6743,,1281,138819,,,,,,,,,6202,,1026,
KIE.sandomierz,219,T,eye,20388,11581,,,,,8682,,93,11745,,,,,,,,,8547,,63,
KIE.sandomierz,219,R,eye,102974,95734,,,,,6745,,189,96863,,,,,,,,,5869,,176,
KIE.wloszczowa,225,T,eye,13052,7443,,,,,5557,,41,7452,,,,,,,,,5543,,34,
KIE.wloszczowa,225,R,eye,87555,85132,,,,,1574,,593,85679,,,,,,,,,1416,,432,
KIE.zawiercie,227,R,ocr,98201,92522,,,,,4858,,693,93255,,,,,,,,,4738,,108,
KIE.zawiercie,229,C,ocr,32872,26969,,,,,5677,,207,27405,,,,,,,,,5280,,123,21
LUB.bialapodlaska,235,T,eye,23638,12864,,575,,,10076,,83,18086,14,,,,,,,,5421,,53,
LUB.bialapodlaska,235,R,eye,92628,69783,,17617,,,4212,,915,88381,2115,,,,,,,,1640,,420,
LUB.bilgoraj,237,T,eye,8173,3292,,249,,,4596,,30,4607,4,,,,,,,,3525,,23,
LUB.bilgoraj,237,R,eye,108778,79322,,20664,,,8342,,386,101493,2506,,,,,,,,4462,,280,
LUB.chelm,239,R,eye,133266,75256,,35766,10310,2564,9315,,9,105801,9389,3512,,,,,,6762,7017,,708,
LUB.chelm,241,C,eye,29074,13232,,1764,,,13537,,521,15004,,,,,,,,,13444,,585,
LUB.garwolin,243,T,eye,14728,6752,,,,,7903,,63,6817,,,,,,,,,7874,,18,
LUB.garwolin,243,R,eye,145214,132376,,,,,10838,,1818,133207,,,,,,,,,10667,,1315,
LUB.hrubieszow,247,T,eye,17077,7502,,895,,,8630,,43,12536,150,13,,,,,,,4318,,46,
LUB.hrubieszow,247,R,eye,112880,55863,,48233,,,7155,,1601,88858,16064,2839,,,,,,,4222,,837,
LUB.janowlubelski,249,T,eye,18679,10751,,,,,7744,,118,13289,,,,,,,,,5276,,23,
LUB.janowlubelski,249,R,eye,134039,124431,,,,,7573,,1549,128824,,,,,,,,,4004,,1024,
LUB.krasnystaw,251,T,eye,10386,8272,,97,,47,1943,,9,8546,,,,,,,,,1810,,12,
LUB.krasnystaw,251,R,eye,123773,105170,,4756,,3521,10184,,19,114658,,,,,,,,,7848,,1208,
LUB.lubartow,253,T,ocr,11715,6102,,33,16,,5549,,15,8724,,,,,,,,4,2961,,12,
LUB.lubartow,253,R,ocr,96276,88254,,1511,1746,,4103,,573,91194,,,,,,,,1482,2946,,639,
LUB.lublin,255,C,ocr,112285,71542,,,,,38937,,1717,73534,,,,,,,,,38001,,574,
LUB.lublin,257,R,ocr,163502,149192,,,,,12049,,1737,151946,,,,,,,,,10421,,949,
LUB.lukow,259,T,ocr,22026,10764,,,,,11165,,93,15493,,,,,,,,,6504,,15,
LUB.lukow,259,R,ocr,107057,102785,,,,,3571,,579,105498,,,,,,,,,1311,,225,
LUB.pulawy,261,T,ocr,13664,5079,,,,,8434,,138,8518,,,,,,,,,5057,,79,
LUB.pulawy,261,R,ocr,158603,140626,,,,,16870,,610,141504,,,,,,,,,16734,,167,
LUB.radzynpodlaski,263,T,eye,22076,8709,,53,9,,13290,,9,10248,,,,,,,,,11787,,33,
LUB.radzynpodlaski,263,R,eye,77013,71811,,1787,908,,2258,,50,73926,,,,,,,,,2000,,1026,
LUB.siedlce,265,T,eye,8337,3474,,,,25,4836,,0,4610,,,,,,,,,3693,,10,
LUB.siedlce,265,R,eye,106143,99985,,,,2427,3440,,8,102785,,,,,,,,,2628,,678,
LUB.siedlce,267,C,eye,36931,21559,,,,,14793,,524,22019,,,,,,,,,14601,,236,
LUB.sokolowpodlask,269,T,eye,9918,4804,,,,,5027,,29,4826,,,,,,,,,5016,,21,
LUB.sokolowpodlask,269,R,eye,74031,70137,,,,,3307,,285,70550,,,,,,,,,3245,,175,
LUB.tomaszowlubels,271,T,eye,10403,3962,,681,,,5669,,83,4598,182,0,,,,,,,5554,,60,
LUB.tomaszowlubels,271,R,eye,110721,69059,,32378,,,8535,,717,82014,17758,2812,,,,,,,7759,,335,
LUB.wegrow,273,T,eye,9389,4036,,,70,20,5227,,6,4395,,,,,,,,6,4954,,14,
LUB.wegrow,273,R,eye,79399,72475,,,1413,1671,3661,,30,75314,,,,,,,,1195,2801,,46,
LUB.wlodawa,275,T,ocr,23532,11036,,214,27,,12215,,11,13666,17,,,,,,,11,9790,,33,
LUB.wlodawa,275,R,ocr,90034,46903,,33168,3495,,5973,,459,73200,9060,,,,,,,2257,4107,,1374,
LUB.zamosc,277,T,eye,7460,4297,,67,,,3084,,10,4359,11,,,,,,,,3074,,13,
LUB.zamosc,277,R,eye,117847,107745,,6138,,,3389,,363,112067,2184,,,,,,,,3128,,426,
LUB.zamosc,279,C,eye,24241,13207,,573,,,10265,,178,14104,,,,,,,,,9937,,184,
BIA.augustow,287,T,eye,12099,9348,,171,,166,2397,,11,9524,,,,,127,,,,2369,,73,
BIA.augustow,287,R,eye,62652,58473,,669,,1547,1869,,1,59150,,,,,1351,,,,1882,,175,
BIA.bialystok,289,C,eye,91101,41493,,7502,2633,,39165,,298,46386,,,,,3263,,,1948,38790,,681,
BIA.bialystok,291,T,eye,26206,17296,,2088,483,,6217,,43,19068,,,166,,307,,,369,6163,,16,
BIA.bialystok,291,R,eye,113872,88389,,19831,500,,4788,,172,97641,,,9466,,1526,,,273,4751,,130,
BIA.bielskpodlaski,293,T,eye,31249,12140,,5142,,,13825,,128,14859,35,,1205,,1321,,,,13775,,36,
BIA.bielskpodlaski,293,R,eye,171161,79075,,86279,,,4677,,995,96518,1742,,56612,,11218,,,,4486,,429,
BIA.grajewo,313,T,eye,16732,10662,,,,,5886,,157,10768,,,,,,,,,5857,,66,
BIA.grajewo,313,R,eye,51483,50101,,,,,1095,,191,50167,,,,,,,,,1053,,124,
BIA.grodno,295,T,eye,14320,3587,,1994,,,8572,,167,4275,,,1293,,148,,33,,8536,,35,
BIA.grodno,295,R,eye,149116,63979,,78717,,,5962,,359,73356,,,61177,,2223,,6191,,5887,,159,
BIA.grodno,297,C,eye,49669,21556,,6277,,,21159,,660,23458,,,1261,,3730,,,,20931,,268,
BIA.lomza,299,T,eye,20040,11193,,,,,8618,,218,11442,,,,,,,,,8505,,58,
BIA.lomza,299,R,eye,123105,118330,,,,,3921,,791,118774,,,,,,,,,3886,,401,
BIA.lomza,301,C,eye,25022,15707,,,,,8912,,394,16092,,,,,,,,,8812,,74,
BIA.ostroleka,303,T,eye,13341,8967,,,,,4291,,83,9036,,,,,,,,,4205,,33,
BIA.ostroleka,303,R,eye,99246,94904,,,,,3831,,426,95305,,,,,,,,,3808,,83,
BIA.ostrowmazowiec,305,T,eye,20544,12864,,,29,,7572,,77,12983,,,,,,,,6,7491,,40,
BIA.ostrowmazowiec,305,R,eye,79197,72676,,,1530,,4789,,108,72942,,,,,,,,1385,4736,,96,
BIA.sokolka,307,T,eye,15656,8836,,533,,,6126,,160,9648,,,81,,,,,,5757,,166,
BIA.sokolka,307,R,eye,87479,72194,,12733,,,2402,,146,83168,,,1525,,,,,,2376,,400,
BIA.suwalki,309,T,eye,3401,2404,,15,58,105,819,,0,2376,,,,,51,,94,17,817,,46,
BIA.suwalki,309,R,eye,84897,70231,,960,6486,5584,1503,,1,67842,,,,,5816,,6668,2508,1471,,423,
BIA.suwalki,311,C,eye,21826,14715,,371,619,301,5811,,7,15489,,,,,386,,,,5738,,206,
BIA.wolkowysk,315,T,ocr,18852,8696,,2625,,,7347,,183,9342,,,1301,,864,,,,7310,,32,
BIA.wolkowysk,315,R,ocr,152475,67677,,77827,,,5936,,962,73769,,,70683,,1975,,,,5772,,141,
BIA.wysokiemazowie,317,T,ocr,16002,10328,,211,,,5358,,101,10556,,,,,,,,,5328,,93,
BIA.wysokiemazowie,317,R,ocr,73101,68256,,124,,,4517,,67,68325,,,,,,,,,4463,,108,
WIL.braslaw,328,R,eye,143161,89020,,29672,,16403,7703,,303,93958,,,23138,,14551,,3490,,7181,,656,
WIL.glebokie,330,T,ocr,15438,4019,,2730,,,8423,,255,4471,,,1787,,717,,,,8406,,43,
WIL.glebokie,330,R,ocr,144448,52876,,85256,,,3525,,2713,57811,,,78197,,4350,,,,3356,,568,
WIL.molodeczno,332,T,ocr,11791,5183,,3375,,,3154,,79,6610,,,1945,,162,,,,3062,,12,
WIL.molodeczno,332,R,ocr,79494,16521,,59477,,,2755,,741,28913,,,47067,,573,,,,2727,,214,
WIL.oszmiana,334,T,eye,11414,6167,,897,,,4269,,81,6768,,,312,,146,,6,,4175,,7,
WIL.oszmiana,334,R,eye,93198,75202,,14199,,,2787,,1010,78183,,,9837,,769,,1556,,2546,,307,
WIL.postawy,336,R,ocr,99907,50751,,44459,,,2769,,1907,47917,,,47707,,1364,,,,2683,,171,
WIL.swieciany,338,T,eye,12296,7757,,,,1062,3412,,62,7413,,,117,,832,,495,,3408,,30,
WIL.swieciany,338,R,eye,124179,109767,,,,9791,4266,,269,61028,,,7945,,7920,,42498,,4246,,409,
WIL.wilejka,340,T,eye,5720,1963,,2621,,,1082,,53,2428,,,1905,,283,,,,1079,,24,
WIL.wilejka,340,R,eye,125350,51205,,67933,,,5031,,1119,57049,,,62432,,600,,,,4855,,243,
WIL.wilno,346,C,eye,195071,125999,,9321,,4161,55006,,518,128628,,,1737,,7372,,1579,,54596,,1099,
WIL.wilno,358,T,eye,9542,7862,,369,,,871,,439,8179,,,29,,230,,7,,850,,243,
WIL.wilno,358,R,eye,204930,193191,,2496,,,5742,,3137,172367,,,5520,,3484,,16928,,5658,,391,
NOW.baranowicze,364,T,eye,4572,1566,,530,,,2374,97,4,1525,,,625,,,,,,2363,,55,
NOW.baranowicze,364,R,eye,133648,35768,,93252,,,4020,127,388,63633,,,65468,,,,,,3248,,1133,
NOW.baranowicze,366,C,eye,22818,7792,,5182,,,9680,,158,9758,,,2537,,1006,,,,9423,,85,
NOW.lida,368,T,ocr,19326,11322,,1579,,,6335,,89,12239,,,414,,328,,2,,6300,,42,
NOW.lida,368,R,ocr,164159,133305,,21402,,,8578,,770,133370,,,19407,,389,,2389,,8246,,125,
NOW.nieswiez,370,T,ocr,13505,3947,,2583,,,6695,211,67,4526,,,1940,,301,,,,6677,,59,
NOW.nieswiez,370,R,ocr,100959,18431,,79637,,,2185,169,458,23407,,,74346,,507,,,,2077,,431,
NOW.nowogrodek,372,T,eye,13252,4026,,2383,,,6309,465,68,4750,,,2015,,191,,,,6259,,32,
NOW.nowogrodek,372,R,eye,136284,24770,,106191,,,4153,147,955,30334,,,100917,,660,,,,4067,,187,
NOW.slonim,374,T,ocr,16251,4899,,2397,,,8605,276,68,8452,,,656,,369,,,,6683,,60,
NOW.slonim,374,R,ocr,110259,18918,,86450,,,3739,32,1070,43861,,,61778,,642,,,,3375,,315,
NOW.stolpce,376,T,eye,6557,2702,,1723,79,,2014,,38,3020,,,1351,,141,,,,2007,,38,
NOW.stolpce,376,R,eye,92832,35154,,52298,107,,4961,,214,48800,,,38927,,456,,,,4334,,106,
NOW.szczuczyn,378,R,ocr,107203,60097,,38840,,,7883,,311,89462,,,10369,,,,,,6705,,357,
NOW.wolozyn,380,T,eye,6361,1870,,2705,90,,1663,,32,2274,,,2209,,131,,,79,1661,,4,
NOW.wolozyn,380,R,eye,109161,59982,,45181,84,,3678,,215,74448,,,30507,,393,,,23,3600,,96,
POL.brzesc,387,T,eye,5715,372,,247,5,,5083,,8,421,0,,14,193,,,,,5077,,10,
POL.brzesc,387,R,eye,161827,24851,,126694,2670,,5757,,1820,29232,17533,,15681,92926,,,,,5697,,600,
POL.brzesc,389,C,eye,48385,17797,,8769,,,21440,,368,20595,,,1327,2107,2575,,,,21315,,453,
POL.drohiczyn,391,R,eye,97040,5699,,83081,,,6981,,1192,6844,1493,,,80156,1046,,,,6947,,425,
POL.kamienkoszyrsk,393,R,eye,94988,6026,,83021,,,4037,,1867,6692,8271,,1136,74313,,,,,4014,,483,
POL.kobryn,395,T,eye,10006,1917,,2365,,,5617,,107,2259,232,,453,826,607,,,,5607,,22,
POL.kobryn,395,R,eye,103966,7056,,90994,,,4910,,996,7781,21702,,4755,62028,2764,,,,4882,,26,
POL.kosowpoleski,397,T,eye,7273,1614,,1626,,,3999,,34,1740,,,327,1050,,,,,3998,,158,
POL.kosowpoleski,397,R,eye,76423,6196,,67129,,,2334,,761,6716,,,13932,52774,,,,,2302,,688,
POL.luniniec,399,T,eye,8698,2142,,4250,,,2232,,74,2950,,,67,3375,,,,,2052,,254,
POL.luniniec,399,R,eye,99965,11612,,81393,,,5840,,1086,13585,,,2783,76948,,,,,5759,,836,
POL.pinsk,401,T,eye,2648,2122,,76,,16,434,,0,2264,,,1,47,8,,,,316,,0,
POL.pinsk,401,R,eye,149745,8019,,134642,,2293,4731,,32,19467,,,5078,117933,1481,,,,4591,,1119,
POL.pinsk,403,C,eye,31912,6324,,5158,,,20220,,209,7346,,,592,781,2866,,,,20181,,140,
POL.pruzana,405,T,eye,16092,3884,,4233,,,7874,,101,4706,,,1455,1790,,,,,7860,,279,
POL.pruzana,405,R,eye,92491,12427,,77742,,,1589,,718,13056,,,22701,54517,,,,,1559,,620,
POL.stolin,407,T,eye,18080,1368,,10023,,,6233,,454,1834,57,,1318,7483,1134,,,,6206,,39,
POL.stolin,407,R,eye,106685,5525,,94360,,,4677,,2107,16618,2606,,3363,77841,1114,,,,4603,,458,
WOL.dubno,413,T,eye,18102,3512,,4991,112,190,9288,,2,4989,2529,,,,,271,,67,8922,,1313,
WOL.dubno,413,R,eye,208607,24126,,167683,3433,4312,8939,,38,28938,155110,,,,,10877,,2722,8508,,2183,
WOL.horochow,415,T,eye,12298,1328,103,5891,52,,4862,,61,1394,5659,191,,,,,,32,4849,,164,
WOL.horochow,415,R,eye,109747,16347,1957,79382,5147,,5250,,1632,19706,77460,914,,,,,,4945,5144,,1497,
WOL.kostopol,417,T,eye,9470,2261,,1958,758,92,4395,,5,2627,1626,,,,,,,781,4111,,323,
WOL.kostopol,417,R,eye,150132,32189,,100651,5936,4854,6391,,2,32324,102354,,,,,,,6764,6370,,2103,
WOL.kowel,419,T,eye,3046,110,3,1149,0,,1779,,5,212,1017,20,,,,,,,1709,,88,
WOL.kowel,419,R,eye,224372,25413,2299,179281,3255,,12098,,1825,26213,179307,2407,,,,,,,11981,,4153,
WOL.kowel,421,C,eye,27677,9638,,4875,,,12842,,312,10295,2483,,,,1954,,,,12786,,145,
WOL.krzemieniec,423,T,eye,19877,3037,,9393,,176,7256,,4,3108,8428,,,,883,,,,7245,,202,
WOL.krzemieniec,423,R,eye,223155,22045,,185124,,4309,11495,,15,22650,187389,,,,871,,,,11434,,555,
WOL.luboml,425,T,eye,4169,164,,191,1,5,3807,,0,195,155,,,,,,,,3787,,31,
WOL.luboml,425,R,eye,81338,10834,,65387,929,1033,3054,,8,11955,65586,,,,,,,,3031,,639,
WOL.luck,427,T,eye,10293,1056,,2585,231,23,6394,,4,1100,2447,,,,,46,,211,6384,,104,
WOL.luck,427,R,eye,244958,44077,,167692,17742,4748,10594,,45,44020,166050,,,,,5607,,16595,10491,,2034,
WOL.luck,429,C,eye,35554,10669,,6184,1009,,17366,,322,11326,3296,,,,2284,454,,813,17267,,107,
WOL.rowne,431,T,eye,4039,318,,323,20,0,3373,,5,360,229,,,,,0,,18,3357,,73,
WOL.rowne,431,R,eye,208136,25708,,159413,7210,4013,11603,,29,25457,156955,,,,,5377,,7113,11570,,1446,
WOL.rowne,433,C,eye,40612,10418,,6733,522,,22737,,196,11173,3187,,,,2792,440,,,22557,,458,
WOL.sarny,435,T,eye,14564,4750,,2037,197,31,7541,,7,5026,741,,,,977,,,148,7530,,140,
WOL.sarny,435,R,eye,166720,23442,,130204,1503,2897,8547,,6,25400,127543,,,,1788,,,774,8489,,2555,
WOL.wlodzimierz,437,T,eye,4786,1054,,538,1,9,3184,,0,1113,454,,,,,,,1,3180,,38,
WOL.wlodzimierz,437,R,eye,120997,28601,,82879,2762,3249,3482,,10,29557,83350,,,,,,,2635,3445,,1936,
WOL.wlodzimierz,439,C,eye,24591,8828,,4588,,,10665,,508,9616,3406,,,,724,,,,10611,,215,
WOL.zdolbunow,441,T,eye,23446,6673,,7853,251,46,8541,,81,6965,5004,,,,1867,941,,,8502,,165,
WOL.zdolbunow,441,R,eye,94888,11228,,78897,813,1392,2309,,141,10861,76557,,,,538,3580,,,2285,,866,
POZ.bydgoszcz,448,C,eye,117200,103594,,,10648,,1692,,1222,104647,,,,,,,,11276,,,1252,
POZ.bydgoszcz,450,T,eye,14336,12058,,,1804,,143,,329,12639,,,,,,,,1344,142,,208,
POZ.bydgoszcz,450,R,eye,43803,32773,,,10896,,5,,117,37608,,,,,,,,6173,2,,18,
POZ.chodziez,452,T,eye,13646,11436,,,2011,,,,192,11186,,,,,,,,2413,,,46,
POZ.chodziez,452,R,eye,30862,19395,,,11373,,,,82,20744,,,,,,,,10080,,,15,
POZ.czarnkow,454,T,eye,8095,7052,,,810,,215,,15,6971,,,,,,,,1007,112,,5,
POZ.czarnkow,454,R,eye,35161,29945,,,5084,,44,,32,29793,,,,,,,,5266,26,,41,
POZ.gniezno,456,C,eye,30675,29802,,,678,,,,189,29873,,,,,,,,675,,,127,
POZ.gniezno,458,T,eye,5637,5232,,,341,,,,58,5350,,,,,,,,277,,,10,
POZ.gniezno,458,R,eye,51619,43983,,,7254,,,,324,45041,,,,,,,,6513,,,41,
POZ.gostyn,460,T,ocr,13765,13157,,,553,,,,38,13195,,,,,,,,564,,,5,
POZ.gostyn,460,R,ocr,42164,40113,,,1990,,,,17,40266,,,,,,,,1892,,,31,
POZ.inowroclaw,462,C,eye,34364,33356,,,750,,,,239,33498,,,,,,,,753,,,101,
POZ.inowroclaw,464,T,eye,3847,3613,,,213,,,,20,3608,,,,,,,,230,,,9,
POZ.inowroclaw,464,R,eye,44752,37183,,,7392,,,,140,37348,,,,,,,,7354,,,37,
POZ.jarocin+POZ.pleszew,466,T,eye,19108,18460,,,490,,,,135,18557,,,,,,,,486,,,65,
POZ.jarocin+POZ.pleszew,466,R,eye,68438,65895,,,2422,,,,28,65135,,,,,,,,3258,,,33,
POZ.kepno+POZ.ostrzeszow,468,T,eye,14632,13614,,,729,,257,,28,14089,,,,,,6,,429,,,103,
POZ.kepno+POZ.ostrzeszow,468,R,eye,72217,64044,,,7664,,39,,406,68596,,,,,,759,,2844,,,16,
POZ.koscian,470,T,eye,19580,18730,,,738,,,,84,18796,,,,,,,,765,,,15,
POZ.koscian,470,R,eye,59319,57254,,,1937,,,,39,57223,,,,,,,,2067,,,22,
POZ.krotoszyn,472,T,eye,28188,26348,,,1608,,,,192,26573,,,,,,,,1547,,,62,
POZ.krotoszyn,472,R,eye,47268,42916,,,4225,,,,27,43160,,,,,,,,4078,,,15,
POZ.leszno,474,T,ocr,23276,21261,,,1696,,,,315,20890,,,,,,,,2252,,,129,
POZ.leszno,474,R,ocr,37935,33859,,,4033,,,,27,30350,,,,,,,,7562,,,13,
POZ.miedzychod,476,T,eye,8109,7260,,,820,,,,29,7496,,,,,,,,603,,,9,
POZ.miedzychod,476,R,eye,22923,19847,,,3024,,,,37,20517,,,,,,,,2389,,,14,
POZ.mogilno,478,T,eye,24792,23650,,,920,,,,191,23791,,,,,,,,945,,,56,
POZ.mogilno,478,R,eye,64394,57164,,,7045,,,,129,57556,,,,,,,,6774,,,48,
POZ.nowytomysl+POZ.grodziskwielko,480,T,ocr,24521,22780,,,1553,,,,178,22775,,,,,,,,1708,,,37,
POZ.nowytomysl+POZ.grodziskwielko,480,R,ocr,62810,49135,,,13335,,,,303,48171,,,,,,,,14581,,,25,
POZ.oborniki,482,T,ocr,13786,12322,,,1270,,,,180,12384,,,,,,,,1322,,,77,
POZ.oborniki,482,R,ocr,36602,29894,,,6515,,,,157,29912,,,,,,,,6638,,,40,
POZ.ostrowwielkopo+POZ.odolanow,484,T,ocr,5579,5317,,,195,,,,64,5414,,,,,,,,159,,,6,
POZ.ostrowwielkopo+POZ.odolanow,484,R,ocr,74117,64396,,,9493,,,,183,70497,,,,,,,,3539,,,61,54
POZ.ostrowwielkopo+POZ.odolanow,486,C,ocr,24430,23923,,,394,,,,101,24106,,,,,,,,287,,,35,
POZ.poznan,488,C,eye,246470,236829,,,6516,,,,3086,238167,,,,,,,,6387,,,1884,
POZ.poznan,502,T,eye,11145,10412,,,674,,,,46,10468,,,,,,,,667,,,10,
POZ.poznan,502,R,eye,80037,75722,,,3980,,,,199,75998,,,,,,,,3929,,,72,
POZ.rawicz,504,T,eye,19104,16559,,,2215,,,,312,16789,,,,,,,,2103,,,206,
POZ.rawicz,504,R,eye,30778,27695,,,3043,,,,13,28045,,,,,,,,2709,,,6,
POZ.srem,510,T,eye,17066,16601,,,348,,,,92,16679,,,,,,,,363,,,24,
POZ.srem,510,R,eye,40238,37506,,,2652,,,,44,37590,,,,,,,,2633,,,15,
POZ.srodawielkopol,512,T,ocr,11657,11275,,,299,,,,75,11310,,,,,,,,324,,,23,
POZ.srodawielkopol,512,R,ocr,38245,36392,,,1730,,,,56,36523,,,,,,,,1692,,,28,
POZ.szamotuly,506,T,eye,18106,17051,,,671,,211,,160,17291,,,,,,,,748,,,66,
POZ.szamotuly,506,R,eye,49636,45589,,,3907,,39,,21,45642,,,,,,,,3961,,,25,
POZ.szubin,508,T,eye,12122,11084,,,904,,,,125,11234,,,,,,,,844,,,38,
POZ.szubin,508,R,eye,35703,26686,,,8872,,,,84,26857,,,,,,,,8794,,,31,
POZ.wagrowiec,514,T,ocr,10728,10058,,,559,,,,98,10111,,,,,,,,578,,,37,
POZ.wagrowiec,514,R,ocr,43531,36516,,,6865,,,,46,37048,,,,,,,,6461,,,20,
POZ.wolsztyn,516,T,eye,6559,5793,,,704,,,,62,5760,,,,,,,,784,,,15,
POZ.wolsztyn,516,R,eye,41333,32915,,,8264,,,,120,32233,,,,,,,,9073,,,16,
POZ.wrzesnia,518,T,eye,10641,10375,,,177,,,,87,10391,,,,,,,,200,,,50,
POZ.wrzesnia,518,R,eye,33057,30995,,,2011,,,,26,30728,,,,,,,,2306,,,22,
POZ.wyrzysk,520,T,eye,19241,16811,,,2264,,,,148,16755,,,,,,,,2457,,,27,
POZ.wyrzysk,520,R,eye,47632,36603,,,10805,,,,188,36302,,,,,,,,11279,,,33,
POZ.znin,522,T,eye,8000,7396,,,512,,,,81,7422,,,,,,,,536,,,41,
POZ.znin,522,R,eye,33521,29177,,,4212,,,,61,29297,,,,,,,,4202,,,10,
POM.brodnica,529,T,eye,11218,10602,,,482,,,,128,10667,,,,,,,,447,,,93,
POM.brodnica,529,R,eye,45069,40040,,,4799,,,,202,40323,,,,,,,,4653,,,29,
POM.chelmno,531,T,ocr,12455,11743,,,620,,,,90,11768,,,,,,,,655,,,28,
POM.chelmno,531,R,ocr,40310,32201,,,7734,,,,330,32932,,,,,,,,7275,,,17,
POM.chojnice,533,T,eye,21859,20607,,,1141,,,,103,19755,,,,,,,,2035,,,22,
POM.chojnice,533,R,eye,55076,53353,,,1539,,,,85,49244,,,,,,,,5596,,,48,
POM.dzialdowo,535,T,eye,9140,7956,,,1023,,,,146,8424,,,,,,,,609,,,89,
POM.dzialdowo,535,R,eye,33576,27492,,,5956,,,,107,31221,,,,,,,,2253,,,55,
POM.grudziadz,539,C,eye,54014,48554,,,3805,,677,,955,49636,,,,,,,,3608,,,748,
POM.grudziadz,541,T,eye,4455,3833,,,551,59,,,6,3839,,,,,,,,596,,,1,
POM.grudziadz,541,R,eye,38346,30204,,,7402,649,,,20,31063,,,,,,,,7164,,,29,
POM.kartuzy,543,T,eye,4917,4648,,,214,,,,55,4641,,,,,,,,256,,,19,
POM.kartuzy,543,R,eye,63757,59544,,,4144,,,,31,59462,,,,,,,,4189,,,18,
POM.koscierzyna,545,T,eye,10710,9857,,,776,,,,76,9860,,,,,,,,828,,,11,
POM.koscierzyna,545,R,eye,41006,35505,,,5426,,,,30,35798,,,,,,,,5150,,,10,
POM.lubawa,547,T,ocr,9887,9501,,,290,,,,96,9572,,,,,,,,237,,,76,
POM.lubawa,547,R,ocr,43734,42126,,,1350,,,,209,42240,,,,,,,,1375,,,19,
POM.sepolnokrajens,551,T,eye,9174,6375,,,2575,,137,,87,5836,,,,,,,,3284,,,51,
POM.sepolnokrajens,551,R,eye,20389,13286,,,7010,,3,,80,11702,,,,,,,,8658,,,9,
POM.starogard,553,T,ocr,16536,15506,,,821,,,,196,15413,,,,,,,,1005,,,76,
POM.starogard,553,R,ocr,55293,52416,,,2440,,,,338,52524,,,,,,,,2428,,,231,
POM.swiecie,555,T,eye,13267,11698,,,1199,,279,,67,11728,,,,,,,,1353,,,163,
POM.swiecie,555,R,eye,74731,62111,,,11957,,59,,526,62443,,,,,,,,12069,,,45,
POM.tczew,557,T,eye,7750,7447,,,286,,,,16,7413,,,,,,,,328,,,7,
POM.tczew,557,R,eye,37107,35192,,,1750,,,,116,35079,,,,,,,,1910,,,18,
POM.tczew,559,C,eye,22542,21204,,,1162,,,,173,20340,,,,,,,,2121,,,78,
POM.torun,561,C,eye,53993,50453,,,2617,,,,892,51006,,,,,,,,2450,,,481,
POM.torun,563,T,eye,16183,15568,,,495,,,,113,15623,,,,,,,,491,,,58,
POM.torun,563,R,eye,44031,36923,,,6831,,,,252,37286,,,,,,,,6633,,,82,
POM.tuchola,565,T,eye,5427,5216,,,155,,,,52,5138,,,,,,,,280,,,8,
POM.tuchola,565,R,eye,35822,33613,,,2082,,,,62,32852,,,,,,,,2871,,,20,
POM.wabrzezno,567,T,eye,15261,13704,,,1121,,270,,143,13802,,,,,,,,1117,253,,36,
POM.wabrzezno,567,R,eye,34591,28246,,,5920,,9,,370,28544,,,,,,,,5934,6,,39,
POM.wejherowo,537,C,eye,33217,32205,,,515,,,,465,32554,,,,,,,,329,,,276,
POM.wejherowo,549,T,eye,16354,15317,,,748,,218,,61,14815,,,,,,,,1419,,,114,
POM.wejherowo,549,R,eye,68941,64774,,,3876,,11,,75,64843,,,,,,,,3794,,,23,
SLA.bielsko,574,C,eye,22332,12645,,,5108,,4430,,147,9683,,,,,,,,10220,2275,,152,
SLA.bielsko,576,T,eye,1991,1851,,,62,,77,,1,1955,,,,,,,,23,11,,2,
SLA.bielsko,576,R,eye,60593,46144,,,12855,,1176,,370,50940,,,,,,,,9036,369,,134,
SLA.cieszyn,580,T,eye,21856,14379,,,5623,,1688,,135,18959,,,,,,,,2263,510,,105,
SLA.cieszyn,580,R,eye,59231,37625,,,20868,,252,,442,58758,,,,,,,,268,19,,69,
SLA.katowice,582,C,eye,126058,113209,,,6414,,5716,,652,107040,,,,,,,,16936,1577,,450,
SLA.katowice,584,R,eye,154659,151224,,,2708,,,,671,147169,,,,,,,,7265,,,160,
SLA.katowice,586,C,eye,22696,21447,,,703,,463,,82,20372,,,,,,,,2126,152,,36,
SLA.katowice,588,C,eye,37790,35838,,,1644,,,,305,34934,,,,,,,,2780,,,69,
SLA.lubliniec,590,T,eye,10637,10373,,,162,,,,98,10115,,,,,,,,473,,,33,
SLA.lubliniec,590,R,eye,34595,34236,,,243,,,,87,34081,,,,,,,,447,,,12,
SLA.pszczyna,592,T,eye,21629,19986,,,1374,,224,,45,19608,,,,,,,,1954,52,,12,
SLA.pszczyna,592,R,eye,140386,132972,,,7145,,124,,104,137142,,,,,,,,3083,22,,45,
SLA.rybnik,594,T,ocr,10547,10105,,,390,,,,51,9635,,,,,,,,897,,,14,
SLA.rybnik,594,R,ocr,179320,176643,,,2323,,,,220,176576,,,,,,,,2437,,,57,
SLA.rybnik,596,C,ocr,22962,22159,,,480,,262,,57,21655,,,,,,,,1250,30,,1,
SLA.swietochlowice,578,C,eye,101977,94010,,,4870,,2811,,255,88753,,,,,,,,11929,1148,,106,
SLA.swietochlowice,598,R,eye,201176,196978,,,3394,,,,769,189074,,,,,,,,11948,,,106,
SLA.tarnowskiegory,600,T,eye,17917,17099,,,431,,290,,37,14911,,,,,,,,2929,53,,21,
SLA.tarnowskiegory,600,R,eye,46675,46113,,,407,,70,,28,44275,,,,,,,,2281,14,,26,
KRA.biala+KRA.oswiecim,607,T,eye,20706,14454,,,,,6139,,86,16755,,,,,,,,16,3880,,25,
KRA.biala+KRA.oswiecim,607,R,eye,95719,94099,,,,,909,,534,93454,,,,,,,,1777,428,,49,
KRA.biala+KRA.oswiecim,609,C,eye,22702,17878,,,1806,,2903,,108,16880,,,,,,,,4129,1624,,68,
KRA.bochnia,611,T,eye,16958,13462,,,,,3342,,139,14231,,,,,,,,,2690,,37,
KRA.bochnia,611,R,eye,96832,93937,,,,,2314,,310,95486,,,,,,,,,1157,,178,
KRA.brzesko,613,T,eye,3675,1560,,,,,2101,,11,2403,,,,,,,,,1263,,0,
KRA.brzesko,613,R,eye,98551,96170,,,,,2020,,70,97848,,,,,,,,,631,,39,
KRA.chrzanow,615,T,eye,50995,39343,,,,,11240,,335,40782,,,,,,,,,9911,,206,
KRA.chrzanow,615,R,eye,87066,85673,,,,,887,,274,86296,,,,,,,,,524,,143,
KRA.dabrowatarnows,617,T,eye,8484,5422,,,,,3012,,29,5604,,,,,,,,,2859,,16,
KRA.dabrowatarnows,617,R,eye,58194,56162,,,,,1795,,26,57016,,,,,,,,,1157,,20,
KRA.debica,653,T,eye,18380,13765,,,,,4510,,76,14468,,,,,,,,,3850,,59,
KRA.debica,653,R,eye,92545,90268,,,,,1900,,84,91232,,,,,,,,,1251,,53,
KRA.gorlice,619,T,ocr,10646,7043,182,4,,,3409,,8,8456,,90,,,,,,,2077,,21,
KRA.gorlice,619,R,ocr,94159,66745,19952,4954,,,2169,,95,67810,,24580,,,,,,,1431,,272,
KRA.jaslo,621,T,eye,10023,7369,117,10,,,2512,,11,7924,,43,,,,,,,2029,,23,
KRA.jaslo,621,R,eye,106123,94844,4874,2658,,,3274,,37,96011,,7311,,,,,,,2579,,141,
KRA.krakow,623,C,eye,219286,159372,1554,,,,56515,,1827,171206,683,241,,,,,,,45828,,1290,
KRA.krakow,639,T,eye,13264,10871,,,179,,2167,,34,12152,,,,,,,,,1052,,60,
KRA.krakow,639,R,eye,174245,170965,,,193,,1971,,458,173415,,,,,,,,,517,,246,
KRA.limanowa,641,T,eye,2552,1534,,,,,1002,,13,1732,,,,,,,,,811,,9,
KRA.limanowa,641,R,eye,84727,82514,,,,,1764,,54,83506,,,,,,,,,1140,,54,
KRA.mielec,643,T,eye,9413,4613,,,,,4743,,33,5142,,,,,,,,,4240,,12,
KRA.mielec,643,R,eye,68052,65124,,,,,1714,,730,66130,,,,,,,,,1201,,707,
KRA.myslenice,645,T,eye,12487,10882,,,,,1571,,23,11890,,,,,,,,,577,,17,
KRA.myslenice,645,R,eye,90205,89096,,,,,618,,34,89988,,,,,,,,,193,,21,
KRA.nowysacz,647,T,eye,20632,16318,902,29,,,3311,,61,17725,,552,,,,,,,2272,,46,
KRA.nowysacz,647,R,eye,132937,105058,20308,3595,,,2740,,848,107289,,23050,,,,,,,1269,,1220,
KRA.nowysacz,649,C,eye,30298,20481,,,474,,9084,,254,23315,,,,,,,,,6741,,238,
KRA.nowytarg,651,T,ocr,26616,23468,99,,,,2838,,173,24909,,23,,,,,,,1579,,99,
KRA.nowytarg,651,R,ocr,102878,98299,2185,,,,2015,,58,98968,,2052,,,,,,,992,,844,
KRA.tarnow,655,T,eye,2712,2391,,,,,307,,14,2534,,,,,,,,,165,,4,
KRA.tarnow,655,R,eye,94726,92914,,,,,1582,,115,93497,,,,,,,,,1158,,62,
KRA.tarnow,657,C,eye,44927,25305,,,,,19330,,275,28786,,,,,,,,,15984,,137,
KRA.wadowice,659,T,eye,22313,18978,,,,,3172,,139,20247,,,,,,,,,1935,,125,
KRA.wadowice,659,R,eye,122830,121491,,,,,493,,125,122605,,,,,,,,,135,,47,
KRA.zywiec,661,T,ocr,12480,12019,,,,,343,,73,12338,,,,,,,,,81,,61,
KRA.zywiec,661,R,ocr,118469,115666,,,,,1902,,338,117409,,,,,,,,,834,,215,
LWO.bobrka,,T,residual,12978,4757,4289,,,,3913,,9,6810,1887,1404,,,,,,,2961,,0,
LWO.bobrka,,R,residual,84146,18063,61875,,,,4059,,86,23952,45490,11793,,,,,,,2964,,0,
LWO.brzozow,667,T,eye,4248,3088,44,,,,1046,,1,3158,11,20,,,,,,,975,,0,
LWO.brzozow,667,R,eye,78957,62725,12667,,,,3270,,89,64991,6047,4599,,,,,,,2861,,39,
LWO.dobromil,669,T,eye,9437,3638,2571,,,,3198,,16,5669,932,822,,,,,,,1973,,15,
LWO.dobromil,669,R,eye,84533,22303,57069,,,,4324,,773,30276,17628,33081,,,,,,,3024,,372,
LWO.drohobycz,671,R,eye,120699,21874,92773,,1950,,3961,,82,50128,37721,28564,,,,,,2099,1959,,35,
LWO.drohobycz,673,C,eye,41496,19669,9440,,,,11996,,383,22967,5121,2565,,,,,,,10538,,290,
LWO.drohobycz,675,C,eye,32261,10629,8104,425,,,12931,,160,18840,2686,2557,,,,,,,7987,,175,
LWO.grodekjagiello,677,T,eye,15486,6347,5166,,,,3918,,52,9990,818,2227,,,,,,,2392,,36,
LWO.grodekjagiello,677,R,eye,69521,16061,51520,,,,1064,,833,23238,19377,25390,,,,,,,583,,837,
LWO.jaroslaw,679,T,ocr,4187,1826,269,,,,2084,,8,3675,53,24,,,,,,,426,,1,
LWO.jaroslaw,679,R,ocr,121646,69232,48769,,,,3365,,64,99429,11168,8999,,,,,,,1594,,33,
LWO.jaroslaw,681,C,ocr,22195,12594,3200,,,,6272,,109,17325,490,259,,,,,,,4044,,,
LWO.jaworow,683,T,eye,12367,2991,6049,,,,3291,,33,4684,3781,1505,,,,,,,2365,,8,
LWO.jaworow,683,R,eye,74395,15403,56734,,,,1870,,328,22254,17773,32809,,,,,,,679,,771,
LWO.kolbuszowa,685,T,eye,6765,3756,,,,,2946,,30,4705,,,,,,,,,2015,,17,
LWO.kolbuszowa,685,R,eye,62800,60243,,,,,2145,,149,60656,,,,,,,,,1678,,129,
LWO.krosno,687,T,eye,14247,10461,233,16,,,3484,,33,11123,25,112,,,,,,,2924,,25,
LWO.krosno,687,R,eye,99140,80728,10647,4236,,,3037,,221,82568,1130,13399,,,,,,,1492,,41,
LWO.lancut,711,T,eye,13106,8957,393,,,,3727,,22,11496,135,20,,,,,,,1420,,12,
LWO.lancut,711,R,eye,84573,77109,4388,,,,2554,,210,80588,1575,950,,,,,,,898,,68,
LWO.lesko,689,T,eye,7912,1775,1793,,,,4326,,12,2437,898,609,,,,,,,3952,,9,
LWO.lesko,689,R,eye,103663,16434,79751,,,,6590,,808,29403,34603,34236,,,,,,,4523,,643,
LWO.lubaczow,691,T,ocr,9224,3091,2896,,,,3224,,13,4040,1043,1370,,,,,,,2765,,3,
LWO.lubaczow,691,R,ocr,78042,29903,41800,,,,6118,,176,39254,24325,11499,,,,,,,2720,,155,
LWO.lwow,693,C,eye,312231,157490,49747,,3630,,99595,,1638,198212,24245,10892,,,,,,2448,75316,,1009,
LWO.lwow,709,T,eye,9283,3389,3151,,400,,2324,,10,6392,1404,668,,,,,,287,511,,7,
LWO.lwow,709,R,eye,133517,64041,64356,,1920,,2763,,345,74320,26209,30114,,,,,,1522,1058,,60,
LWO.mosciska,713,T,eye,10015,3836,2731,,,,3428,,13,7120,403,1007,,,,,,,1475,,0,
LWO.mosciska,713,R,eye,79445,30783,46490,,,,2000,,87,42869,8484,27302,,,,,,,689,,23,
LWO.nisko,715,T,eye,9407,7830,70,,,,1462,,27,8017,,,,,,,,,1265,,78,
LWO.nisko,715,R,eye,54826,51239,845,,,,2523,,40,52585,,,,,,,,,1819,,111,
LWO.przemysl,717,R,ocr,111506,41914,65199,,,,4098,,270,53720,35291,19707,,,,,,,2681,,45,
LWO.przemysl,719,C,ocr,51038,25154,8278,,,,17326,,272,32673,3481,1526,,,,,,,13210,,107,
LWO.przeworsk,721,T,eye,9366,6872,107,,,,2375,,9,7641,,,,,,,,,1688,,32,
LWO.przeworsk,721,R,eye,52022,47961,2922,,,,1030,,14,50993,,,,,,,,,456,,389,
LWO.rawaruska,723,T,eye,18345,4807,4211,,,,9188,,139,7863,1737,1647,,,,,,,7035,,36,
LWO.rawaruska,723,R,eye,103727,17682,79946,,,,4193,,1714,19513,49157,29592,,,,,,,3956,,1170,
LWO.rudki,725,T,eye,9263,2519,2381,,,,4347,,13,3510,1832,241,,,,,,,3659,,3,
LWO.rudki,725,R,eye,69907,25155,43361,,,,1049,,274,34907,23417,10764,,,,,,,588,,28,
LWO.rzeszow,727,T,ocr,13165,9709,45,,,,3381,,1,11058,,,,,,,,,2021,,32,
LWO.rzeszow,727,R,ocr,145039,138931,2984,,,,2489,,24,142652,474,886,,,,,,,82,,485,
LWO.rzeszow,729,C,ocr,26902,15410,,,,,11228,,260,20187,,,,,,,,,6570,,87,
LWO.sambor,731,T,eye,4855,1116,2174,,,,1562,,3,2255,980,843,,,,,,,777,,0,
LWO.sambor,731,R,eye,107036,30614,72586,,,,3422,,339,40988,31812,31685,,,,,,,1692,,699,
LWO.sambor,733,C,eye,21923,11853,3744,,,,6274,,36,13575,1338,1564,,,,,,,5325,,42,
LWO.sanok,735,T,eye,18138,10228,1728,,,,6123,,41,11555,175,774,,,,,,,5554,,27,
LWO.sanok,735,R,eye,96057,38740,52839,,,,3332,,1023,56400,12173,25070,,,,,,,1800,,120,
LWO.sokal,737,T,ocr,16864,5417,4078,,,,7334,,32,12672,1128,439,,,,,,,2547,,121,
LWO.sokal,737,R,ocr,92247,20008,65182,,,,6038,,947,30179,46386,12031,,,,,,,3370,,168,
LWO.tarnobrzeg,739,T,eye,10880,5595,80,,,17,5166,,0,6107,23,17,,,,,,,4662,,6,
LWO.tarnobrzeg,739,R,eye,62417,60296,85,,,733,1167,,2,61517,43,10,,,,,,,524,,18,
LWO.turka,741,T,eye,10081,1706,4211,,,,4117,,33,3977,1446,1571,,,,,,,3056,,25,
LWO.turka,741,R,eye,104376,4595,92353,,,,6510,,800,22106,49122,28344,,,,,,,4496,,130,
LWO.zolkiew,743,T,eye,18070,4938,6835,,,,6229,,57,12398,1290,1794,,,,,,,2549,,28,
LWO.zolkiew,743,R,eye,77437,15341,59949,,,,1619,,502,23418,22677,30299,,,,,,,795,,139,
STA.dolina,750,T,ocr,23956,6849,8868,,1097,,7109,,29,7505,5201,3248,,,,,,1406,6565,,13,
STA.dolina,750,R,ocr,94417,8781,80893,,1227,,3362,,63,13653,35699,39732,,,,,,2607,2466,,50,
STA.horodenka,752,T,ocr,12247,2546,6121,,,,3526,,54,4069,4725,742,,,,,,,2696,,9,6
STA.horodenka,752,R,ocr,80647,12973,63607,,,,3954,,52,23682,27923,26567,,,,,,,2335,,30,31
STA.kalusz,754,T,eye,12069,4010,3999,,,,3967,,92,5058,1899,1628,,,,,,,3168,,309,
STA.kalusz,754,R,eye,90183,10408,76707,,,,2282,,700,13579,45553,28426,,,,,,,1941,,653,
STA.kolomyja,756,T,eye,6843,630,4851,,,,1333,,26,1646,2551,1903,,,,,,,719,,3,
STA.kolomyja,756,R,eye,135369,18845,110174,,,,5222,,970,28391,68908,33429,,,,,,,3674,,716,
STA.kolomyja,758,C,eye,33788,12450,6215,,711,,14332,,65,21969,1988,1754,,,,,,1220,6798,,17,
STA.kosow,760,T,eye,13342,2817,5162,,,,5310,,42,4163,3425,1385,,,,,,,4326,,25,
STA.kosow,760,R,eye,80610,2159,75686,,,,2516,,60,2555,51266,23762,,,,,,,2404,,36,
STA.nadworna,762,T,eye,19263,4110,8996,,,,6030,,109,4587,6837,2061,,,,,,,5681,,85,
STA.nadworna,762,R,eye,121439,11104,104021,,,,5633,,570,12320,86202,17028,,,,,,,5339,,342,
STA.rohatyn,764,T,ocr,15578,3213,6316,,,,6004,,44,6294,4272,1316,,,,,,,3689,,7,
STA.rohatyn,764,R,ocr,111674,23895,84090,,,,3462,,162,29858,55538,23749,,,,,,,2422,,45,
STA.sniatyn,774,T,eye,17327,3393,8004,,,,5566,,352,6064,4069,3197,,,,,,,3646,,339,
STA.sniatyn,774,R,eye,60698,5266,53751,,,,1507,,126,11142,19687,29054,,,,,,,695,,51,
STA.stanislawow,766,T,eye,7539,1811,3813,,,,1805,,105,2090,1772,1930,,,,,,,1656,,86,
STA.stanislawow,766,R,eye,130860,18396,108820,,,,2897,,665,20755,89820,17335,,,,,,,2396,,424,
STA.stanislawow,768,C,eye,59960,22312,11134,,1487,,24823,,189,26187,5553,3804,,,,,,1332,22944,,125,
STA.stryj,770,T,eye,7524,2349,2206,,273,,2674,,22,2624,1382,642,,,,,,359,2507,,10,
STA.stryj,770,R,eye,114616,10744,97307,,2730,,3572,,99,9665,81483,15166,,,,,,4637,3345,,69,
STA.stryj,772,C,eye,30491,10311,8539,,705,,10869,,66,12897,4259,3251,,,,,,501,9561,,19,
STA.tlumacz,776,T,eye,18789,5197,8217,,,,5096,,256,9259,2794,3795,,,,,,,2873,,48,
STA.tlumacz,776,R,eye,97239,26281,68404,,,,1606,,852,35699,34652,25418,,,,,,,804,,471,
STA.zydaczow,778,T,eye,16434,4764,7169,,,,4368,,124,6123,4550,1690,,,,,,37,4018,,4,
STA.zydaczow,778,R,eye,67383,10330,55949,,,,921,,152,10341,41742,13116,,,,,,1401,710,,12,
TAR.borszczow,784,T,ocr,15689,4616,6240,,,,4784,,36,7992,1701,3257,,,,,,,2681,,14,
TAR.borszczow,784,R,ocr,87588,23816,59008,,,,4569,,94,38161,13861,33793,,,,,,,1621,,33,
TAR.brody,786,T,ocr,17905,5083,4390,,,,8288,,142,8031,2042,1506,,,,,,,6266,,59,
TAR.brody,786,R,ocr,73343,17438,53423,,,,2072,,383,24812,22125,24817,,,,,,,1374,,144,
TAR.brzezany,788,T,eye,17680,8803,3609,,,,5236,,31,11802,1048,1697,,,,,,,3115,,7,
TAR.brzezany,788,R,eye,86144,33159,50591,,,,1915,,452,36366,15865,33147,,,,,,,601,,17,
TAR.buczacz,790,T,eye,23884,11823,5286,,,,6739,,23,13348,2567,1975,,,,,,,5970,,8,
TAR.buczacz,790,R,eye,115178,39488,71709,,,,3829,,85,47175,45344,20450,,,,,,,2089,,12,
TAR.czortkow,792,T,ocr,19038,8829,4327,,,,5732,,137,10504,2128,1505,,,,,,,4860,,31,
TAR.czortkow,792,R,ocr,64970,24251,38454,,,,2113,,131,25982,23895,13338,,,,,,,1614,,102,
TAR.kamionkastrumi,794,T,ocr,15790,7018,3556,,,,5124,,92,9650,1133,1242,,,,,,,3734,,31,
TAR.kamionkastrumi,794,R,ocr,66321,22810,41519,,,,1576,,400,32043,12216,20587,,,,,,,1003,,422,
TAR.kopyczynce,796,T,eye,18329,6689,6801,,,,4805,,34,9879,2788,2315,,,,,,,3318,,22,
TAR.kopyczynce,796,R,eye,70285,24517,43154,,,,2486,,110,28279,26482,13611,,,,,,,1846,,26,
TAR.podhajce,798,T,eye,5690,1488,1067,,,,3124,,8,2295,504,300,,,,,,,2583,,6,
TAR.podhajce,798,R,eye,89973,36515,51546,,,,1662,,211,44415,30789,13438,,,,,,,891,,386,
TAR.przemyslany,800,T,eye,9715,2804,2686,,,,4203,,19,4762,756,1040,,,,,,,3127,,22,
TAR.przemyslany,800,R,eye,80193,35671,41289,,,,2657,,568,47507,18763,12218,,,,,,,1318,,364,
TAR.radziechow,802,T,eye,8836,2841,3417,,59,,2505,,12,4710,1395,1416,,,,,,,1297,,17,
TAR.radziechow,802,R,eye,60477,15104,39477,,1197,,4429,,250,20717,23257,13902,,,,,,,1980,,571,
TAR.skalat,804,T,eye,15865,5735,2995,,,,7037,,98,10896,819,923,,,,,,,3156,,70,
TAR.skalat,804,R,eye,73350,39896,31757,,,,1449,,245,49195,9513,14114,,,,,,,498,,22,
TAR.tarnopol,806,T,eye,3119,882,460,,,,1769,,8,2274,205,88,,,,,,,545,,4,
TAR.tarnopol,806,R,eye,103457,47793,53561,,,,1916,,175,63888,21096,18089,,,,,,,289,,33,
TAR.tarnopol,808,C,eye,35644,14611,6849,,,,13999,,169,27712,1743,1153,,,,,,,5002,,30,
TAR.trembowla,810,T,ocr,12621,5499,4356,,,,2757,,9,7290,2536,798,,,,,,,1991,,4,
TAR.trembowla,810,R,ocr,71700,33480,36081,,,,2088,,23,42888,18489,9045,,,,,,,1182,,71,
TAR.zaleszczyki,812,T,ocr,9013,2411,2339,,,,4229,,34,4587,1076,929,,,,,,,2401,,18,
TAR.zaleszczyki,812,R,ocr,63008,15506,45686,,,,1736,,60,22962,30538,8604,,,,,,,860,,26,
TAR.zbaraz,814,T,eye,7670,2946,1777,,,,2870,,77,3611,992,472,,,,,,,2588,,3,
TAR.zbaraz,814,R,eye,57909,21909,34458,,,,1127,,403,29129,15319,12826,,,,,,,554,,48,
TAR.zborow,816,T,eye,15351,4043,7619,,,,3646,,32,7969,2340,3025,,,,,,,2000,,6,
TAR.zborow,816,R,eye,66062,22196,41883,,,,1410,,554,31655,19810,13999,,,,,,,522,,23,
TAR.zloczow,818,T,ocr,19945,6343,6078,,,,7408,,105,11262,2162,1542,,,,,,,4921,,30,
TAR.zloczow,818,R,ocr,98664,30594,64518,,,,2828,,698,45366,26666,25011,,,,,,,1145,,399,
