# 1931 census, population by mother tongue, by powiat (Tabl. 12 of each voivodeship volume, Statystyka Polski seria C;
# or the powiat page of the short results, MBC 14481). Read from the scans; every row is checked against its printed
# total (tools/check_census1931.py). county = plsim county code (towns merged into their powiat); source = volume:page.
# Religion (rc Roman Catholic, gc Greek Catholic, or Orthodox, ev Protestant, jw Jewish, orel other or none) where read.
county,source,pop,pl,uk,rue,be,ru,cs,lt,de,yi,he,oth,pls,unk,rc,gc,or,ev,jw,orel
LOD.brzeziny,14233:59,150923,115905,50,2,6,58,6,3,10020,22686,2132,24,0,31,,,,,,
LOD.kalisz,14233:60,195761,169363,698,3,10,202,3,0,3821,20866,759,33,0,3,,,,,,
LOD.kolo,14233:60,119370,101969,36,1,2,18,0,1,7771,9212,294,39,0,27,,,,,,
LOD.konin+LOD.slupca,14233:60,207495,183237,127,6,2,62,1,55,16787,6799,330,40,0,49,,,,,,
LOD.lask,14233:60,171885,142769,47,1,8,25,3102,0,10488,14440,969,24,0,12,,,,,,
LOD.leczyca,14233:60,127585,111517,26,1,8,26,0,0,4195,10910,853,5,0,44,,,,,,
LOD.lodz,14233:60,161671,120095,38,6,13,70,44,4,28450,11866,949,101,0,35,,,,,,
LOD.piotrkow,14233:61,222195,192161,88,2,21,144,438,1,8838,19519,915,12,0,56,,,,,,
LOD.radomsko,14233:61,186412,171787,49,1,6,24,100,0,2601,11614,120,74,0,36,,,,,,
LOD.sieradz,14233:61,168051,147369,29,1,5,22,7,0,5493,14462,649,13,0,1,,,,,,
LOD.turek,14233:61,101734,94370,10,2,2,5,1,0,3176,3893,262,1,0,12,,,,,,
LOD.wielun,14233:61,214299,200823,67,2,6,16,0,0,113,12498,718,10,0,46,,,,,,
KIE.bedzin,14237:65,231310,199763,42,10,31,98,76,11,88,28228,2309,242,0,412,,,,,,
KIE.bedzin,14237:67 (m. Sosnowiec),108959,89202,52,4,5,180,8,2,167,18314,878,106,0,41,,,,,,
KIE.czestochowa,14237:65 (m. Częstochowa),117179,92429,64,0,4,92,12,3,82,23852,366,184,0,91,,,,,,
KIE.czestochowa,14237:65,182466,175305,22,1,14,16,4,1,532,6465,26,22,0,58,,,,,,
KIE.ilza,14237:65,159718,148225,46,7,9,38,0,8,572,9961,839,5,0,8,,,,,,
KIE.jedrzejow,14237:65 (Hebrew from m+k),108533,99441,22,0,3,12,4,1,3,8741,245,3,0,58,,,,,,
KIE.kielce,14237:65,219297,192238,147,16,14,160,6,1,731,24882,987,17,0,98,,,,,,
KIE.konskie,14237:66,179174,157453,50,0,15,45,2,2,113,20799,651,15,0,29,,,,,,
KIE.kozienice,14237:66 (Yiddish from m+k),143107,126546,57,3,10,21,4,2,2498,13754,130,8,0,74,,,,,,
KIE.miechow,14237:66,154574,147738,16,5,1,15,2,2,9,6260,502,5,0,19,,,,,,
KIE.olkusz,14237:66,151729,140591,27,5,6,16,6,0,68,10593,267,27,0,123,,,,,,
KIE.opatow,14237:66,186547,161840,56,7,13,36,1,0,11,23209,1297,11,0,66,,,,,,
KIE.opoczno,14237:66,130524,120629,67,0,3,6,2,0,1144,8519,121,1,0,32,,,,,,
KIE.pinczow,14237:67,126098,113643,42,1,2,7,4,2,9,12184,149,3,0,52,,,,,,
KIE.radom,14237:67 (m. Radom),77902,52767,43,0,2,83,7,2,120,24389,452,14,0,23,,,,,,
KIE.radom,14237:67,150447,142241,22,3,5,13,0,2,979,6925,211,4,0,42,,,,,,
KIE.sandomierz,14237:67,123362,108608,23,3,5,56,4,1,142,13649,767,5,0,99,,,,,,
KIE.busko,14237:67 (powiat Stopnica),153091,135791,52,3,0,15,1,0,203,16034,952,6,0,34,,,,,,
KIE.wloszczowa,14237:67,100607,93131,31,0,5,3,1,0,424,6817,142,2,0,51,,,,,,
KIE.zawiercie,14237:67 (total from m+k),131073,120660,22,0,4,33,69,0,43,9594,424,60,0,164,,,,,,
SLA.bielsko,522609:64 (m. Bielsko),22332,9683,14,4,5,21,58,0,10220,1732,543,50,0,2,,,,,,
SLA.bielsko,522609:64,62584,52895,16,8,1,7,39,2,9059,316,64,63,0,114,,,,,,
SLA.swietochlowice,522609:64 (m. Chorzów),101977,88753,29,2,2,7,16,8,11929,966,182,42,0,41,,,,,,
SLA.swietochlowice,522609:65,201176,189074,9,0,6,13,12,5,11948,30,7,24,0,48,,,,,,
SLA.cieszyn,522609:64,81087,77717,25,18,3,9,82,1,2531,481,48,36,0,136,,,,,,
SLA.katowice,522609:64 (m. Katowice),126058,107040,72,4,2,44,53,3,16936,1388,189,272,0,55,,,,,,
SLA.katowice,522609:64,215145,202475,7,6,2,15,16,3,12171,262,24,82,0,82,,,,,,
SLA.lubliniec,522609:65,45232,44196,2,4,3,1,0,0,920,28,1,6,0,71,,,,,,
SLA.pszczyna,522609:65,162015,156750,11,7,1,11,4,3,5037,65,9,20,0,97,,,,,,
SLA.rybnik,522609:65,212829,207866,14,4,4,19,6,5,4584,51,14,10,0,252,,,,,,
SLA.tarnowskiegory,522609:65,64592,59186,8,1,1,7,2,0,5210,66,1,28,0,82,,,,,,
KRA.biala+KRA.oswiecim,Kraków vol. (SP C 88):63 (powiat Biała of 1932 with Oświęcim),139127,127089,16,32,2,6,48,2,5922,5409,523,36,0,42,,,,,,
KRA.bochnia,Kraków vol. (SP C 88):63,113790,109717,55,20,4,8,4,0,116,3741,106,8,0,11,,,,,,
KRA.brzesko,Kraków vol. (SP C 88):63,102226,100251,14,6,1,4,1,0,11,1721,173,2,0,42,,,,,,
KRA.chrzanow,Kraków vol. (SP C 88):63,138061,127078,66,22,6,20,33,0,166,9694,741,36,0,199,,,,,,
KRA.dabrowatarnows,Kraków vol. (SP C 88):63,66678,62620,15,10,2,0,3,0,1,3580,436,5,0,6,,,,,,
KRA.gorlice,Kraków vol. (SP C 88):64,104805,76266,211,24670,2,20,3,1,20,3295,213,36,0,68,,,,,,
KRA.jaslo,Kraków vol. (SP C 88):64,116146,103935,81,7354,2,7,8,0,11,4114,494,55,0,85,,,,,,
KRA.krakow,Kraków vol. (SP C 88):64 (powiat; city separately),187509,185567,48,49,17,4,34,1,102,1222,347,51,0,67,,,,,,
KRA.limanowa,Kraków vol. (SP C 88):64,87279,85238,11,18,4,2,4,1,7,1901,50,16,0,27,,,,,,
KRA.mielec,Kraków vol. (SP C 88):64,77465,71272,24,24,1,1,1,0,667,5172,269,1,0,33,,,,,,
KRA.myslenice,Kraków vol. (SP C 88):64,102692,101878,11,5,4,1,5,0,8,661,109,4,0,6,,,,,,
KRA.nowysacz,Kraków vol. (SP C 88):64,183867,148329,586,23666,3,20,9,2,708,9975,307,112,0,150,,,,,,
KRA.nowytarg,Kraków vol. (SP C 88):65,129489,123877,81,2075,3,32,20,6,79,2072,499,722,0,23,,,,,,
KRA.debica,Kraków vol. (SP C 88):65 (powiat Ropczyce),110925,105700,39,21,1,6,5,0,14,4242,859,26,0,12,,,,,,
KRA.tarnow,Kraków vol. (SP C 88):65,142365,124817,63,39,2,7,10,0,50,15257,2050,32,0,38,,,,,,
KRA.wadowice,Kraków vol. (SP C 88):65,145143,142852,29,24,3,5,13,0,89,1745,325,9,0,49,,,,,,
KRA.zywiec,Kraków vol. (SP C 88):65,130949,129747,16,3,2,2,16,0,221,672,243,16,0,11,,,,,,
POZ.bydgoszcz,Poznań vol. (SP C 63; DjVu p.42) (m. Bydgoszcz),117200,104647,54,9,12,159,11,5,11276,789,123,90,0,25,,,,,,
POZ.bydgoszcz,Poznań vol. (SP C 63; DjVu p.41),58139,50247,74,1,107,30,2,4,7517,108,36,8,0,5,,,,,,
POZ.chodziez,Poznań vol. (SP C 63; DjVu p.41),44508,31930,4,1,3,1,0,2,12493,46,1,3,0,24,,,,,,
POZ.czarnkow,Poznań vol. (SP C 63; DjVu p.41),43256,36764,3,3,0,5,0,0,6273,130,8,35,0,35,,,,,,
POZ.gniezno,Poznań vol. (SP C 63; DjVu p.41) (m. Gniezno),30675,29873,5,1,0,10,0,0,675,94,8,9,0,0,,,,,,
POZ.gniezno,Poznań vol. (SP C 63; DjVu p.41),57256,50391,4,2,3,6,1,9,6790,23,1,2,0,24,,,,,,
POZ.gostyn,Poznań vol. (SP C 63; DjVu p.41),55929,53461,2,0,0,5,0,0,2456,0,0,1,0,4,,,,,,
POZ.inowroclaw,Poznań vol. (SP C 63; DjVu p.42) (m. Inowrocław),34364,33498,9,1,3,26,2,0,753,51,0,9,0,12,,,,,,
POZ.inowroclaw,Poznań vol. (SP C 63; DjVu p.42),48599,40956,22,6,1,4,0,2,7584,5,0,6,0,13,,,,,,
POZ.jarocin+POZ.pleszew,Poznań vol. (SP C 63; DjVu p.42) (powiat Jarocin of 1932 with Pleszew),87546,83692,17,3,11,4,0,0,3744,31,21,11,0,12,,,,,,
POZ.kepno+POZ.ostrzeszow,Poznań vol. (SP C 63; DjVu p.42) (powiat Kępno of 1932 with Ostrzeszów),86849,82685,8,0,3,1,765,2,3273,102,0,3,0,7,,,,,,
POZ.koscian,Poznań vol. (SP C 63; DjVu p.42),78899,76019,8,5,5,6,3,4,2832,0,1,5,0,11,,,,,,
POZ.krotoszyn,Poznań vol. (SP C 63; DjVu p.42),75456,69733,15,2,6,1,0,1,5625,44,0,8,0,21,,,,,,
POZ.leszno,Poznań vol. (SP C 63; DjVu p.42),61211,51240,7,5,3,6,1,1,9814,113,2,4,0,15,,,,,,
POZ.miedzychod,Poznań vol. (SP C 63; DjVu p.43),31032,28013,2,9,2,1,0,2,2992,1,6,0,0,4,,,,,,
POZ.mogilno,Poznań vol. (SP C 63; DjVu p.43),89186,81347,36,6,9,10,0,5,7719,32,3,3,0,16,,,,,,
POZ.nowytomysl+POZ.grodziskwielko,Poznań vol. (SP C 63; DjVu p.43) (powiat Nowy Tomyśl of 1932 with Grodzisk),87331,70946,6,0,12,6,4,3,16289,25,0,6,0,34,,,,,,
POZ.oborniki,Poznań vol. (SP C 63; DjVu p.43),50388,42296,40,2,3,8,0,5,7960,26,22,11,0,15,,,,,,
POZ.ostrowwielkopo+POZ.odolanow,Poznań vol. (SP C 63; DjVu p.43) (powiat Ostrów of 1932 with Odolanów),104126,100017,43,2,9,19,2,2,3985,6,0,19,0,22,,,,,,
POZ.poznan,Poznań vol. (SP C 63; DjVu p.44) (powiat; city separately),91182,86466,27,5,6,9,7,0,4596,8,0,20,0,38,,,,,,
POZ.rawicz,Poznań vol. (SP C 63; DjVu p.44),49882,44834,72,11,37,20,1,3,4812,61,0,7,0,24,,,,,,
POZ.szamotuly,Poznań vol. (SP C 63; DjVu p.44),67742,62933,2,0,0,2,1,1,4709,78,4,3,0,9,,,,,,
POZ.szubin,Poznań vol. (SP C 63; DjVu p.44),47825,38091,19,1,8,1,0,4,9638,29,6,1,0,27,,,,,,
POZ.srem,Poznań vol. (SP C 63; DjVu p.44),57304,54269,6,0,1,2,9,0,2996,20,0,1,0,0,,,,,,
POZ.srodawielkopol,Poznań vol. (SP C 63; DjVu p.44),49902,47833,9,3,4,7,0,5,2016,17,0,6,0,2,,,,,,
POZ.wagrowiec,Poznań vol. (SP C 63; DjVu p.45),54259,47159,5,0,0,5,1,7,7039,22,14,3,0,4,,,,,,
POZ.wolsztyn,Poznań vol. (SP C 63; DjVu p.45),47892,37993,1,1,1,2,1,3,9857,12,0,10,0,11,,,,,,
POZ.wrzesnia,Poznań vol. (SP C 63; DjVu p.45),43698,41119,9,0,2,16,0,1,2506,28,14,2,0,1,,,,,,
POZ.wyrzysk,Poznań vol. (SP C 63; DjVu p.45),66873,53057,11,0,6,15,0,3,13736,17,3,5,0,20,,,,,,
POZ.znin,Poznań vol. (SP C 63; DjVu p.45),41521,36719,6,3,2,3,0,0,4738,27,6,4,0,13,,,,,,
LOD.lodz,14481:120 (m. Łódź; minor languages not shown -> unk),604629,356987,0,0,0,0,0,0,53562,191720,0,1828,0,532,,,,,,
KRA.krakow,14481:623 (m. Kraków; minor languages not shown -> unk),219286,171206,683,241,0,0,0,0,0,45828,0,1290,0,38,,,,,,
POZ.poznan,14481:488 (m. Poznań; minor languages not shown -> unk),246470,238167,0,0,0,0,0,0,6387,0,0,1884,0,32,,,,,,
WAR.grodziskmazowi,14481:40 (powiat Błonie without Żyrardów; minor languages -> unk),118709,108565,0,0,0,0,0,0,0,8924,0,674,0,546,,,,,,
WAR.grodziskmazowi,14481:42 (m. Żyrardów),25115,21988,0,0,0,0,0,0,322,2679,0,68,0,58,,,,,,
WAR.ciechanow,14481:44,78763,71748,0,0,0,0,0,0,1882,4838,0,56,0,239,,,,,,
WAR.gostynin,14481:46,81566,69357,0,0,0,0,0,0,7532,4528,0,48,0,101,,,,,,
WAR.grojec,14481:48,132357,114288,0,0,0,0,0,0,904,16467,0,160,0,538,,,,,,
WAR.kutno,14481:50,84634,79844,0,0,0,0,0,0,565,3879,0,34,0,312,,,,,,
WAR.kutno,14481:52 (m. Kutno),23368,16926,0,0,0,0,0,0,0,6335,0,70,0,37,,,,,,
WAR.lipno,14481:54,104500,84609,0,0,0,0,0,0,15407,4108,0,86,0,290,,,,,,
WAR.lowicz,14481:56,104785,97906,0,0,0,0,0,0,701,5657,0,64,0,457,,,,,,
WAR.makowmazowieck,14481:58,65561,57875,0,0,0,0,0,0,0,7120,0,344,0,222,,,,,,
WAR.minskmazowieck,14481:60,111133,95195,0,0,0,0,0,0,769,14684,0,133,0,352,,,,,,
WAR.mlawa,14481:62,103131,94997,0,0,0,0,0,0,0,7565,0,224,0,345,,,,,,
WAR.nieszawa,14481:64,117874,104632,0,0,0,0,0,0,8890,3678,0,149,0,525,,,,,,
WAR.plock*,14481:66 (powiat without the city of Płock: the city's page is missing from the scan; shares only),95146,85985,0,0,0,0,0,0,3820,4959,0,89,0,293,,,,,,
WAR.plonsk,14481:68,81424,72891,0,0,0,0,0,0,1486,6646,0,70,0,331,,,,,,
WAR.przasnysz,14481:70,69118,65270,0,0,0,0,0,0,0,3511,0,53,0,284,,,,,,
WAR.pultusk,14481:72,118297,99140,0,0,0,0,0,0,1439,17243,0,120,0,355,,,,,,
WAR.radzymin,14481:74,97338,86477,0,0,0,0,0,0,1186,8988,0,269,0,418,,,,,,
WAR.rawamazowiecka,14481:76 (powiat Rawa),93552,84040,0,0,0,0,0,0,2258,6964,0,52,0,238,,,,,,
WAR.rypin,14481:78,86607,74136,0,0,0,0,0,0,7337,4795,0,90,0,249,,,,,,
WAR.sierpc,14481:80,83168,72917,0,0,0,0,0,0,2418,7522,0,49,0,262,,,,,,
WAR.skierniewice,14481:82,50902,49680,0,0,0,0,0,0,930,0,0,128,0,164,,,,,,
WAR.skierniewice,14481:84 (m. Skierniewice),20143,15674,0,0,0,0,0,0,0,4371,0,39,0,59,,,,,,
WAR.sochaczew,14481:86,75181,66137,0,0,0,0,0,0,4834,3778,0,111,0,321,,,,,,
WAR.warszawa,14481:88 (powiat Warszawa without Pruszków),302422,261919,0,0,0,0,0,0,4164,33542,0,1403,0,1394,,,,,,
WAR.warszawa,14481:90 (m. Pruszków),23650,22252,0,0,0,0,0,0,0,1182,0,121,0,95,,,,,,
WAR.wloclawek,14481:92,91820,81455,0,0,0,0,0,0,5207,4808,0,71,0,279,,,,,,
WAR.wloclawek,14481:94 (m. Włocławek),55966,45453,0,0,0,0,0,0,498,9797,0,72,0,146,,,,,,
LUB.bialapodlaska,14481:235,116266,106467,2129,0,0,0,0,0,0,7061,0,473,0,136,82647,0,18192,0,14288,998
LUB.bilgoraj,14481:236,116951,106100,2510,0,0,0,0,0,0,7987,0,303,0,51,82614,0,20913,0,12938,416
LUB.chelm,14481:238+240 (with m. Chełm),162340,120805,9389,3512,0,0,0,0,6762,20461,0,1293,0,118,88488,0,37530,10310,22852,3094
LUB.garwolin,14481:244,159942,140024,0,0,0,0,0,0,0,18541,0,1333,0,44,139128,0,0,0,18741,1881
LUB.hrubieszow,14481:246,129957,101394,16214,2852,0,0,0,0,0,8540,0,883,0,74,63365,0,49128,0,15785,1644
LUB.janowlubelski,14481:248,152718,142113,0,0,0,0,0,0,0,9280,0,1047,0,278,135182,0,0,0,15317,1667
LUB.krasnystaw,14481:250,134159,123204,0,0,0,0,0,0,0,9658,0,1220,0,77,113442,0,4853,0,12127,3596
LUB.lubartow,14481:252,107991,99918,0,0,0,0,0,0,1486,5907,0,651,0,29,94356,0,1544,1762,9652,588
LUB.lublin,14481:254+256 (with m. Lublin),275787,225480,0,0,0,0,0,0,0,48422,0,1523,0,362,220734,0,0,0,50986,3454
LUB.lukow,14481:258,129083,120991,0,0,0,0,0,0,0,7815,0,240,0,37,113549,0,0,0,14736,672
LUB.pulawy,14481:260,172267,150022,0,0,0,0,0,0,0,21791,0,246,0,208,149060,0,0,0,21949,748
LUB.radzynpodlaski,14481:262,99089,84174,0,0,0,0,0,0,0,13787,0,1059,0,69,80520,0,1840,917,15548,59
LUB.siedlce,14481:264+266 (with m. Siedlce),151411,129414,0,0,0,0,0,0,0,20922,0,924,0,151,125018,0,0,0,23069,2984
LUB.sokolowpodlask,14481:268,83949,75376,0,0,0,0,0,0,0,8261,0,196,0,116,74941,0,0,0,8334,314
LUB.tomaszowlubels,14481:270,121124,86612,17940,2812,0,0,0,0,0,13313,0,395,0,52,73021,0,33059,0,14204,800
LUB.wegrow,14481:272,88788,79709,0,0,0,0,0,0,1201,7755,0,60,0,63,76511,0,0,1483,8888,1727
LUB.wlodawa,14481:274,113566,86866,9077,0,0,0,0,0,2268,13897,0,1407,0,51,57939,0,33382,3522,18188,470
LUB.zamosc,14481:276+278 (with m. Zamość),149548,130530,2195,0,0,0,0,0,0,16139,0,623,0,61,125249,0,6778,0,16738,551
POL.brzesc,14481:385+387 (with m. Brześć),215927,50248,17533,0,17022,2575,0,0,0,32089,0,1063,95226,171,43020,0,135710,2675,32280,2196
POL.drohiczyn,14481:391,97040,6844,1493,0,0,1046,0,0,0,6947,0,425,80156,129,5699,0,83081,0,6981,1192
POL.kamienkoszyrsk,14481:393,94988,6692,8271,0,1136,0,0,0,0,4014,0,483,74313,79,6026,0,83021,0,4037,1867
POL.kobryn,14481:395,113972,10040,21934,0,5208,3373,0,0,0,10489,0,26,62854,48,8973,0,93359,0,10527,1103
POL.kosowpoleski,14481:397,83696,8456,0,0,14259,0,0,0,0,6300,0,846,53824,11,7810,0,68755,0,6333,795
POL.luniniec,14481:399,108663,16535,0,0,2850,0,0,0,0,7811,0,1090,80323,54,13754,0,85643,0,8072,1160
POL.pinsk,14481:401+403 (with m. Pińsk),184305,29077,0,0,5671,4355,0,0,0,25088,0,1259,118761,94,16465,0,139876,0,25385,2550
POL.pruzana,14481:405,108583,17762,0,0,24156,0,0,0,0,9419,0,899,56307,40,16311,0,81975,0,9463,819
POL.stolin,14481:407,124765,18452,2663,0,4681,2248,0,0,0,10809,0,497,85324,91,6893,0,104383,0,10910,2561
NOW.baranowicze,14481:363+365 (with m. Baranowicze),161038,74916,0,0,68630,1006,0,0,0,15034,0,1273,0,179,45126,0,98964,0,16074,774
NOW.lida,14481:367,183485,145609,0,0,19821,717,0,2391,0,14546,0,167,0,234,144627,0,22981,0,14913,859
NOW.nieswiez,14481:369,114464,27933,0,0,76286,808,0,0,0,8754,0,490,0,193,22378,0,82220,0,8880,905
NOW.nowogrodek,14481:371,149536,35084,0,0,102932,851,0,0,0,10326,0,219,0,124,28796,0,108574,0,10462,1635
NOW.slonim,14481:373,126510,52313,0,0,62434,1011,0,0,0,10058,0,375,0,319,23817,0,88847,0,12344,1446
NOW.stolpce,14481:375,99389,51820,0,0,40278,597,0,0,0,6341,0,144,0,209,37856,0,54021,186,6975,252
NOW.szczuczyn,14481:377,107203,89462,0,0,10369,0,0,0,0,6705,0,357,0,310,60097,0,38840,0,7883,311
NOW.wolozyn,14481:379,115522,76722,0,0,32716,524,0,0,102,5261,0,100,0,97,61852,0,47886,174,5341,247
