# Area of each powiat (km2) as printed on its page of the 1931 census short results (GUS; MBC edition 14481):
# 'Powierzchnia km2 ...'. Towns with county rights are not included (their pages print no area). A code with
# '+' is a powiat of 1932 that absorbed another. Bobrka: its page is missing from the scan; the voivodeship's area
# (28,341.6 without Lwow) less the other powiaty and an allowance of ~100 km2 for the towns. page = PDF page number.
county,area_km2,page
BIA.augustow,2034.9,287
BIA.bialystok,3078.5,291
BIA.bielskpodlaski,4986.5,293
BIA.grajewo,1451.1,313
BIA.grodno,4440.3,295
BIA.lomza,2636.1,299
BIA.ostroleka,2282.3,303
BIA.ostrowmazowiec,1466.8,305
BIA.sokolka,2333.4,307
BIA.suwalki,2211.3,309
BIA.wolkowysk,3938.3,315
BIA.wysokiemazowie,1468.2,317
KIE.bedzin,417.2,179
KIE.busko,1589.2,223
KIE.czestochowa,1854.3,189
KIE.ilza,1811.7,191
KIE.jedrzejow,1280.0,193
KIE.kielce,1908.3,195
KIE.konskie,1858.7,199
KIE.kozienice,1856.4,201
KIE.miechow,1360.6,203
KIE.olkusz,1364.6,205
KIE.opatow,1619.7,207
KIE.opoczno,1776.3,211
KIE.pinczow,1149.3,213
KIE.radom,1980.4,217
KIE.sandomierz,1176.4,219
KIE.wloszczowa,1430.2,225
KIE.zawiercie,930.6,227
KRA.biala+KRA.oswiecim,613.7,607
KRA.bochnia,876.0,611
KRA.brzesko,848.7,613
KRA.chrzanow,721.7,615
KRA.dabrowatarnows,650.3,617
KRA.debica,1140.6,653
KRA.gorlice,1079.5,619
KRA.jaslo,1055.4,621
KRA.krakow,648.2,639
KRA.limanowa,944.3,641
KRA.mielec,901.6,643
KRA.myslenice,987.8,645
KRA.nowysacz,1555.5,647
KRA.nowytarg,1892.8,651
KRA.tarnow,863.0,655
KRA.wadowice,1108.4,659
KRA.zywiec,1152.7,661
LOD.brzeziny,1084.5,102
LOD.kalisz,1473.8,106
LOD.kolo,1220.5,110
LOD.konin+LOD.slupca,2368.2,112
LOD.lask,1382.6,114
LOD.leczyca,1316.8,118
LOD.lodz,871.2,152
LOD.piotrkow,2036.7,156
LOD.radomsko,2113.8,160
LOD.sieradz,1611.4,164
LOD.turek,1248.2,170
LOD.wielun,2107.2,172
LUB.bialapodlaska,2124.3,235
LUB.bilgoraj,1719.9,237
LUB.chelm,1951.5,239
LUB.garwolin,1973.9,243
LUB.hrubieszow,1575.0,247
LUB.janowlubelski,1960.0,249
LUB.krasnystaw,1521.2,251
LUB.lubartow,1388.4,253
LUB.lublin,1888.4,257
LUB.lukow,1762.7,259
LUB.pulawy,1688.6,261
LUB.radzynpodlaski,1622.0,263
LUB.siedlce,1977.4,265
LUB.sokolowpodlask,1275.7,269
LUB.tomaszowlubels,1396.7,271
LUB.wegrow,1301.8,273
LUB.wlodawa,2325.9,275
LUB.zamosc,1638.2,277
LWO.bobrka,980.0,residual
LWO.brzozow,683.7,667
LWO.dobromil,994.5,669
LWO.drohobycz,1399.0,671
LWO.grodekjagiello,888.8,677
LWO.jaroslaw,1310.5,679
LWO.jaworow,976.9,683
LWO.kolbuszowa,873.1,685
LWO.krosno,934.5,687
LWO.lancut,889.0,711
LWO.lesko,1831.9,689
LWO.lubaczow,1146.5,691
LWO.lwow,1276.0,709
LWO.mosciska,754.7,713
LWO.nisko,973.2,715
LWO.przemysl,985.2,717
LWO.przeworsk,414.6,721
LWO.rawaruska,1400.3,723
LWO.rudki,669.8,725
LWO.rzeszow,1262.6,727
LWO.sambor,1101.0,731
LWO.sanok,1282.1,735
LWO.sokal,1324.2,737
LWO.tarnobrzeg,955.9,739
LWO.turka,1826.4,741
LWO.zolkiew,1110.8,743
NOW.baranowicze,3271.3,364
NOW.lida,4257.3,368
NOW.nieswiez,1968.9,370
NOW.nowogrodek,2931.2,372
NOW.slonim,3068.4,374
NOW.stolpce,2371.8,376
NOW.szczuczyn,2272.3,378
NOW.wolozyn,2798.1,380
POL.brzesc,4603.2,387
POL.drohiczyn,2350.1,391
POL.kamienkoszyrsk,3242.8,393
POL.kobryn,3545.2,395
POL.kosowpoleski,3561.4,397
POL.luniniec,5678.0,399
POL.pinsk,5616.6,401
POL.pruzana,2643.9,405
POL.stolin,5385.1,407
POM.brodnica,912.1,529
POM.chelmno,738.0,531
POM.chojnice,1854.2,533
POM.dzialdowo,842.2,535
POM.grudziadz,757.8,541
POM.kartuzy,1302.2,543
POM.koscierzyna,1162.2,545
POM.lubawa,832.3,547
POM.sepolnokrajens,619.3,551
POM.starogard,1127.2,553
POM.swiecie,1533.3,555
POM.tczew,691.9,557
POM.torun,887.2,563
POM.tuchola,1039.2,565
POM.wabrzezno,672.3,567
POM.wejherowo,1316.0,549
POZ.bydgoszcz,1333.5,450
POZ.chodziez,893.5,452
POZ.czarnkow,918.9,454
POZ.gniezno,1126.0,458
POZ.gostyn,701.1,460
POZ.inowroclaw,993.7,464
POZ.jarocin+POZ.pleszew,1124.0,466
POZ.kepno+POZ.ostrzeszow,1179.3,468
POZ.koscian,1058.6,470
POZ.krotoszyn,914.9,472
POZ.leszno,825.9,474
POZ.miedzychod,754.6,476
POZ.mogilno,1331.9,478
POZ.nowytomysl+POZ.grodziskwielko,1275.7,480
POZ.oborniki,966.1,482
POZ.ostrowwielkopo+POZ.odolanow,1164.6,484
POZ.poznan,1220.8,502
POZ.rawicz,522.0,504
POZ.srem,927.5,510
POZ.srodawielkopol,800.2,512
POZ.szamotuly,1076.2,506
POZ.szubin,917.4,508
POZ.wagrowiec,1037.3,514
POZ.wolsztyn,754.6,516
POZ.wrzesnia,608.0,518
POZ.wyrzysk,1163.4,520
POZ.znin,739.0,522
SLA.bielsko,343.9,576
SLA.cieszyn,661.9,580
SLA.katowice,129.9,584
SLA.lubliniec,714.8,590
SLA.pszczyna,1069.2,592
SLA.rybnik,853.3,594
SLA.swietochlowice,80.3,598
SLA.tarnowskiegory,232.7,600
STA.dolina,2396.8,750
STA.horodenka,849.0,752
STA.kalusz,1137.5,754
STA.kolomyja,1297.8,756
STA.kosow,1838.7,760
STA.nadworna,2472.6,762
STA.rohatyn,1147.2,764
STA.sniatyn,566.6,774
STA.stanislawow,1234.8,766
STA.stryj,2045.8,770
STA.tlumacz,933.5,776
STA.zydaczow,883.0,778
TAR.borszczow,1068.4,784
TAR.brody,1125.1,786
TAR.brzezany,1134.7,788
TAR.buczacz,1208.5,790
TAR.czortkow,734.3,792
TAR.kamionkastrumi,999.2,794
TAR.kopyczynce,846.3,796
TAR.podhajce,1017.9,798
TAR.przemyslany,927.1,800
TAR.radziechow,1022.3,802
TAR.skalat,875.6,804
TAR.tarnopol,1171.2,806
TAR.trembowla,788.8,810
TAR.zaleszczyki,684.0,812
TAR.zbaraz,739.6,814
TAR.zborow,940.7,816
TAR.zloczow,1194.8,818
WAR.ciechanow,1203.5,44
WAR.gostynin,1146.8,46
WAR.grodziskmazowi,1019.0,40
WAR.grojec,1697.2,48
WAR.kutno,908.0,50
WAR.lipno,1534.7,54
WAR.lowicz,1258.3,56
WAR.makowmazowieck,1136.3,58
WAR.minskmazowieck,1227.8,60
WAR.mlawa,1486.1,62
WAR.nieszawa,1278.4,64
WAR.plock,1459.6,66
WAR.plonsk,1288.0,68
WAR.przasnysz,1410.3,70
WAR.pultusk,1534.3,72
WAR.radzymin,1069.4,74
WAR.rawamazowiecka,1327.2,76
WAR.rypin,1213.9,78
WAR.sierpc,1177.5,80
WAR.skierniewice,809.4,82
WAR.sochaczew,1052.1,86
WAR.warszawa,1769.8,88
WAR.wloclawek,1282.8,92
WIL.braslaw,4217.1,328
WIL.glebokie,3968.0,330
WIL.molodeczno,1898.0,332
WIL.oszmiana,2362.4,334
WIL.postawy,3048.2,336
WIL.swieciany,4017.2,338
WIL.wilejka,3429.2,340
WIL.wilno,5969.4,358
WOL.dubno,3275.6,413
WOL.horochow,1757.0,415
WOL.kostopol,3494.2,417
WOL.kowel,5639.1,419
WOL.krzemieniec,2790.4,423
WOL.luboml,2054.4,425
WOL.luck,4749.7,427
WOL.rowne,2894.9,431
WOL.sarny,5477.8,435
WOL.wlodzimierz,2181.9,437
WOL.zdolbunow,1344.8,441
