sigma_vern,sigma_nat,sigma_nat_distinct,a,m_mono,h0,completeness_share,sigma_diaspora,acq_adult,acq_school,exogamy,exogamy_homophily
0.16109,0.40926,0.054262,1.2945,0.13948,0.0045012,0.12153,0.43199,0.027101,0.30603,0.17916,29.015
0.59952,0.49788,0.026989,1.4046,0.39527,0.0016031,0.23226,0.34792,0.017043,0.36679,0.38682,57.946
0.17663,0.20245,0.02648,1.1538,0.39507,0.0055249,0.24114,0.70835,0.02577,0.34591,0.30469,28.925
0.41823,0.24081,0.05835,1.4999,0.36006,0.0024417,0.17753,0.76876,0.021426,0.39922,0.10364,31.802
0.58839,0.41884,0.033959,1.5369,0.11729,0.0014117,0.13748,0.73698,0.0099322,0.3574,0.19001,59.727
0.29412,0.32635,0.033047,1.3331,0.22736,0.0025507,0.38806,0.66647,0.016991,0.38272,0.31125,37.116
0.45249,0.46034,0.07087,1.0006,0.099413,0.0023482,0.31953,0.4495,0.023866,0.28962,0.15303,47.029
0.47372,0.25996,0.020371,1.483,0.374,0.0025138,0.12862,0.68445,0.017745,0.39013,0.38474,29.728
0.44885,0.49749,0.0012467,1.4185,0.067856,0.0037647,0.15801,0.65738,0.02698,0.26819,0.0845,30.688
0.1623,0.47484,0.011735,1.1472,0.19581,0.0039476,0.13546,0.79403,0.016346,0.38135,0.37014,47.403
0.74931,0.48748,0.097847,1.1755,0.21869,0.00080033,0.43145,0.75852,0.012168,0.33182,0.080212,18.992
0.23574,0.33984,0.016074,1.1776,0.39422,0.0096319,0.1099,0.61608,0.029778,0.35407,0.049794,53.559
0.17625,0.22061,0.04426,1.0542,0.24512,0.011695,0.36938,0.20824,0.016504,0.39937,0.06754,23.45
0.21849,0.30228,0.073459,1.2038,0.22932,0.0033251,0.30253,0.5302,0.0097681,0.35922,0.082127,40.733
0.36996,0.46835,0.015404,1.4705,0.21281,0.00074621,0.42096,0.22976,0.026563,0.31151,0.1901,47.503
0.26982,0.46229,0.04621,1.4941,0.26748,0.0066757,0.43905,0.31429,0.025933,0.29077,0.13046,34.777
0.61389,0.38918,0.027292,1.2571,0.30828,0.00082181,0.2172,0.57425,0.018006,0.38591,0.17165,16.501
0.37328,0.30452,0.020767,1.1453,0.37925,0.0069782,0.44392,0.42242,0.02161,0.39389,0.26676,20.18
0.3634,0.30136,0.069599,1.1459,0.24063,0.0021464,0.41596,0.64263,0.02764,0.30433,0.090571,38.08
0.313,0.47481,0.093226,1.4424,0.10928,0.0023399,0.43776,0.23028,0.0292,0.27234,0.19054,53.743
0.55194,0.23284,0.021019,1.1966,0.32499,0.00033376,0.15794,0.7558,0.016704,0.38569,0.20371,18.754
0.37802,0.41436,0.039235,1.5211,0.18155,0.00477,0.18364,0.66227,0.024972,0.30265,0.15682,34.719
0.697,0.25831,0.033164,1.1436,0.26795,0.0012504,0.12585,0.3812,0.0256,0.35204,0.20092,51.237
0.24995,0.43063,0.04908,1.3048,0.10269,0.0019128,0.13289,0.79436,0.016203,0.35035,0.23125,17
0.54694,0.42244,0.029505,1.0747,0.13202,0.0012743,0.21493,0.57582,0.026764,0.35029,0.050555,18.706
0.19274,0.26884,0.028288,1.0563,0.12304,0.0067281,0.41033,0.57185,0.029991,0.39876,0.35202,36.895
0.36446,0.4244,0.036413,1.2481,0.23254,0.0014646,0.33253,0.34379,0.010998,0.34999,0.29177,59.601
0.34324,0.36951,0.045756,1.4341,0.34052,0.00088805,0.18954,0.17059,0.016335,0.29794,0.31488,38.35
0.30563,0.22876,0.009705,1.5121,0.2125,0.0049045,0.39696,0.30838,0.015983,0.36768,0.1389,22.602
0.27312,0.27865,0.038139,1.2126,0.10556,0.0056545,0.29898,0.41815,0.017771,0.39075,0.24177,34.452
0.56481,0.18148,0.0014799,1.1513,0.31806,0.0028407,0.33162,0.35615,0.016055,0.36499,0.18974,42.356
0.25307,0.26955,0.02365,1.0366,0.16182,0.0013524,0.17453,0.26979,0.022739,0.35997,0.25358,16.135
0.23416,0.28858,0.052294,1.4573,0.10069,0.0068556,0.23526,0.27249,0.023231,0.37763,0.22796,39.921
0.38705,0.46306,0.072357,1.1503,0.34957,0.002811,0.38462,0.37438,0.024162,0.3213,0.17383,43.005
0.26545,0.48444,0.056282,1.3692,0.16796,0.0032733,0.19407,0.66277,0.018069,0.31989,0.075504,45.683
0.32618,0.33476,0.0099861,1.4455,0.2387,0.00046529,0.32502,0.4743,0.020917,0.37054,0.13664,21.49
0.28096,0.43211,0.024809,1.0931,0.23657,0.0038732,0.15534,0.20986,0.026404,0.35148,0.21278,17.093
0.50075,0.47785,0.00093643,1.0336,0.25105,0.00023434,0.17823,0.38642,0.020511,0.34458,0.30735,45.894
0.59384,0.49333,0.015479,1.0988,0.29409,0.00060626,0.41822,0.70264,0.026293,0.39421,0.079825,34.848
0.24684,0.45997,0.018591,1.2212,0.25688,0.00096947,0.22102,0.48766,0.018397,0.26685,0.29681,47.037
0.42545,0.43314,0.058258,1.168,0.39204,0.0017748,0.3966,0.35343,0.015037,0.37005,0.22002,32.452
0.25606,0.4971,0.020007,1.2503,0.36564,0.00044376,0.14378,0.44499,0.015885,0.34277,0.22151,39.978
0.28866,0.4468,0.039821,1.4316,0.086962,0.0056281,0.44692,0.3545,0.028361,0.32557,0.29528,29.209
0.549,0.22742,0.052542,1.4755,0.23802,0.0034662,0.14072,0.56648,0.018033,0.36239,0.055652,41.116
0.63372,0.39941,0.0072797,1.0557,0.22847,0.0024652,0.36926,0.24561,0.02987,0.34287,0.36801,55.302
0.59031,0.46761,0.016178,1.097,0.25002,0.0028653,0.25664,0.67083,0.013517,0.36549,0.07632,25.07
0.41502,0.3061,0.10051,1.2022,0.071566,0.00054016,0.18615,0.57013,0.021089,0.36652,0.06653,16.381
0.2293,0.3801,0.070056,1.0609,0.35429,0.00028041,0.3908,0.71879,0.022287,0.35652,0.28835,29.017
0.24038,0.36834,0.015104,1.186,0.054061,0.0079168,0.27618,0.72969,0.028831,0.38736,0.14648,52.703
0.26714,0.37403,0.014871,1.0302,0.22644,0.0020021,0.39574,0.3615,0.01727,0.33078,0.19844,41.43
0.42338,0.45941,0.080738,1.254,0.27975,0.00079899,0.27641,0.46096,0.012917,0.37978,0.37305,56.537
0.6106,0.26292,0.055677,1.2302,0.3399,0.00082721,0.27283,0.55732,0.024755,0.36404,0.38945,51.419
0.4872,0.41675,0.053796,1.0741,0.17487,0.003932,0.1608,0.47495,0.024344,0.36859,0.24781,35.267
0.49164,0.47453,0.044242,1.0357,0.1129,0.0014439,0.34425,0.5881,0.011498,0.31468,0.20802,33.692
0.32168,0.42361,0.041581,1.2321,0.30356,0.0047856,0.29636,0.31034,0.020748,0.32543,0.35025,34.95
0.73492,0.21994,0.048037,1.2426,0.064469,0.00074126,0.23212,0.7257,0.021598,0.35495,0.31567,39.184
0.2256,0.3938,0.046149,1.5163,0.054447,0.0041517,0.17905,0.67957,0.017973,0.32132,0.37069,32.358
0.29941,0.2658,0.025197,1.11,0.32346,0.0031067,0.14898,0.59101,0.026865,0.3069,0.37914,57.925
0.28925,0.2238,0.063429,1.5532,0.28086,0.0043667,0.24735,0.40521,0.014956,0.39021,0.23732,49.037
0.39216,0.44628,0.035413,1.3722,0.34357,0.0012964,0.44043,0.6942,0.0097145,0.3777,0.24004,17.813
0.40978,0.37422,0.035036,1.1663,0.069297,0.0035499,0.17863,0.72732,0.011665,0.34727,0.27079,28.548
0.43834,0.38954,0.019483,1.3866,0.31036,0.00094986,0.25299,0.27852,0.022034,0.27865,0.29422,20.304
0.39075,0.1809,0.031243,1.4308,0.36993,0.0075311,0.39957,0.54201,0.024557,0.34598,0.26616,57.666
0.54393,0.248,0.033621,1.2289,0.085067,0.0040665,0.1288,0.76308,0.01697,0.3971,0.26874,51.3
0.6895,0.35869,0.023715,1.4674,0.39722,0.00099031,0.30154,0.36458,0.022995,0.37254,0.14567,22.964
0.52489,0.39615,0.047479,1.2747,0.37659,0.00043961,0.32227,0.27572,0.019033,0.38926,0.27536,29.407
0.32422,0.34201,0.012524,1.2508,0.1591,0.0031819,0.42269,0.61468,0.029172,0.35045,0.22175,50.892
0.50282,0.26314,0.067887,1.5495,0.14387,0.0024501,0.19188,0.69538,0.016021,0.36105,0.070442,16.366
0.40131,0.39437,0.034232,1.5653,0.22748,0.0012533,0.24842,0.20533,0.023598,0.39562,0.29616,42.249
0.40561,0.41102,0.046357,1.2919,0.32899,0.0039161,0.43854,0.7319,0.023201,0.37701,0.1382,34.541
0.22509,0.18462,0.03822,1.2305,0.30628,0.0060624,0.33464,0.596,0.025091,0.39077,0.086008,28.165
0.28356,0.29715,0.066592,1.3102,0.07592,0.0079876,0.35955,0.61439,0.027896,0.31979,0.064176,56.432
0.54858,0.48931,0.044382,1.5073,0.23541,0.0027368,0.27854,0.5939,0.019775,0.3537,0.20168,57.749
0.59201,0.44444,0.056696,1.1908,0.30236,0.00076254,0.26201,0.76665,0.026666,0.39293,0.16309,37.063
0.7346,0.46889,0.029568,1.5124,0.092114,0.00084813,0.41201,0.35294,0.012605,0.33012,0.28417,36.722
0.50652,0.29158,0.067215,1.1826,0.13885,0.0016736,0.36772,0.61659,0.022732,0.38107,0.14674,46.857
0.58437,0.31844,0.0050604,1.194,0.30647,0.00072798,0.28823,0.75389,0.012273,0.35887,0.32858,29.36
0.6523,0.44899,0.027639,1.5126,0.31106,0.00033951,0.3999,0.44094,0.016155,0.38535,0.084957,17.781
0.35662,0.37692,0.013006,1.111,0.23693,0.0036101,0.42367,0.4314,0.02494,0.32819,0.36413,41.03
0.60002,0.27022,0.03436,1.2139,0.10895,0.0023708,0.36161,0.42005,0.025256,0.3403,0.10025,40.584
0.44717,0.24848,0.015305,1.098,0.054284,0.005501,0.1943,0.46461,0.02183,0.38909,0.24524,24.863
0.46476,0.23406,0.022276,1.335,0.24095,0.0026641,0.38678,0.70575,0.029396,0.31873,0.12538,45.132
0.25786,0.29203,0.00050411,1.1852,0.11929,0.006624,0.26014,0.54387,0.026822,0.37164,0.18323,45.924
0.54214,0.49662,0.03475,1.2379,0.14898,0.0026682,0.11627,0.77629,0.028052,0.27875,0.1451,27.481
0.60749,0.21961,0.020262,1.0308,0.35019,0.00057649,0.20295,0.56937,0.016883,0.36471,0.16726,44.12
0.54717,0.33885,0.096738,1.345,0.30754,0.0013726,0.41538,0.32016,0.019131,0.35681,0.12914,53.655
0.45028,0.37988,0.029341,1.202,0.38872,0.0010214,0.17333,0.77464,0.029285,0.25507,0.26497,28.194
0.53628,0.39743,0.057776,1.5592,0.29896,0.0023082,0.16714,0.36603,0.02517,0.31356,0.38571,53.139
0.612,0.4771,0.037997,1.3013,0.25841,0.0015807,0.17149,0.2735,0.021108,0.35364,0.27048,44.962
0.4358,0.46255,0.0066105,1.3392,0.24786,0.0072673,0.44229,0.26009,0.028743,0.35588,0.1238,49.104
0.40909,0.45142,0.041853,1.1742,0.20637,0.0068029,0.30092,0.54085,0.016976,0.35409,0.30204,44.132
0.59878,0.47161,0.020188,1.3898,0.38967,0.00021672,0.32204,0.70711,0.029046,0.34295,0.30324,28.953
0.32004,0.24506,0.013115,1.2546,0.29894,0.0022229,0.4369,0.58301,0.013425,0.36893,0.31207,56.006
0.16286,0.26222,0.0076961,1.0831,0.37177,0.0053946,0.3765,0.56716,0.023283,0.39259,0.26589,29.914
0.3841,0.2201,0.012335,1.4737,0.34566,0.0049515,0.42768,0.66429,0.029544,0.36832,0.21839,39.406
0.28225,0.44235,0.0081721,1.2053,0.28531,0.0016395,0.17535,0.68329,0.024277,0.29537,0.27577,46.512
0.43655,0.43096,0.039635,1.0229,0.11909,0.003124,0.36623,0.23429,0.016069,0.32116,0.09366,16.236
0.27689,0.2893,0.045909,1.3885,0.23862,0.00063634,0.29436,0.59627,0.02963,0.29442,0.10092,55.035
0.32474,0.20126,0.031401,1.2027,0.33052,0.0048899,0.25531,0.66542,0.023158,0.35261,0.25164,53.704
0.2543,0.37774,0.00063047,1.5632,0.23457,0.0046027,0.1537,0.46361,0.027722,0.29679,0.23926,34.049
0.51054,0.49353,0.057464,1.3804,0.14327,0.0053513,0.41593,0.49387,0.02815,0.34773,0.049239,26.218
0.60135,0.2864,0.045874,1.3212,0.12233,0.0026937,0.15345,0.41523,0.018338,0.35023,0.14002,28.967
0.19966,0.28496,0.026948,1.1012,0.22164,0.0030281,0.37077,0.39864,0.015969,0.3682,0.18047,25.169
0.36064,0.19475,0.0086806,1.3453,0.092285,0.0066293,0.38641,0.24065,0.025076,0.39893,0.26301,32.707
0.39745,0.35648,0.013441,1.3582,0.11097,0.0062075,0.32608,0.50557,0.026471,0.32675,0.19814,37.421
0.26327,0.40985,0.05352,1.2693,0.15843,0.0061216,0.32188,0.78028,0.011539,0.38411,0.18483,44.103
0.21957,0.33722,0.014248,1.5097,0.36155,0.0027928,0.35634,0.48299,0.029095,0.28876,0.044572,31.673
0.63311,0.49156,0.026592,1.4282,0.13078,0.0016895,0.38332,0.56194,0.02119,0.28847,0.25203,35.438
0.29506,0.41829,0.060331,1.0031,0.38386,0.0056204,0.25473,0.53391,0.018122,0.33388,0.1428,27.64
0.4748,0.19459,0.024587,1.5551,0.20697,0.0024728,0.31732,0.73353,0.023562,0.34881,0.18553,57.631
0.3574,0.22549,0.02678,1.1207,0.24539,0.0053226,0.19697,0.69164,0.024778,0.3862,0.27231,43.985
0.66946,0.37522,0.049181,1.2005,0.13244,0.0019641,0.22296,0.52163,0.020692,0.35506,0.3432,42.695
0.16174,0.49957,0.013173,1.5331,0.076639,0.0055171,0.22586,0.50681,0.029338,0.26842,0.2683,30.219
0.28546,0.46734,0.062788,1.3177,0.20617,0.0066401,0.42347,0.39926,0.014454,0.38352,0.12172,58.065
0.14775,0.38653,0.0031708,1.4616,0.084056,0.0023322,0.18134,0.74111,0.02944,0.38178,0.24197,18.515
0.34282,0.44566,0.095519,1.4188,0.099594,0.0010015,0.40006,0.64958,0.026306,0.29767,0.036268,30.274
0.54782,0.36462,0.065964,1.5569,0.39686,0.0036141,0.35574,0.52326,0.023028,0.35071,0.12324,57.193
0.22828,0.37068,0.066736,1.26,0.38213,0.0032306,0.19851,0.33983,0.024596,0.32362,0.25005,45.47
0.51828,0.39572,0.043171,1.4524,0.31757,0.004728,0.32538,0.42989,0.014735,0.39559,0.11784,38.263
0.54602,0.38234,0.050306,1.4159,0.19273,0.00041245,0.38003,0.32538,0.026357,0.39116,0.14728,18.562
0.42258,0.3161,0.023377,1.3447,0.39289,0.0058666,0.39195,0.68679,0.02974,0.34378,0.10442,58.172
0.62264,0.21944,0.069385,1.3523,0.18211,0.0015484,0.18476,0.59255,0.027187,0.36956,0.20197,32.161
0.38776,0.26926,0.0084676,1.2855,0.34155,0.0012305,0.22079,0.59024,0.012678,0.35562,0.18711,47.432
0.33868,0.37943,0.011256,1.4338,0.25585,0.0020348,0.29297,0.53135,0.018262,0.37995,0.3953,35.301
0.70707,0.25276,0.088612,1.0443,0.28117,0.0009135,0.40429,0.74788,0.021857,0.37208,0.23168,47.951
0.44009,0.38367,0.057561,1.0934,0.19643,0.0032207,0.21863,0.48957,0.019944,0.31197,0.26897,35.055
0.24307,0.28207,0.067308,1.0867,0.34248,0.0019303,0.22894,0.68259,0.014355,0.353,0.075287,47.264
0.44345,0.45266,0.048202,1.0003,0.22454,0.0074123,0.27473,0.77121,0.029297,0.29988,0.19157,57.142
0.58946,0.35035,0.039461,1.1895,0.24576,0.0013266,0.16139,0.58784,0.019469,0.32553,0.21946,33.797
0.4578,0.35577,0.013204,1.0793,0.16753,0.00066428,0.20525,0.57101,0.015976,0.34265,0.26266,20.825
0.52581,0.41549,0.040882,1.4394,0.25819,0.0026163,0.23247,0.64712,0.010611,0.36752,0.33181,33.492
0.2772,0.33019,0.0060305,1.4305,0.089737,0.010653,0.32487,0.35825,0.025688,0.38985,0.24256,55
0.41566,0.48055,0.062724,1.5612,0.11112,0.0065751,0.15677,0.74519,0.024913,0.33004,0.081311,52.947
0.4356,0.4638,0.039104,1.1346,0.12978,0.0046077,0.1317,0.73662,0.02819,0.38605,0.080606,30.2
0.43173,0.44592,0.019642,1.2657,0.28432,0.0035747,0.32924,0.35755,0.023375,0.38086,0.31978,47.751
0.48122,0.39453,0.086714,1.3245,0.34227,0.0010743,0.31817,0.49942,0.020732,0.30117,0.27967,48.804
0.22539,0.44291,0.038932,1.1097,0.37111,0.0054598,0.31982,0.61222,0.026945,0.38151,0.08362,21.394
0.34802,0.48288,0.046288,1.1179,0.31275,0.002797,0.33829,0.58366,0.015839,0.35775,0.089277,55.585
0.19486,0.27191,0.058782,1.0495,0.12421,0.0037314,0.13971,0.78917,0.024055,0.39864,0.37272,47.135
0.29793,0.37306,0.052144,1.4006,0.054784,0.0032642,0.37289,0.74903,0.024762,0.35937,0.21234,54.209
0.71014,0.39128,0.029444,1.2271,0.14656,0.00076741,0.17756,0.6521,0.024005,0.37297,0.079706,45.293
0.28188,0.26471,0.096606,1.1285,0.08312,0.0016004,0.27319,0.58106,0.016235,0.38391,0.12255,47.613
0.21237,0.34434,0.052863,1.3917,0.12966,0.0024245,0.35697,0.46357,0.02364,0.34159,0.11039,28.213
0.23344,0.28954,0.015239,1.5513,0.093702,0.0026375,0.16995,0.28302,0.027039,0.30097,0.20418,45.857
0.63985,0.48855,0.062136,1.1772,0.14778,0.00096101,0.37413,0.78773,0.022508,0.30132,0.21911,20.364
0.69281,0.35216,0.019109,1.2062,0.05355,0.00071619,0.32811,0.51618,0.027703,0.37477,0.25363,16.776
0.4326,0.24326,0.016104,1.2102,0.086493,0.0035923,0.12683,0.24233,0.025214,0.3331,0.32081,25.012
0.3317,0.47321,0.094857,1.3645,0.11494,0.0010602,0.21939,0.33289,0.027743,0.38205,0.25832,52.464
0.65426,0.21457,0.017239,1.5099,0.071181,0.0004294,0.32445,0.72202,0.023618,0.32893,0.15102,49.686
0.55623,0.23808,0.043486,1.0803,0.12283,0.0022551,0.39211,0.45667,0.016849,0.39327,0.28262,51.145
0.41879,0.38838,0.032369,1.1836,0.22274,0.00055775,0.35666,0.66128,0.021814,0.2726,0.2269,30.977
0.29548,0.40659,0.023956,1.2357,0.25711,0.003451,0.21359,0.73283,0.022878,0.38114,0.2604,55.843
0.53024,0.24648,0.068842,1.3052,0.24214,0.0002013,0.36682,0.50858,0.011443,0.38427,0.10323,41.142
0.54363,0.38681,0.049745,1.021,0.35734,0.0029454,0.35709,0.48721,0.029026,0.34548,0.35384,54.462
0.71875,0.33864,0.014164,1.3673,0.14412,0.00088158,0.4213,0.61338,0.0099552,0.36983,0.089536,47.911
0.38327,0.33976,0.071413,1.1541,0.32201,0.001707,0.35997,0.45287,0.020223,0.32914,0.05383,29.664
0.37485,0.27697,0.022599,1.1577,0.27382,0.0041682,0.40798,0.48405,0.027339,0.34776,0.24718,19.318
0.34238,0.4692,0.060768,1.3818,0.34116,0.0054512,0.36481,0.72954,0.01729,0.31799,0.099676,22.152
0.3233,0.42639,0.054929,1.4496,0.24161,0.0035938,0.41639,0.70638,0.014072,0.3858,0.23621,40.229
0.22433,0.26418,0.0038225,1.5303,0.081949,0.00508,0.37396,0.48683,0.014726,0.37534,0.055092,25.768
0.58549,0.44833,0.021886,1.2615,0.19595,0.0033176,0.3988,0.56604,0.028843,0.27377,0.095959,16.82
0.74136,0.21283,0.066079,1.0016,0.29914,0.00083625,0.33855,0.71729,0.020373,0.38672,0.095297,36.055
0.55732,0.34335,0.034586,1.3902,0.33968,0.001943,0.17967,0.38842,0.026869,0.2832,0.24567,16.325
0.75082,0.31359,0.085253,1.2132,0.16663,0.00089382,0.42585,0.25564,0.019359,0.29628,0.18043,58.224
0.43974,0.4222,0.047814,1.3824,0.12439,0.0011957,0.34884,0.77503,0.015741,0.30623,0.16815,22.926
0.35496,0.46548,0.030727,1.0646,0.34313,0.00049769,0.22262,0.55066,0.01147,0.33372,0.26954,16.991
0.22866,0.18125,0.025871,1.3559,0.29403,0.00048387,0.38078,0.47674,0.025056,0.36081,0.35142,19.62
0.3951,0.46949,0.054577,1.2647,0.37163,0.004598,0.14959,0.46541,0.021624,0.3206,0.070664,58.141
0.61603,0.31638,0.081239,1.5413,0.13608,0.00078762,0.10745,0.79777,0.0091878,0.34397,0.13806,28.467
0.29868,0.40375,0.035091,1.018,0.17861,0.006885,0.44379,0.26932,0.019867,0.34524,0.087372,33.539
0.47991,0.28404,0.0023225,1.5096,0.25754,0.0019701,0.29224,0.78257,0.016126,0.34199,0.19426,40.167
0.33117,0.22096,0.0091648,1.1129,0.13589,0.0064739,0.28638,0.40631,0.028962,0.35597,0.17921,30.697
0.20075,0.44993,0.03528,1.2672,0.27369,0.0016471,0.2997,0.50364,0.025677,0.30952,0.18534,25.296
0.19013,0.33502,0.030746,1.5345,0.10365,0.0083836,0.19136,0.46622,0.017105,0.38947,0.1245,59.92
0.28824,0.36675,0.03274,1.5152,0.19308,0.0022783,0.2152,0.76955,0.019263,0.33292,0.35126,30.418
0.40025,0.30651,0.02061,1.3468,0.28201,0.00065921,0.3189,0.74808,0.026313,0.34055,0.11507,54.434
0.13739,0.3614,0.044796,1.3173,0.26577,0.0082745,0.28333,0.25043,0.014107,0.3953,0.28624,54.513
0.16902,0.32807,0.01644,1.2257,0.16822,0.0065487,0.33685,0.64424,0.018881,0.37304,0.21683,41.401
0.17419,0.30195,0.0062186,1.0744,0.26558,0.0064807,0.21031,0.23486,0.026058,0.36948,0.15971,28.745
0.44736,0.27001,0.050971,1.4421,0.20343,0.0025584,0.40872,0.27643,0.015858,0.38181,0.28028,36.272
0.35362,0.48623,0.077232,1.4753,0.18244,0.0048202,0.42731,0.65377,0.029971,0.33608,0.048636,38.57
0.51374,0.46799,0.085763,1.0376,0.052666,0.0017174,0.23164,0.29122,0.01475,0.30297,0.23251,41.596
0.2496,0.45127,0.005632,1.1879,0.3358,0.0068927,0.29776,0.71716,0.015253,0.36127,0.25482,44.863
0.46007,0.30154,0.061019,1.0476,0.2467,0.0044411,0.34305,0.70763,0.027387,0.32205,0.033546,32.044
0.45744,0.21317,0.036455,1.5665,0.39278,0.0046832,0.21458,0.64337,0.018963,0.3987,0.21495,43.298
0.28342,0.39926,0.031158,1.2343,0.14557,0.0071399,0.20465,0.72472,0.027654,0.34417,0.15497,32.372
0.36208,0.46667,0.068381,1.3191,0.36937,0.0017975,0.1954,0.7109,0.013244,0.36849,0.085546,40.557
0.38569,0.29302,0.025262,1.1382,0.38473,0.0025277,0.1723,0.20059,0.023895,0.33237,0.32207,27.083
0.22119,0.22161,0.056407,1.2039,0.17934,0.0024006,0.40292,0.78745,0.026739,0.39803,0.16349,19.166
0.50747,0.44565,0.038048,1.0449,0.39558,0.0025707,0.41468,0.65791,0.014702,0.37951,0.11921,54.739
0.28941,0.34641,0.057147,1.1137,0.28576,0.0025055,0.13945,0.49039,0.020969,0.31502,0.35762,45.739
0.49706,0.43767,0.052485,1.3634,0.3516,0.0029802,0.12735,0.62346,0.028502,0.38472,0.27122,49.906
0.46028,0.29416,0.033931,1.3161,0.21789,0.0021896,0.31283,0.23579,0.016119,0.36164,0.19003,38.975
0.55646,0.34104,0.067759,1.3257,0.12614,0.0027753,0.30902,0.64168,0.019792,0.37836,0.10222,45.727
0.54547,0.48762,0.0033643,1.107,0.20671,0.0023548,0.10788,0.42923,0.014405,0.29008,0.16059,29.577
0.21649,0.28259,0.036245,1.215,0.16334,0.0043874,0.33768,0.74596,0.022781,0.37181,0.27004,23.953
0.68883,0.41404,0.07559,1.2206,0.2779,0.0013118,0.15635,0.51043,0.025704,0.30443,0.10147,21.775
0.15336,0.28834,0.0087745,1.1751,0.24084,0.0077007,0.11583,0.78666,0.017908,0.37468,0.10399,34.808
0.38341,0.45338,0.073756,1.3947,0.16376,0.0023535,0.35891,0.75695,0.021196,0.37071,0.20008,28.325
0.33335,0.25793,0.035911,1.3465,0.17512,0.00042037,0.20174,0.51123,0.025268,0.36076,0.18472,17.555
0.27921,0.49258,0.071098,1.2233,0.068353,0.0032249,0.36383,0.45127,0.010245,0.38514,0.081523,25.183
0.32047,0.3298,0.018747,1.1992,0.18557,0.0097155,0.16179,0.66313,0.029208,0.35801,0.11166,25.95
0.33576,0.41707,0.035594,1.3045,0.17909,0.00081341,0.2934,0.59583,0.011087,0.31818,0.066747,48.756
0.56012,0.36809,0.050842,1.1208,0.30588,0.0026116,0.15602,0.73136,0.021664,0.39743,0.05397,31.871
0.37921,0.48962,0.057426,1.0484,0.18181,0.0047653,0.28553,0.39173,0.017235,0.36071,0.22208,46.116
0.37499,0.42881,0.025441,1.5563,0.34505,0.0065414,0.3437,0.18256,0.010454,0.39199,0.21395,49.49
0.65357,0.31325,0.064181,1.0382,0.25983,0.00026178,0.12753,0.20373,0.027561,0.29361,0.38233,41.222
0.78935,0.32822,0.0095788,1.3386,0.13279,0.00029682,0.10376,0.56231,0.014615,0.32289,0.28375,33.83
0.22024,0.41132,0.017043,1.0969,0.12883,0.0070201,0.26645,0.32835,0.0092008,0.39775,0.33088,43.721
0.39044,0.43856,0.049306,1.1545,0.25432,0.0044827,0.1718,0.37855,0.022629,0.34444,0.10255,51.128
0.30295,0.34251,0.023839,1.457,0.10752,0.0090658,0.2369,0.71355,0.024546,0.38318,0.17815,17.885
0.13657,0.33599,0.02968,1.1405,0.38641,0.011201,0.38353,0.71113,0.027976,0.39768,0.26843,51.098
0.36301,0.2875,0.041917,1.2966,0.36134,0.0047592,0.24051,0.63451,0.028116,0.33318,0.35483,53.873
0.47099,0.41324,0.031701,1.4653,0.051915,0.0022998,0.28062,0.49317,0.029548,0.35579,0.056875,27.194
0.37175,0.48469,0.012637,1.1371,0.30206,0.00060809,0.33991,0.67324,0.017249,0.30061,0.30127,54.204
0.63515,0.32318,0.017843,1.3287,0.18637,0.0005174,0.40237,0.18113,0.029857,0.38662,0.12828,18.337
0.32563,0.27329,0.040653,1.0235,0.067343,0.0092308,0.29728,0.76283,0.02592,0.37407,0.22325,52.406
0.77523,0.37383,0.054253,1.2417,0.33152,0.00022085,0.2961,0.5107,0.016899,0.32716,0.17639,41.732
0.32522,0.49386,0.046005,1.0104,0.15379,0.001398,0.39668,0.3889,0.027215,0.30185,0.37162,57.08
0.22475,0.48264,0.050814,1.5643,0.22567,0.0047006,0.20761,0.62171,0.022485,0.28559,0.1948,34.023
0.68155,0.37876,0.08349,1.0926,0.11739,0.00040081,0.21007,0.50177,0.028943,0.26334,0.35317,51.748
0.35067,0.46321,0.050152,1.0186,0.24816,0.0039175,0.32899,0.72797,0.011511,0.32903,0.082576,49.983
0.34919,0.19141,0.025087,1.0293,0.09008,0.010633,0.33119,0.72399,0.02355,0.37154,0.12307,34.505
0.77316,0.21883,0.0096401,1.0546,0.075456,0.00037399,0.2482,0.30175,0.017842,0.34022,0.13309,31.605
0.35043,0.2793,0.029871,1.5662,0.11141,0.0021144,0.1378,0.45927,0.018636,0.35833,0.2238,48.919
0.42222,0.30893,0.019921,1.0054,0.083444,0.0050505,0.14852,0.49512,0.025856,0.39705,0.17092,52.739
0.41283,0.31948,0.073938,1.2231,0.13338,0.00047393,0.3658,0.42089,0.020478,0.38092,0.38008,56.696
0.37311,0.47495,0.064028,1.3065,0.21169,0.0036196,0.11278,0.37126,0.020463,0.37118,0.17723,25.493
0.422,0.4555,0.057177,1.2275,0.32309,0.0012003,0.4094,0.36305,0.012808,0.34955,0.13903,24.305
0.20594,0.43783,0.021773,1.169,0.35397,0.002849,0.33519,0.22607,0.015538,0.30863,0.15737,22.06
0.44638,0.49798,0.048597,1.4591,0.39974,0.0040823,0.40142,0.68004,0.028952,0.38711,0.2997,28.704
0.41329,0.49135,0.076935,1.4066,0.21748,0.00072233,0.3952,0.75366,0.024171,0.33439,0.19789,57.952
0.30771,0.47575,0.022645,1.1892,0.079554,0.0037917,0.3465,0.77683,0.026101,0.32377,0.070041,38.452
0.20159,0.22609,0.074981,1.133,0.2717,0.00094681,0.24636,0.43842,0.015576,0.37438,0.34876,37.221
0.43787,0.20053,0.053037,1.5221,0.38487,0.0011841,0.30363,0.53347,0.01521,0.38974,0.29944,40.914
0.30661,0.49986,0.049816,1.4263,0.19497,0.0051273,0.26498,0.66886,0.01049,0.35665,0.32142,50.842
0.29961,0.23211,0.059042,1.1317,0.38898,0.0042029,0.13636,0.26276,0.027785,0.37935,0.2104,31.425
0.5268,0.25926,0.000218,1.2562,0.38343,0.0035766,0.41886,0.56056,0.024494,0.33254,0.17806,54.135
0.3352,0.37256,0.10248,1.4399,0.18677,0.0015582,0.16294,0.59349,0.026798,0.2708,0.066054,50.361
0.73268,0.47029,0.010243,1.1035,0.32648,0.00097368,0.42743,0.6835,0.010404,0.34784,0.35592,45.177
0.56176,0.48891,0.035538,1.3308,0.31883,0.0030574,0.26232,0.69715,0.013197,0.3499,0.21924,45.225
0.18573,0.28902,0.043279,1.3179,0.39068,0.0058734,0.2905,0.27727,0.028896,0.37927,0.073593,23.718
0.31441,0.46159,0.0073085,1.1243,0.34825,0.005373,0.35278,0.43035,0.025826,0.29179,0.27802,48.341
0.73763,0.47819,0.041811,1.5417,0.35602,0.00077306,0.29886,0.5771,0.027651,0.36447,0.19938,24.957
0.27945,0.42769,0.031976,1.1252,0.22876,0.0011873,0.15876,0.49052,0.018497,0.28898,0.3652,33.772
0.20997,0.30232,0.038456,1.3376,0.29367,0.0031753,0.43271,0.37173,0.023064,0.3523,0.067471,25.157
0.54022,0.33003,0.059387,1.029,0.094113,0.0013599,0.14932,0.26953,0.025504,0.34064,0.23008,23.618
0.23459,0.4169,0.074723,1.4871,0.29571,0.0019014,0.13927,0.43752,0.01614,0.38685,0.084093,37.502
0.73703,0.49716,0.033326,1.5228,0.28,0.0010304,0.33816,0.71037,0.014273,0.27777,0.15119,50.29
0.3848,0.48178,0.015363,1.4295,0.056326,0.0019185,0.1699,0.53918,0.023872,0.35639,0.1053,18.457
0.26241,0.24189,0.00212,1.1334,0.096176,0.009608,0.31385,0.35919,0.021955,0.3742,0.30955,22.864
0.56142,0.26819,0.061843,1.3832,0.23484,0.00040473,0.24294,0.75967,0.018171,0.36623,0.14556,39.446
0.21803,0.34758,0.010511,1.258,0.2208,0.002658,0.15446,0.30528,0.011821,0.35292,0.30773,49.775
0.44428,0.2343,0.06049,1.2971,0.092585,0.005385,0.27361,0.46733,0.027327,0.34758,0.054519,48.673
0.59803,0.38055,0.049127,1.1203,0.34269,0.00058156,0.23668,0.20892,0.011458,0.39851,0.29127,25.264
0.71794,0.45836,0.10022,1.4236,0.34928,0.00085933,0.22323,0.40879,0.015238,0.32027,0.13849,38.808
0.30214,0.27998,0.083268,1.2047,0.36239,0.00092897,0.42003,0.25133,0.010023,0.38446,0.12588,19.059
0.30233,0.35059,0.04426,1.5594,0.18714,0.0036723,0.24402,0.53567,0.017759,0.32479,0.18087,24.574
0.45886,0.24279,0.089451,1.4157,0.22469,0.00079147,0.39582,0.65006,0.01785,0.3762,0.06928,34.179
0.38076,0.38788,0.034832,1.531,0.31136,0.0065984,0.11845,0.7403,0.020841,0.35248,0.07166,36.406
0.27664,0.40539,0.062027,1.2284,0.17312,0.0024996,0.23435,0.3372,0.018374,0.29645,0.26232,52.289
0.65522,0.43931,0.081374,1.4203,0.39603,0.00020843,0.33908,0.4108,0.012025,0.36553,0.22942,51.393
0.28169,0.49578,0.068624,1.0513,0.20906,0.0048127,0.34255,0.32578,0.027739,0.31976,0.21655,53.362
0.3073,0.45578,0.020076,1.4069,0.18313,0.002209,0.31095,0.3649,0.029407,0.39033,0.27281,35.998
0.35982,0.39132,0.022387,1.1532,0.39944,0.0079686,0.27402,0.74254,0.027624,0.35432,0.041032,50.539
0.72775,0.26154,0.083187,1.165,0.18047,0.00054328,0.17649,0.34562,0.023313,0.38215,0.15882,52.134
0.34671,0.39507,0.054954,1.5176,0.053145,0.00058927,0.28133,0.59528,0.018007,0.35567,0.14885,57.52
0.27609,0.3617,0.02194,1.524,0.37295,0.0076495,0.26673,0.2569,0.027806,0.36289,0.073426,34.836
0.20285,0.40408,0.011408,1.1465,0.11524,0.001861,0.17375,0.67477,0.014135,0.38901,0.39608,18.982
0.41627,0.33534,0.060871,1.349,0.30681,0.0056034,0.25636,0.36676,0.022792,0.36099,0.22508,47.311
0.2681,0.35598,0.0043712,1.2377,0.15037,0.0057212,0.23484,0.62533,0.022979,0.37889,0.27393,36.576
0.30368,0.20881,0.024876,1.3777,0.17058,0.0032096,0.11755,0.57212,0.021245,0.35717,0.2406,54.169
0.47671,0.4175,0.031093,1.0503,0.062411,0.004276,0.32155,0.76713,0.029254,0.33654,0.33756,50.476
0.39298,0.21852,0.054039,1.1149,0.19174,0.0018699,0.28252,0.39218,0.023762,0.32671,0.16935,22.189
0.25061,0.35894,0.048926,1.3503,0.35359,0.0016202,0.391,0.27704,0.024359,0.3922,0.26797,27.399
0.56391,0.44847,0.045489,1.1057,0.22201,0.0024478,0.13312,0.62944,0.022643,0.36761,0.31092,33.88
0.23241,0.43499,0.028914,1.3122,0.34868,0.0052759,0.3224,0.69622,0.019369,0.33101,0.3392,20.635
0.69592,0.31441,0.014197,1.128,0.2279,0.00031925,0.29251,0.37156,0.019994,0.322,0.20937,37.349
0.32229,0.3246,0.05471,1.1925,0.06547,0.0015981,0.25569,0.34354,0.022582,0.39362,0.13517,45.503
0.25181,0.46112,0.018923,1.4273,0.37641,0.0021343,0.42654,0.56745,0.019278,0.39176,0.10499,40.851
0.41802,0.45112,0.065472,1.2373,0.39022,0.0012565,0.39287,0.45416,0.015597,0.36801,0.065485,16.875
0.32713,0.25518,0.01677,1.0819,0.29473,0.0042783,0.31021,0.55364,0.029362,0.33459,0.23935,30.282
0.42461,0.33313,0.016842,1.2807,0.17758,0.00030309,0.40204,0.75866,0.020903,0.32338,0.052415,35.431
0.28706,0.43894,0.0068923,1.339,0.18753,0.0014844,0.12444,0.7213,0.013767,0.29473,0.045773,42.718
0.40263,0.48424,0.042323,1.0476,0.053215,0.00056903,0.11967,0.24191,0.021743,0.28192,0.35553,18.201
0.48361,0.40259,0.0032203,1.2398,0.18536,0.0017524,0.26354,0.36798,0.022748,0.36701,0.33587,19.734
0.26267,0.4253,0.044932,1.2484,0.17303,0.0010044,0.12096,0.55258,0.016612,0.28284,0.12232,37.674
0.31856,0.37723,0.031224,1.0184,0.39127,0.0021821,0.39805,0.17117,0.016382,0.35461,0.35784,47.221
0.36747,0.3029,0.0039761,1.2725,0.27303,0.0080129,0.31998,0.36939,0.023039,0.35219,0.28545,39.971
0.543,0.3874,0.021823,1.2595,0.263,0.0028032,0.35494,0.34121,0.0091168,0.35688,0.25176,58.836
0.21903,0.49484,0.034794,1.2697,0.15083,0.0034007,0.31541,0.79937,0.026463,0.26117,0.28928,47.537
0.24183,0.20569,0.00055922,1.4347,0.29011,0.001555,0.21446,0.6322,0.02769,0.37793,0.067759,19.929
0.60486,0.30729,0.078977,1.21,0.079279,0.0005913,0.33371,0.64382,0.022832,0.39981,0.29349,55.525
0.25708,0.36118,0.016117,1.0602,0.34398,0.0010877,0.34454,0.52675,0.017397,0.3323,0.28087,41.186
0.61863,0.24133,0.085811,1.4651,0.20954,0.0017876,0.26906,0.51494,0.022142,0.3646,0.25676,49.41
