scenario,year,direction,home_language,persons
curzon_exchange,1946,to the other side,uk,1370666
curzon_exchange,1946,to the other side,be,540426
curzon_exchange,1946,to the other side,rue,125505
curzon_exchange,1946,to the other side,lt,96747
curzon_exchange,1946,to the other side,ru,88533
curzon_exchange,1946,to the other side,oth,49841
curzon_exchange,1946,to the other side,pls,40520
curzon_exchange,1946,to the other side,rom,28636
curzon_exchange,1946,to the other side,cs,2574
curzon_exchange,1946,to the other side,kdr,307
curzon_exchange,1946,to the other side,lv,283
curzon_exchange,1946,to the Polish side,pl,2399173
