scenario,year,identity_pl_pct,identity_uk_pct,identity_be_pct,identity_lt_pct,identity_jw_pct,identity_de_pct,identity_loc_pct,polish_speakers_pct,lithuania_polish_speakers_k,lithuania_polish_identity_k
autonomy_grand_duchy_coofficial,1932,63.2,13.2,3.1,5.8,7.7,2.7,2.8,60.9,146,74
autonomy_grand_duchy_coofficial,2032,61.2,16.9,7.1,5.3,6.4,0.9,1.3,63.4,402,232
baseline,1932,63.2,13.2,3.1,5.8,7.7,2.7,2.8,60.9,146,74
baseline,2032,72.0,12.6,2.0,5.2,6.0,0.7,0.9,71.6,142,55
census_official,1932,65.2,12.0,2.5,5.9,7.7,2.6,2.4,63.5,73,44
census_official,2032,73.6,11.3,1.6,5.3,6.1,0.7,0.9,73.8,69,33
census_vernacular,1932,62.6,13.4,3.3,5.9,7.7,2.7,2.9,57.9,158,84
census_vernacular,2032,71.9,12.6,2.0,5.2,6.0,0.7,0.9,70.5,154,60
federal_autonomy,1932,63.2,13.2,3.1,5.8,7.7,2.7,2.8,60.9,146,74
federal_autonomy,2032,64.9,16.4,3.7,5.3,6.4,1.0,1.4,65.7,141,54
historical,1932,54.0,11.2,2.6,0.2,6.2,21.3,2.4,52.9,,
historical,2032,70.2,19.5,8.5,0.2,0.1,0.1,0.8,71.9,,
ii_rp_only,1932,67.7,14.1,3.3,0.2,7.8,2.4,3.0,65.0,,
ii_rp_only,2032,76.1,13.4,2.1,0.1,6.3,0.7,1.0,75.4,,
integral_nationalism,1932,63.2,13.2,3.1,5.8,7.7,2.7,2.8,60.9,146,74
integral_nationalism,2032,79.4,8.0,1.2,5.2,4.9,0.4,0.6,75.2,144,57
lit_bel,1932,59.4,12.4,7.7,5.3,7.8,2.3,2.7,57.1,146,72
lit_bel,2032,59.1,11.4,15.2,5.1,5.9,0.6,1.2,59.3,554,332
no_official_language,1932,63.2,13.2,3.1,5.8,7.7,2.7,2.8,60.9,146,74
no_official_language,2032,60.6,17.2,7.0,5.4,6.4,1.1,1.5,61.3,141,53
nw_krai,1932,53.9,11.2,13.1,4.8,7.7,2.1,2.8,51.6,146,72
nw_krai,2032,51.9,9.9,23.3,4.0,5.6,0.5,1.1,51.6,591,495
plebiscite_poland,1932,59.0,12.1,2.8,5.4,7.2,7.7,2.6,58.1,146,74
plebiscite_poland,2032,72.1,11.9,1.9,4.9,5.8,1.9,0.9,71.3,135,52
polonizing_union,1932,63.2,13.2,3.1,5.8,7.7,2.7,2.8,60.9,146,74
polonizing_union,2032,74.2,12.6,2.0,3.0,6.0,0.7,0.9,72.2,476,1196
ukraine_autonomy_tricantonal,1932,63.2,13.2,3.1,5.8,7.7,2.7,2.8,60.9,146,74
ukraine_autonomy_tricantonal,2032,61.3,17.0,7.0,5.3,6.4,0.9,1.3,63.5,204,94
wakar_poland,1932,76.0,6.0,3.5,0.0,7.8,2.8,2.8,73.5,,
wakar_poland,2032,76.8,4.9,9.1,0.0,6.4,0.9,1.4,78.3,,
wakar_poland_belarus,1932,63.2,5.0,15.5,0.0,7.8,2.3,2.7,60.8,,
wakar_poland_belarus,2032,59.3,3.8,27.3,0.0,5.8,0.7,1.1,60.3,,
