scenario,pop_pl_units_M,pop_lt_units_M,polish_pct,ukrainian_pct,yiddish_pct,belarusian_pct,lithuanian_pct,west_polesian_k,kashubian_k,gdp_per_head_1990gk,electrified_plus_hsr_km,expressway_plus_motorway_km
autonomy_grand_duchy_coofficial,45.3,2.45,55.8,20.2,4.5,9.6,4.3,1334,134,17161,11299,22720
baseline,46.2,2.05,64.6,18.9,3.9,4.0,4.2,924,116,17161,11202,22475
census_official,46.1,2.06,67.4,17.0,3.9,2.9,4.3,923,116,17161,11202,22420
census_vernacular,46.2,2.04,63.3,19.8,3.9,4.4,4.2,924,116,17161,11072,22607
federal_autonomy,46.1,2.05,59.1,20.2,4.6,5.7,4.2,1536,151,17161,11158,22428
ii_rp_only,46.3,0.00,67.2,19.9,4.1,4.2,0.2,945,119,17161,10298,21281
integral_nationalism,45.7,2.02,69.0,17.6,3.2,3.0,4.1,534,83,17161,11158,22050
no_official_language,45.8,2.05,54.0,20.8,5.4,9.2,4.3,1517,195,17161,11232,22204
polonizing_union,46.1,2.09,65.0,18.9,3.9,4.0,3.8,923,116,17161,11202,22475
ukraine_autonomy_tricantonal,45.7,2.17,55.8,20.2,4.4,9.6,4.2,1331,134,17161,11510,22880
wakar_poland,32.7,0.00,70.1,6.6,4.7,12.5,0.0,1091,132,17161,7134,14024
wakar_poland_belarus,49.4,0.00,48.1,4.6,3.8,36.3,0.0,1098,133,17161,9126,17813
