scenario,members,metric,p10,p50,p90
baseline,32,pop_m,45.44,50.79,58.71
baseline,32,pl_pct,72.81,74.49,76.57
baseline,32,pl_id_pct,72.08,73.71,75.28
baseline,32,uk_pct,11.28,12.25,13.12
baseline,32,be_pct,0.89,1.39,1.83
baseline,32,yi_pct,2.96,4.27,5.51
baseline,32,lt_pct,5.04,5.28,5.46
baseline,32,de_pct,0.25,0.35,0.52
baseline,32,gdp,16031.63,18472.27,20702.54
baseline,32,tfr,1.49,1.60,1.77
baseline,32,e0,82.50,83.25,84.51
ii_rp_only,16,pop_m,43.78,50.96,58.78
ii_rp_only,16,pl_pct,75.58,79.26,81.73
ii_rp_only,16,pl_id_pct,76.70,79.00,80.47
ii_rp_only,16,uk_pct,11.04,13.26,14.03
ii_rp_only,16,be_pct,0.95,1.30,1.94
ii_rp_only,16,yi_pct,3.15,4.28,5.41
ii_rp_only,16,lt_pct,0.02,0.03,0.05
ii_rp_only,16,de_pct,0.16,0.26,0.51
ii_rp_only,16,gdp,14851.14,17632.32,22221.98
ii_rp_only,16,tfr,1.53,1.68,1.90
ii_rp_only,16,e0,82.18,83.09,83.92
autonomy_grand_duchy_coofficial,8,pop_m,45.93,50.10,61.40
autonomy_grand_duchy_coofficial,8,pl_pct,64.06,65.65,67.40
autonomy_grand_duchy_coofficial,8,pl_id_pct,61.27,62.89,63.91
autonomy_grand_duchy_coofficial,8,uk_pct,15.16,15.57,15.93
autonomy_grand_duchy_coofficial,8,be_pct,5.18,6.21,6.41
autonomy_grand_duchy_coofficial,8,yi_pct,3.22,4.60,5.91
autonomy_grand_duchy_coofficial,8,lt_pct,5.16,5.26,5.50
autonomy_grand_duchy_coofficial,8,de_pct,0.31,0.42,0.53
autonomy_grand_duchy_coofficial,8,gdp,14762.90,17275.22,20388.31
autonomy_grand_duchy_coofficial,8,tfr,1.48,1.69,1.77
autonomy_grand_duchy_coofficial,8,e0,82.48,83.21,84.79
census_official,8,pop_m,45.93,50.19,61.45
census_official,8,pl_pct,75.16,77.41,79.33
census_official,8,pl_id_pct,74.41,75.56,76.58
census_official,8,uk_pct,9.81,10.43,11.24
census_official,8,be_pct,0.48,0.62,0.96
census_official,8,yi_pct,2.83,4.10,5.49
census_official,8,lt_pct,5.26,5.36,5.63
census_official,8,de_pct,0.24,0.31,0.40
census_official,8,gdp,14762.90,17275.22,20388.31
census_official,8,tfr,1.48,1.69,1.77
census_official,8,e0,82.48,83.21,84.79
census_vernacular,8,pop_m,45.99,50.22,61.51
census_vernacular,8,pl_pct,72.22,74.72,76.70
census_vernacular,8,pl_id_pct,72.66,73.96,74.99
census_vernacular,8,uk_pct,11.83,12.49,13.42
census_vernacular,8,be_pct,1.09,1.46,2.08
census_vernacular,8,yi_pct,2.79,4.05,5.43
census_vernacular,8,lt_pct,5.09,5.20,5.45
census_vernacular,8,de_pct,0.26,0.34,0.44
census_vernacular,8,gdp,14762.90,17275.22,20388.31
census_vernacular,8,tfr,1.48,1.69,1.77
census_vernacular,8,e0,82.48,83.21,84.79
federal_autonomy,8,pop_m,45.94,50.19,61.47
federal_autonomy,8,pl_pct,67.74,69.79,72.15
federal_autonomy,8,pl_id_pct,65.91,67.49,68.38
federal_autonomy,8,uk_pct,14.38,14.76,15.35
federal_autonomy,8,be_pct,1.93,2.04,2.62
federal_autonomy,8,yi_pct,3.35,4.78,6.10
federal_autonomy,8,lt_pct,5.14,5.26,5.50
federal_autonomy,8,de_pct,0.34,0.45,0.58
federal_autonomy,8,gdp,14762.90,17275.22,20388.31
federal_autonomy,8,tfr,1.48,1.69,1.77
federal_autonomy,8,e0,82.48,83.21,84.79
integral_nationalism,8,pop_m,45.07,49.36,60.50
integral_nationalism,8,pl_pct,76.55,78.47,79.53
integral_nationalism,8,pl_id_pct,79.22,80.63,81.45
integral_nationalism,8,uk_pct,10.28,10.70,12.07
integral_nationalism,8,be_pct,0.38,0.56,0.97
integral_nationalism,8,yi_pct,2.27,3.35,4.49
integral_nationalism,8,lt_pct,5.11,5.21,5.50
integral_nationalism,8,de_pct,0.16,0.19,0.25
integral_nationalism,8,gdp,14762.90,17275.22,20388.31
integral_nationalism,8,tfr,1.47,1.68,1.76
integral_nationalism,8,e0,82.47,83.20,84.78
lit_bel,8,pop_m,51.41,56.02,68.85
lit_bel,8,pl_pct,61.14,61.97,63.85
lit_bel,8,pl_id_pct,59.62,61.48,62.81
lit_bel,8,uk_pct,10.47,10.99,11.79
lit_bel,8,be_pct,12.89,14.75,15.38
lit_bel,8,yi_pct,3.01,4.34,5.59
lit_bel,8,lt_pct,4.92,5.00,5.18
lit_bel,8,de_pct,0.18,0.26,0.34
lit_bel,8,gdp,14879.12,17507.55,20643.54
lit_bel,8,tfr,1.49,1.69,1.77
lit_bel,8,e0,82.47,83.20,84.79
no_official_language,8,pop_m,45.90,50.08,61.37
no_official_language,8,pl_pct,63.03,64.51,66.35
no_official_language,8,pl_id_pct,60.99,62.69,63.65
no_official_language,8,uk_pct,15.27,15.60,16.21
no_official_language,8,be_pct,4.82,5.72,5.88
no_official_language,8,yi_pct,3.83,5.48,6.75
no_official_language,8,lt_pct,5.21,5.33,5.56
no_official_language,8,de_pct,0.52,0.62,0.76
no_official_language,8,gdp,14762.90,17275.22,20388.31
no_official_language,8,tfr,1.48,1.69,1.77
no_official_language,8,e0,82.48,83.21,84.79
nw_krai,8,pop_m,59.82,65.03,80.23
nw_krai,8,pl_pct,53.01,54.32,55.69
nw_krai,8,pl_id_pct,52.30,54.06,55.80
nw_krai,8,uk_pct,9.09,9.52,10.23
nw_krai,8,be_pct,21.28,23.85,24.82
nw_krai,8,yi_pct,2.90,4.16,5.31
nw_krai,8,lt_pct,3.93,4.04,4.14
nw_krai,8,de_pct,0.15,0.22,0.30
nw_krai,8,gdp,14917.44,17584.57,20728.03
nw_krai,8,tfr,1.50,1.69,1.77
nw_krai,8,e0,82.45,83.18,84.78
plebiscite_poland,8,pop_m,48.09,52.58,64.34
plebiscite_poland,8,pl_pct,73.15,75.58,77.34
plebiscite_poland,8,pl_id_pct,73.15,74.39,75.38
plebiscite_poland,8,uk_pct,10.74,11.35,12.19
plebiscite_poland,8,be_pct,0.77,0.97,1.44
plebiscite_poland,8,yi_pct,2.67,3.88,5.22
plebiscite_poland,8,lt_pct,4.84,4.93,5.17
plebiscite_poland,8,de_pct,1.34,1.49,1.91
plebiscite_poland,8,gdp,14808.89,17366.94,20489.13
plebiscite_poland,8,tfr,1.48,1.69,1.76
plebiscite_poland,8,e0,82.49,83.23,84.80
polonizing_union,8,pop_m,45.91,50.20,61.46
polonizing_union,8,pl_pct,75.15,77.79,79.78
polonizing_union,8,pl_id_pct,75.97,77.21,78.39
polonizing_union,8,uk_pct,11.42,12.03,12.96
polonizing_union,8,be_pct,0.81,1.02,1.52
polonizing_union,8,yi_pct,2.81,4.07,5.46
polonizing_union,8,lt_pct,2.81,3.02,3.65
polonizing_union,8,de_pct,0.25,0.31,0.41
polonizing_union,8,gdp,14762.90,17275.22,20388.31
polonizing_union,8,tfr,1.48,1.69,1.77
polonizing_union,8,e0,82.48,83.21,84.79
ukraine_autonomy_tricantonal,8,pop_m,46.00,50.19,61.51
ukraine_autonomy_tricantonal,8,pl_pct,64.08,65.66,67.33
ukraine_autonomy_tricantonal,8,pl_id_pct,61.35,63.00,63.98
ukraine_autonomy_tricantonal,8,uk_pct,15.19,15.59,15.95
ukraine_autonomy_tricantonal,8,be_pct,5.17,6.19,6.44
ukraine_autonomy_tricantonal,8,yi_pct,3.21,4.58,5.90
ukraine_autonomy_tricantonal,8,lt_pct,5.19,5.28,5.54
ukraine_autonomy_tricantonal,8,de_pct,0.31,0.42,0.53
ukraine_autonomy_tricantonal,8,gdp,14762.90,17275.22,20388.31
ukraine_autonomy_tricantonal,8,tfr,1.48,1.69,1.77
ukraine_autonomy_tricantonal,8,e0,82.48,83.21,84.78
wakar_poland,8,pop_m,32.41,35.51,43.48
wakar_poland,8,pl_pct,79.45,81.45,83.58
wakar_poland,8,pl_id_pct,77.28,79.14,79.82
wakar_poland,8,uk_pct,2.89,3.38,4.28
wakar_poland,8,be_pct,6.28,7.60,7.89
wakar_poland,8,yi_pct,3.22,4.60,6.15
wakar_poland,8,lt_pct,0.01,0.01,0.01
wakar_poland,8,de_pct,0.30,0.42,0.54
wakar_poland,8,gdp,14762.90,17275.22,20388.31
wakar_poland,8,tfr,1.48,1.70,1.77
wakar_poland,8,e0,82.50,83.23,84.80
wakar_poland_belarus,8,pop_m,43.61,47.37,58.27
wakar_poland_belarus,8,pl_pct,62.29,63.41,65.27
wakar_poland_belarus,8,pl_id_pct,59.97,61.60,63.37
wakar_poland_belarus,8,uk_pct,2.19,2.58,3.42
wakar_poland_belarus,8,be_pct,23.54,26.83,27.61
wakar_poland_belarus,8,yi_pct,3.00,4.33,5.58
wakar_poland_belarus,8,lt_pct,0.01,0.01,0.01
wakar_poland_belarus,8,de_pct,0.23,0.32,0.41
wakar_poland_belarus,8,gdp,14762.90,17275.22,20388.31
wakar_poland_belarus,8,tfr,1.49,1.69,1.77
wakar_poland_belarus,8,e0,82.47,83.20,84.77
