year,pop_total_p5,pop_total_p25,pop_total_p50,pop_total_p75,pop_total_p95,pop_pl_p5,pop_pl_p25,pop_pl_p50,pop_pl_p75,pop_pl_p95,pop_lt_p5,pop_lt_p25,pop_lt_p50,pop_lt_p75,pop_lt_p95,urban_share_p5,urban_share_p25,urban_share_p50,urban_share_p75,urban_share_p95,tfr_p5,tfr_p25,tfr_p50,tfr_p75,tfr_p95,births_p5,births_p25,births_p50,births_p75,births_p95,deaths_p5,deaths_p25,deaths_p50,deaths_p75,deaths_p95,emig_p5,emig_p25,emig_p50,emig_p75,emig_p95,immig_p5,immig_p25,immig_p50,immig_p75,immig_p95,y_nat_p5,y_nat_p25,y_nat_p50,y_nat_p75,y_nat_p95,vehicles_p5,vehicles_p25,vehicles_p50,vehicles_p75,vehicles_p95,e0_male_p5,e0_male_p25,e0_male_p50,e0_male_p75,e0_male_p95,e0_female_p5,e0_female_p25,e0_female_p50,e0_female_p75,e0_female_p95
1933,3.2328e+07,3.2334e+07,3.2338e+07,3.2341e+07,3.2356e+07,3.2328e+07,3.2334e+07,3.2338e+07,3.2341e+07,3.2356e+07,0,0,0,0,0,0.27598,0.27601,0.27602,0.27603,0.27604,3.7188,3.7602,3.7836,3.8045,3.8449,9.4722e+05,9.5742e+05,9.6346e+05,9.6881e+05,9.792e+05,5.0457e+05,5.0655e+05,5.0949e+05,5.1326e+05,5.1407e+05,26062,27219,28873,30584,32146,10.96,12.993,17.206,22.231,25.683,1712.2,1712.2,1712.2,1712.2,1712.2,1.1723,1.1723,1.1723,1.1723,1.1723,49.149,49.191,49.365,49.532,49.649,52.411,52.453,52.627,52.794,52.911
1934,3.2731e+07,3.2738e+07,3.275e+07,3.2762e+07,3.278e+07,3.2731e+07,3.2738e+07,3.275e+07,3.2762e+07,3.278e+07,0,0,0,0,0,0.27803,0.27806,0.2781,0.27813,0.27815,3.6209,3.6666,3.6798,3.707,3.7687,9.3645e+05,9.4783e+05,9.5126e+05,9.5827e+05,9.74e+05,5.0343e+05,5.0764e+05,5.1057e+05,5.1442e+05,5.1857e+05,26280,27219,29102,30802,32609,7.9492,9.4262,12.476,16.132,18.618,1695.2,1695.2,1695.2,1695.2,1695.2,1.1393,1.1393,1.1393,1.1393,1.1393,49.223,49.39,49.61,49.75,49.989,52.547,52.714,52.934,53.074,53.313
1935,3.3118e+07,3.3131e+07,3.3146e+07,3.3158e+07,3.3171e+07,3.3118e+07,3.3131e+07,3.3146e+07,3.3158e+07,3.3171e+07,0,0,0,0,0,0.28019,0.28024,0.28028,0.28034,0.28036,3.526,3.5472,3.5835,3.5908,3.6112,9.2297e+05,9.281e+05,9.3819e+05,9.3996e+05,9.4511e+05,5.0242e+05,5.0773e+05,5.1155e+05,5.1479e+05,5.2154e+05,26341,27275,29241,31017,32936,7.6779,9.1064,12.049,15.578,17.979,1729.4,1729.4,1729.4,1729.4,1729.4,1.1193,1.1193,1.1193,1.1193,1.1193,49.23,49.611,49.76,49.93,50.233,52.616,52.997,53.146,53.316,53.62
1936,3.3496e+07,3.3513e+07,3.3532e+07,3.3553e+07,3.358e+07,3.3496e+07,3.3513e+07,3.3532e+07,3.3553e+07,3.358e+07,0,0,0,0,0,0.2825,0.28257,0.28265,0.28269,0.28276,3.4528,3.49,3.5301,3.5538,3.5669,9.1199e+05,9.2085e+05,9.3071e+05,9.3787e+05,9.4059e+05,4.9927e+05,5.0782e+05,5.1238e+05,5.1779e+05,5.2105e+05,26285,27262,29298,31163,33109,8.1372,9.652,12.779,16.519,19.05,1782.1,1782.1,1782.1,1782.1,1782.1,1.1153,1.1153,1.1153,1.1153,1.1153,49.385,49.561,49.899,50.088,50.594,52.833,53.01,53.347,53.537,54.042
1937,3.3843e+07,3.3867e+07,3.3902e+07,3.392e+07,3.3958e+07,3.3843e+07,3.3867e+07,3.3902e+07,3.392e+07,3.3958e+07,0,0,0,0,0,0.28535,0.28544,0.28557,0.28561,0.28568,3.3391,3.3829,3.4112,3.4477,3.496,8.8314e+05,8.9473e+05,9.0163e+05,9.1121e+05,9.2357e+05,4.9295e+05,5.0144e+05,5.1084e+05,5.1452e+05,5.2398e+05,26040,27137,29177,31135,33007,9.475,11.244,14.883,19.242,22.184,1854.8,1854.8,1854.8,1854.8,1854.8,1.1313,1.1313,1.1313,1.1313,1.1313,49.406,49.951,50.078,50.497,51.137,52.917,53.461,53.588,54.007,54.648
1938,3.4168e+07,3.4205e+07,3.4248e+07,3.4271e+07,3.4313e+07,3.4168e+07,3.4205e+07,3.4248e+07,3.4271e+07,3.4313e+07,0,0,0,0,0,0.28907,0.28918,0.28931,0.28939,0.28951,3.2674,3.2926,3.3223,3.3883,3.427,8.6138e+05,8.6757e+05,8.7583e+05,8.9252e+05,9.0273e+05,4.9577e+05,5.0117e+05,5.0742e+05,5.1492e+05,5.2381e+05,25487,26833,28791,30904,32721,13.433,15.944,21.101,27.289,31.423,1969.5,1969.5,1969.5,1969.5,1969.5,1.1798,1.1798,1.1798,1.1798,1.1798,49.582,49.937,50.4,50.673,51.061,53.155,53.51,53.973,54.246,54.633
1939,3.4468e+07,3.4493e+07,3.456e+07,3.4593e+07,3.4638e+07,3.4468e+07,3.4493e+07,3.456e+07,3.4594e+07,3.4638e+07,0,0,0,0,0,0.29342,0.29354,0.29367,0.29379,0.29391,3.1406,3.173,3.2145,3.2819,3.3505,8.2107e+05,8.3035e+05,8.4145e+05,8.5802e+05,8.7538e+05,4.9244e+05,4.994e+05,5.0794e+05,5.1454e+05,5.1873e+05,24832,26381,28257,30467,32266,17.382,20.648,27.339,35.354,40.669,2070.5,2070.5,2070.5,2070.5,2070.5,1.256,1.256,1.256,1.256,1.256,49.782,50.108,50.415,50.781,51.34,53.417,53.742,54.05,54.415,54.975
1940,3.4743e+07,3.4805e+07,3.4881e+07,3.4901e+07,3.4949e+07,3.4743e+07,3.4805e+07,3.4881e+07,3.4901e+07,3.4949e+07,0,0,0,0,0,0.29746,0.29777,0.29811,0.29838,0.29877,3.125,3.1959,3.2272,3.2914,3.3028,8.096e+05,8.2542e+05,8.3574e+05,8.5022e+05,8.5428e+05,4.9084e+05,4.9653e+05,5.0154e+05,5.1105e+05,5.1939e+05,24396,25953,27634,30021,31769,17.654,22.446,29.46,37.014,49.838,2062.7,2096.4,2127.2,2150.9,2179.6,1.318,1.3305,1.3424,1.3519,1.3638,49.959,50.236,50.794,51.16,51.508,53.655,53.932,54.491,54.856,55.205
1941,3.4996e+07,3.508e+07,3.517e+07,3.5198e+07,3.5247e+07,3.4996e+07,3.508e+07,3.517e+07,3.5198e+07,3.5247e+07,0,0,0,0,0,0.30115,0.302,0.30261,0.30304,0.30373,3.0938,3.1469,3.206,3.2749,3.3276,7.9298e+05,8.0696e+05,8.2385e+05,8.3917e+05,8.5203e+05,4.8705e+05,4.954e+05,5.0142e+05,5.0952e+05,5.1967e+05,30693,33453,36444,39875,42686,16.339,25.067,28.985,44.85,56.721,2059.4,2146,2164.5,2199,2300.4,1.3694,1.4171,1.4387,1.4504,1.4986,49.976,50.6,51.018,51.415,51.852,53.734,54.359,54.777,55.174,55.61
1942,3.5242e+07,3.5342e+07,3.5445e+07,3.5484e+07,3.553e+07,3.5242e+07,3.5342e+07,3.5445e+07,3.5484e+07,3.553e+07,0,0,0,0,0,0.30419,0.30617,0.30734,0.30815,0.30905,3.0569,3.1526,3.1948,3.2265,3.3569,7.8092e+05,8.0411e+05,8.1475e+05,8.2277e+05,8.5628e+05,4.8776e+05,4.9084e+05,4.9646e+05,5.1109e+05,5.1924e+05,37553,41078,44956,49661,53643,13.617,19.792,35.235,52.991,62.644,2040.6,2143.9,2242.5,2295.9,2344.4,1.4064,1.4961,1.553,1.5725,1.6414,50.158,50.624,51.351,51.733,51.96,53.979,54.444,55.171,55.553,55.781
1943,3.5472e+07,3.5591e+07,3.5708e+07,3.576e+07,3.582e+07,3.5472e+07,3.5591e+07,3.5708e+07,3.576e+07,3.582e+07,0,0,0,0,0,0.30712,0.31027,0.31221,0.31294,0.31452,3.0417,3.1383,3.2177,3.2579,3.3425,7.8125e+05,8.0411e+05,8.2537e+05,8.3241e+05,8.5287e+05,4.8828e+05,4.9361e+05,4.989e+05,5.1316e+05,5.2224e+05,43988,48801,53725,60193,64897,13.101,25.345,37.416,64.018,85.87,2099.4,2235.5,2303.8,2393.3,2411.7,1.4517,1.5902,1.6774,1.7052,1.8032,50.304,50.813,51.461,51.799,52.208,54.186,54.696,55.343,55.682,56.091
1944,3.5662e+07,3.5832e+07,3.5954e+07,3.6021e+07,3.6102e+07,3.5662e+07,3.5832e+07,3.5954e+07,3.6021e+07,3.6102e+07,0,0,0,0,0,0.31088,0.31491,0.31757,0.31821,0.3197,2.9666,3.0851,3.1853,3.2281,3.3493,7.6797e+05,7.9597e+05,8.2342e+05,8.3189e+05,8.6187e+05,4.8739e+05,4.9324e+05,5.015e+05,5.1687e+05,5.2437e+05,50062,57151,62348,70882,76141,13.147,33.955,42.615,72.407,85.284,2166.6,2312.1,2389.6,2436,2485.7,1.5304,1.7032,1.8315,1.8733,1.9566,50.525,50.825,51.604,52.102,52.574,54.47,54.77,55.549,56.047,56.519
1945,3.5862e+07,3.6065e+07,3.6191e+07,3.6298e+07,3.6383e+07,3.5862e+07,3.6065e+07,3.6191e+07,3.6298e+07,3.6383e+07,0,0,0,0,0,0.31477,0.32017,0.32264,0.32378,0.32538,2.9477,3.097,3.1487,3.2085,3.3726,7.7673e+05,8.0845e+05,8.2487e+05,8.3793e+05,8.7996e+05,4.8059e+05,4.955e+05,5.0029e+05,5.2266e+05,5.3239e+05,56864,65849,71518,81344,88406,13.065,40.833,47.038,75.507,95.171,2185.4,2375,2451,2488.6,2560.8,1.6196,1.868,1.9863,2.0515,2.1539,50.443,50.878,51.901,52.347,53.214,54.45,54.885,55.908,56.354,57.221
1946,3.6054e+07,3.6285e+07,3.6453e+07,3.6573e+07,3.6678e+07,3.6054e+07,3.6285e+07,3.6453e+07,3.6573e+07,3.6678e+07,0,0,0,0,0,0.31859,0.32554,0.32736,0.32939,0.33078,2.954,3.091,3.148,3.2308,3.3848,7.9325e+05,8.2733e+05,8.4011e+05,8.6103e+05,8.9839e+05,4.8168e+05,4.9496e+05,5.06e+05,5.2644e+05,5.3045e+05,64763,74934,81332,92049,1.0043e+05,11.852,36.867,55.801,67.975,119.48,2256.1,2449.4,2500.7,2564.1,2595,1.7114,2.038,2.1426,2.2171,2.3445,50.544,51.233,51.776,52.853,53.47,54.613,55.302,55.845,56.922,57.539
1947,3.6239e+07,3.652e+07,3.6714e+07,3.6862e+07,3.6994e+07,3.6239e+07,3.652e+07,3.6714e+07,3.6862e+07,3.6994e+07,0,0,0,0,0,0.32257,0.33079,0.3327,0.33424,0.3357,2.9323,3.0898,3.1649,3.2282,3.3951,7.9784e+05,8.4255e+05,8.6771e+05,8.7715e+05,9.1997e+05,4.8261e+05,4.9749e+05,5.0524e+05,5.1818e+05,5.3503e+05,72633,82693,91414,1.021e+05,1.1307e+05,13.357,43.155,49.119,76.07,155.33,2313.7,2499.2,2527.9,2608.2,2714.4,1.8245,2.2129,2.3668,2.4052,2.5187,50.716,51.825,52.231,53.014,53.614,54.847,55.956,56.362,57.145,57.745
1948,3.6471e+07,3.6777e+07,3.698e+07,3.7185e+07,3.7329e+07,3.6471e+07,3.6777e+07,3.698e+07,3.7185e+07,3.7329e+07,0,0,0,0,0,0.32737,0.33507,0.33845,0.33893,0.34173,2.8575,3.0879,3.1587,3.2954,3.4204,8.0123e+05,8.6265e+05,8.7882e+05,9.1939e+05,9.487e+05,4.8406e+05,4.965e+05,5.0375e+05,5.2213e+05,5.3632e+05,75578,84387,94430,1.036e+05,1.1608e+05,13.167,38.749,58.688,109.28,182.4,2349.6,2513,2629.8,2728.2,2800.7,1.9535,2.3435,2.5497,2.6291,2.8142,51.228,52.054,52.774,53.453,53.974,55.421,56.247,56.968,57.646,58.167
1949,3.6714e+07,3.7073e+07,3.7288e+07,3.7526e+07,3.7694e+07,3.6714e+07,3.7073e+07,3.7288e+07,3.7526e+07,3.7694e+07,0,0,0,0,0,0.33132,0.33932,0.34293,0.34458,0.34792,2.9566,3.091,3.2092,3.2813,3.4557,8.4321e+05,8.8279e+05,9.1406e+05,9.3684e+05,9.7882e+05,4.8148e+05,4.963e+05,5.0019e+05,5.1513e+05,5.2889e+05,76048,86885,97308,1.0543e+05,1.1869e+05,14.954,40.085,59.372,161.58,240.65,2420.1,2571.8,2653.6,2854.2,2917,2.0737,2.4881,2.6923,2.9594,3.1541,52.298,52.759,53.47,53.905,54.45,56.553,57.014,57.725,58.16,58.705
1950,3.6993e+07,3.7393e+07,3.7603e+07,3.7898e+07,3.8083e+07,3.6993e+07,3.7393e+07,3.7603e+07,3.7898e+07,3.8083e+07,0,0,0,0,0,0.33503,0.3432,0.34748,0.35066,0.35409,2.9172,3.1084,3.231,3.2841,3.4713,8.5396e+05,9.0645e+05,9.3769e+05,9.572e+05,9.9949e+05,4.8383e+05,4.8987e+05,4.9841e+05,5.09e+05,5.2337e+05,78104,89110,98706,1.1015e+05,1.2092e+05,15.367,43.463,53.949,154.37,305.62,2453.1,2592.6,2737.1,2927,3014.6,2.1978,2.6272,2.8762,3.2561,3.4951,52.975,53.791,53.982,54.682,54.939,57.292,58.108,58.3,59,59.256
1951,3.7283e+07,3.7732e+07,3.7934e+07,3.8302e+07,3.8515e+07,3.7283e+07,3.7732e+07,3.7934e+07,3.8302e+07,3.8515e+07,0,0,0,0,0,0.33936,0.34733,0.35272,0.35665,0.36004,2.8834,3.1179,3.2198,3.2643,3.5367,8.602e+05,9.2657e+05,9.4859e+05,9.7578e+05,1.0376e+06,4.7155e+05,4.8437e+05,4.8796e+05,5.0114e+05,5.1245e+05,79976,90963,99743,1.1288e+05,1.2468e+05,19.715,40.018,59.999,172.52,362.63,2558.2,2660.5,2836.4,3018.9,3138.1,2.3832,2.7917,3.1998,3.642,3.9743,53.756,54.435,54.994,55.402,56.034,58.136,58.814,59.374,59.781,60.414
1952,3.7594e+07,3.8104e+07,3.8276e+07,3.8708e+07,3.8968e+07,3.7594e+07,3.8104e+07,3.8276e+07,3.8708e+07,3.8968e+07,0,0,0,0,0,0.34351,0.35099,0.3585,0.36264,0.36652,2.8688,3.0798,3.1975,3.2648,3.5635,8.7137e+05,9.3138e+05,9.5996e+05,9.8968e+05,1.0664e+06,4.5967e+05,4.7271e+05,4.8184e+05,4.8952e+05,5.0503e+05,83096,93163,1.0326e+05,1.1541e+05,1.2624e+05,18.972,40.925,83.045,153.24,371.45,2571.5,2710.8,2979,3106.9,3251.6,2.5709,2.9518,3.5633,4.1141,4.4173,54.808,55.216,55.791,56.365,56.918,59.249,59.657,60.233,60.807,61.36
1953,3.7918e+07,3.8495e+07,3.8641e+07,3.9132e+07,3.9409e+07,3.7918e+07,3.8495e+07,3.8641e+07,3.9132e+07,3.9409e+07,0,0,0,0,0,0.34808,0.35509,0.36468,0.36874,0.37242,2.8245,3.0596,3.1956,3.2764,3.4236,8.7147e+05,9.3954e+05,9.7469e+05,1.008e+06,1.0402e+06,4.5018e+05,4.6062e+05,4.7061e+05,4.8242e+05,5.083e+05,86574,96199,1.063e+05,1.1754e+05,1.3036e+05,13.754,49.988,111.54,170.41,282.1,2566.7,2840.2,3110.2,3205.8,3266.3,2.8235,3.2261,4.0488,4.5767,4.9079,55.08,56.159,56.704,57.358,57.828,59.583,60.662,61.207,61.861,62.331
1954,3.8241e+07,3.8883e+07,3.9028e+07,3.9549e+07,3.9873e+07,3.8241e+07,3.8883e+07,3.9028e+07,3.9549e+07,3.9873e+07,0,0,0,0,0,0.35294,0.35994,0.3707,0.37473,0.37884,2.7694,3.0411,3.1521,3.2368,3.4697,8.6564e+05,9.4092e+05,9.7791e+05,1.0039e+06,1.0684e+06,4.4031e+05,4.4866e+05,4.6484e+05,4.7395e+05,4.9703e+05,87810,97943,1.0843e+05,1.2187e+05,1.3295e+05,15.475,61.593,89.502,180.44,400.77,2648.8,2961.7,3146.7,3299.8,3412.4,2.9843,3.4757,4.5312,5.1172,5.4863,56.008,57.008,57.496,58.196,58.752,60.574,61.573,62.061,62.762,63.317
1955,3.8554e+07,3.9294e+07,3.9423e+07,3.9984e+07,4.0335e+07,3.8554e+07,3.9294e+07,3.9423e+07,3.9984e+07,4.0335e+07,0,0,0,0,0,0.35572,0.36461,0.37709,0.38044,0.38566,2.7568,3.0075,3.1376,3.1897,3.4892,8.7161e+05,9.4579e+05,9.7749e+05,1.0053e+06,1.0868e+06,4.2782e+05,4.4319e+05,4.5664e+05,4.6703e+05,4.9276e+05,87593,99766,1.106e+05,1.2313e+05,1.3431e+05,11.497,54.483,120.26,215.3,570.19,2649.6,3022.3,3324,3444,3597.5,3.0968,3.8405,5.136,5.659,6.2893,56.556,57.718,58.089,58.932,59.802,61.183,62.345,62.717,63.559,64.43
1956,3.8869e+07,3.9658e+07,3.9812e+07,4.0425e+07,4.0798e+07,3.8869e+07,3.9658e+07,3.9812e+07,4.0425e+07,4.0798e+07,0,0,0,0,0,0.35893,0.36917,0.38284,0.38596,0.39241,2.6886,2.9912,3.0797,3.1749,3.4221,8.5519e+05,9.4832e+05,9.6725e+05,1.0039e+06,1.0768e+06,4.2409e+05,4.3289e+05,4.4862e+05,4.6223e+05,4.8684e+05,90341,1.0155e+05,1.1382e+05,1.278e+05,1.3725e+05,11.959,57.057,127.14,222.81,635.91,2740.7,3118.2,3400.4,3544.7,3716,3.2583,4.2225,5.7268,6.2813,7.19,57.204,58.218,58.928,59.955,60.412,61.894,62.908,63.618,64.645,65.102
1957,3.9184e+07,4.0046e+07,4.0239e+07,4.0858e+07,4.132e+07,3.9184e+07,4.0046e+07,4.0239e+07,4.0858e+07,4.132e+07,0,0,0,0,0,0.36221,0.37367,0.38826,0.39247,0.39925,2.6571,2.9215,3.0613,3.1374,3.4269,8.4833e+05,9.3557e+05,9.6893e+05,1.0077e+06,1.0807e+06,4.1893e+05,4.2854e+05,4.4059e+05,4.5874e+05,4.7892e+05,85505,1.011e+05,1.1439e+05,1.2847e+05,1.3698e+05,11.549,53.025,129.75,340.97,773.48,2800.3,3188.9,3518.9,3722.4,3990.5,3.4436,4.6365,6.2856,7.1807,8.2377,57.801,58.453,59.747,60.591,61.001,62.553,63.204,64.498,65.343,65.753
1958,3.9511e+07,4.0411e+07,4.0667e+07,4.1307e+07,4.1814e+07,3.9511e+07,4.0411e+07,4.0667e+07,4.1307e+07,4.1814e+07,0,0,0,0,0,0.3662,0.37957,0.39367,0.39901,0.40606,2.6271,2.8745,3.0307,3.0932,3.3232,8.4482e+05,9.2095e+05,9.6408e+05,1.0042e+06,1.056e+06,4.1495e+05,4.2226e+05,4.3748e+05,4.5508e+05,4.7136e+05,83879,1.007e+05,1.1397e+05,1.2692e+05,1.4101e+05,14.916,63.511,123.45,293.86,1423.5,2945.9,3302.3,3612.6,3778.3,4313.7,3.7318,5.1385,6.9444,8.0516,10.175,58.441,59.149,60.449,61.076,61.657,63.255,63.963,65.263,65.89,66.471
1959,3.9828e+07,4.0767e+07,4.1061e+07,4.1737e+07,4.2324e+07,3.9828e+07,4.0767e+07,4.1061e+07,4.1737e+07,4.2324e+07,0,0,0,0,0,0.37018,0.38547,0.39974,0.40534,0.41309,2.5931,2.8346,2.9326,3.0616,3.3111,8.3311e+05,9.0374e+05,9.4672e+05,9.8125e+05,1.0593e+06,4.1183e+05,4.1396e+05,4.3512e+05,4.464e+05,4.7195e+05,85350,1.0055e+05,1.1243e+05,1.2731e+05,1.4009e+05,13.417,56.446,108.86,338.68,1238.6,2997.1,3411.8,3696.8,3907.1,4380.1,4.0248,5.6658,7.7763,9.0759,12.01,58.903,59.865,61.187,61.629,62.146,63.779,64.74,66.063,66.505,67.022
1960,4.0122e+07,4.1114e+07,4.1424e+07,4.2149e+07,4.2826e+07,4.0122e+07,4.1114e+07,4.1424e+07,4.2149e+07,4.2826e+07,0,0,0,0,0,0.37452,0.39181,0.40657,0.41117,0.42058,2.5224,2.7717,2.8933,2.991,3.2894,8.0951e+05,8.8809e+05,9.197e+05,9.669e+05,1.0542e+06,4.0782e+05,4.1496e+05,4.2889e+05,4.4323e+05,4.6762e+05,82305,99657,1.0947e+05,1.2431e+05,1.4038e+05,15.047,77.959,148.96,411.45,1021.7,3114.2,3602.4,3838.4,4096.1,4424.6,4.3968,6.5045,8.8518,10.32,13.744,59.167,60.358,61.627,62.178,62.545,64.105,65.296,66.565,67.116,67.483
1961,4.0399e+07,4.1448e+07,4.1769e+07,4.257e+07,4.3304e+07,4.0399e+07,4.1448e+07,4.1769e+07,4.257e+07,4.3304e+07,0,0,0,0,0,0.37934,0.39771,0.4123,0.41822,0.42796,2.4778,2.7345,2.8491,2.9976,3.1967,7.8513e+05,8.7086e+05,9.1166e+05,9.5206e+05,1.0237e+06,4.024e+05,4.1085e+05,4.2519e+05,4.4559e+05,4.6862e+05,83468,99658,1.0683e+05,1.2491e+05,1.3762e+05,17.721,70.312,148.72,572.98,1114.1,3253.1,3665.6,3938.2,4286.8,4541.1,4.8762,7.3231,9.7981,11.902,15.682,59.407,60.804,62,62.745,62.987,64.407,65.804,67,67.745,67.987
1962,4.0679e+07,4.1755e+07,4.2099e+07,4.2955e+07,4.3756e+07,4.0679e+07,4.1755e+07,4.2099e+07,4.2955e+07,4.3756e+07,0,0,0,0,0,0.38484,0.4035,0.41815,0.42492,0.43519,2.4857,2.6606,2.7841,2.8942,3.1263,7.8526e+05,8.4494e+05,8.9217e+05,9.2979e+05,9.9967e+05,4.0404e+05,4.1132e+05,4.2355e+05,4.442e+05,4.6774e+05,81533,98550,1.0664e+05,1.223e+05,1.3615e+05,25.863,94.407,157.24,824.52,1252.9,3450,3773.3,4083.6,4504.2,4714.3,5.5585,8.3458,10.927,13.712,17.873,59.743,61.253,62.472,63.104,63.37,64.807,66.317,67.536,68.168,68.434
1963,4.0933e+07,4.205e+07,4.2411e+07,4.3318e+07,4.4195e+07,4.0933e+07,4.205e+07,4.2411e+07,4.3318e+07,4.4195e+07,0,0,0,0,0,0.38971,0.40992,0.42354,0.43229,0.44306,2.4459,2.6229,2.7324,2.8069,3.1106,7.5654e+05,8.2764e+05,8.6459e+05,8.9199e+05,9.8534e+05,3.9886e+05,4.0453e+05,4.2122e+05,4.4686e+05,4.6477e+05,78657,97825,1.046e+05,1.2225e+05,1.351e+05,17.646,95.506,174.96,748.95,2202.8,3432.3,3932.7,4277,4586.8,5006,6.1039,9.5365,11.988,15.884,20.884,60.167,61.341,62.735,63.778,63.953,65.295,66.469,67.863,68.906,69.081
1964,4.1169e+07,4.2333e+07,4.2723e+07,4.3651e+07,4.4594e+07,4.1169e+07,4.2333e+07,4.2723e+07,4.3651e+07,4.4594e+07,0,0,0,0,0,0.39515,0.41619,0.42905,0.43951,0.45134,2.3534,2.5544,2.6948,2.8179,2.959,7.1912e+05,8.0183e+05,8.4647e+05,8.7788e+05,9.4025e+05,3.9954e+05,4.0812e+05,4.2206e+05,4.4686e+05,4.6057e+05,77190,96231,1.0507e+05,1.1967e+05,1.3091e+05,23.707,114.32,212.76,875.08,2651.8,3620.5,4136.5,4358.7,4757.5,5162.4,6.8657,10.83,13.248,18.237,23.929,60.661,61.768,63.174,63.92,64.304,65.853,66.96,68.366,69.112,69.496
1965,4.1377e+07,4.263e+07,4.3014e+07,4.3958e+07,4.4986e+07,4.1377e+07,4.263e+07,4.3014e+07,4.3958e+07,4.4986e+07,0,0,0,0,0,0.40136,0.42268,0.43436,0.44709,0.45866,2.3387,2.5681,2.6348,2.748,2.8938,7.0693e+05,7.9672e+05,8.3398e+05,8.5478e+05,9.1756e+05,3.9884e+05,4.1104e+05,4.1928e+05,4.4293e+05,4.6138e+05,78697,91509,1.0263e+05,1.1943e+05,1.3045e+05,39.192,118.98,252.37,1129.2,2691.3,3749.1,4276.6,4509.1,5018.3,5420.6,7.9963,12.371,14.673,21.104,27.859,60.933,61.919,63.861,64.181,64.509,66.189,67.175,69.117,69.437,69.765
1966,4.1564e+07,4.2876e+07,4.3279e+07,4.4246e+07,4.5353e+07,4.1564e+07,4.2876e+07,4.3279e+07,4.4246e+07,4.5353e+07,0,0,0,0,0,0.4071,0.42931,0.44066,0.45464,0.46554,2.2917,2.4279,2.5836,2.6529,2.8917,6.8636e+05,7.5277e+05,8.1139e+05,8.2711e+05,9.1243e+05,4.0058e+05,4.1411e+05,4.2293e+05,4.4482e+05,4.5718e+05,79181,87871,1.0107e+05,1.1212e+05,1.2786e+05,31.306,123.65,340.77,1380.9,2811.8,3898.6,4491.6,4827.5,5232.8,5556.9,9.0086,14.062,16.724,24.182,31.783,61.442,62.515,64.037,64.288,64.835,66.762,67.835,69.357,69.608,70.155
1967,4.1731e+07,4.3109e+07,4.3529e+07,4.4534e+07,4.5699e+07,4.1731e+07,4.3109e+07,4.3529e+07,4.4534e+07,4.5699e+07,0,0,0,0,0,0.41296,0.43593,0.44678,0.46169,0.47248,2.2755,2.3969,2.56,2.6193,2.7786,6.7625e+05,7.4447e+05,7.9959e+05,8.148e+05,8.8384e+05,4.0479e+05,4.1606e+05,4.2441e+05,4.4211e+05,4.5115e+05,78348,89525,99117,1.1177e+05,1.299e+05,32.559,117.55,385.93,1426.2,2932.8,4031.4,4563.9,4990.2,5409,5754.9,10.15,16.147,19.626,27.757,36.222,61.912,63.016,64.017,64.64,64.966,67.296,68.4,69.401,70.024,70.35
1968,4.1886e+07,4.3315e+07,4.3775e+07,4.4799e+07,4.605e+07,4.1886e+07,4.3315e+07,4.3775e+07,4.4799e+07,4.605e+07,0,0,0,0,0,0.41891,0.44252,0.45316,0.46864,0.47918,2.2603,2.401,2.4864,2.607,2.7855,6.7433e+05,7.3796e+05,7.8416e+05,8.1182e+05,8.8606e+05,4.0414e+05,4.1672e+05,4.3039e+05,4.4623e+05,4.5289e+05,75498,84934,1.0235e+05,1.1309e+05,1.2974e+05,34.082,128.97,450.01,1637.4,4079.2,4171.8,4689.6,5139.2,5544.1,6010.5,11.447,18.408,22.707,31.245,40.818,61.893,63.257,64.228,64.94,65.381,67.341,68.705,69.676,70.388,70.829
1969,4.2028e+07,4.3517e+07,4.3999e+07,4.5054e+07,4.6368e+07,4.2028e+07,4.3517e+07,4.3999e+07,4.5054e+07,4.6368e+07,0,0,0,0,0,0.42536,0.44892,0.45996,0.47539,0.48558,2.2279,2.3449,2.4259,2.5358,2.6575,6.5763e+05,7.2908e+05,7.6824e+05,7.9725e+05,8.5305e+05,4.0897e+05,4.1856e+05,4.3012e+05,4.4221e+05,4.5722e+05,73699,89148,98690,1.1014e+05,1.2819e+05,47.858,161.22,501.62,1414,3036.2,4407.9,4914.3,5371,5654.3,6029.7,13.192,20.784,26.349,35.184,45.268,62.467,63.55,64.332,65.163,65.701,67.979,69.062,69.844,70.675,71.213
1970,4.2162e+07,4.3709e+07,4.4231e+07,4.5305e+07,4.6677e+07,4.2162e+07,4.3709e+07,4.4231e+07,4.5305e+07,4.6677e+07,0,0,0,0,0,0.43266,0.4551,0.46699,0.4818,0.49204,2.1928,2.315,2.3787,2.5193,2.6316,6.4878e+05,7.2358e+05,7.5815e+05,7.9201e+05,8.5768e+05,4.1009e+05,4.1919e+05,4.3155e+05,4.4474e+05,4.6345e+05,70451,87659,99615,1.0963e+05,1.3038e+05,61.864,139.73,574.18,1331.8,3217.8,4457.1,5019.3,5580.2,5876.4,6274.4,15.893,23.154,30.483,39.814,50.55,62.71,63.933,64.695,65.409,65.893,68.286,69.509,70.271,70.985,71.469
1971,4.23e+07,4.3889e+07,4.4471e+07,4.5543e+07,4.6986e+07,4.23e+07,4.3889e+07,4.4471e+07,4.5543e+07,4.6986e+07,0,0,0,0,0,0.43965,0.46116,0.47391,0.48777,0.49803,2.1658,2.2482,2.3292,2.5078,2.5752,6.4429e+05,7.1078e+05,7.5773e+05,7.915e+05,8.5435e+05,4.0966e+05,4.1896e+05,4.3205e+05,4.4501e+05,4.6108e+05,73862,88188,97674,1.1173e+05,1.3094e+05,54.204,141.07,581.91,1742.7,2685.8,4534.1,5148.4,5634.8,6067.1,6343.8,17.431,25.853,35.089,44.772,55.489,62.889,64.223,65.072,65.748,66.296,68.529,69.863,70.712,71.388,71.936
1972,4.244e+07,4.4056e+07,4.4697e+07,4.5787e+07,4.7297e+07,4.244e+07,4.4056e+07,4.4697e+07,4.5787e+07,4.7297e+07,0,0,0,0,0,0.4457,0.46716,0.48086,0.49326,0.50455,2.1091,2.222,2.3094,2.4343,2.5274,6.4972e+05,7.1268e+05,7.5623e+05,7.8574e+05,8.5585e+05,4.1266e+05,4.1839e+05,4.3451e+05,4.4314e+05,4.6577e+05,71469,83685,95012,1.1371e+05,1.3117e+05,45.674,233.31,528.23,2420.3,5067,4606.3,5292.6,5752.2,6402.7,6786.1,18.861,28.672,40.078,49.94,62.63,62.995,64.555,65.726,66.038,66.485,68.699,70.259,71.43,71.742,72.189
1973,4.2568e+07,4.4238e+07,4.4923e+07,4.6016e+07,4.7623e+07,4.2568e+07,4.4238e+07,4.4923e+07,4.6016e+07,4.7623e+07,0,0,0,0,0,0.45078,0.4733,0.48695,0.49861,0.51023,2.0859,2.1751,2.2518,2.421,2.4854,6.454e+05,7.0578e+05,7.4807e+05,7.8978e+05,8.6032e+05,4.1868e+05,4.2047e+05,4.3674e+05,4.4635e+05,4.5782e+05,71574,85352,94768,1.1238e+05,1.3071e+05,48.448,271.37,740.99,2179.4,4772.9,4796.8,5552,6088.9,6623.4,6948.2,20.641,32.063,45.035,56.615,68.066,63.819,64.836,66.013,66.293,66.629,69.587,70.604,71.781,72.061,72.397
1974,4.2709e+07,4.4424e+07,4.517e+07,4.6263e+07,4.7929e+07,4.2709e+07,4.4424e+07,4.517e+07,4.6263e+07,4.7929e+07,0,0,0,0,0,0.4562,0.48027,0.49274,0.50428,0.51652,2.0534,2.1493,2.2103,2.4274,2.4675,6.4623e+05,7.1232e+05,7.5178e+05,8.1279e+05,8.5864e+05,4.1747e+05,4.3029e+05,4.4043e+05,4.4816e+05,4.6079e+05,68041,82552,94711,1.1177e+05,1.3248e+05,58.185,153.49,773.33,2936.1,8085.8,5054.5,5698.8,6387.3,6916.1,7270.4,22.985,37.432,50.009,65.14,76.422,64.304,64.976,65.818,66.717,66.932,70.136,70.808,71.65,72.549,72.764
1975,4.2856e+07,4.4624e+07,4.5412e+07,4.652e+07,4.8249e+07,4.2856e+07,4.4624e+07,4.5412e+07,4.652e+07,4.8249e+07,0,0,0,0,0,0.46238,0.48652,0.49961,0.50977,0.52299,2.0318,2.0997,2.203,2.3676,2.3906,6.5049e+05,7.1446e+05,7.622e+05,7.991e+05,8.5891e+05,4.2147e+05,4.3069e+05,4.4615e+05,4.5216e+05,4.6454e+05,53494,72204,86877,95730,1.1908e+05,91.239,164.26,921.76,2923.5,7291.5,5342.5,5851,6528,7152.4,7517.6,26.456,41.906,57.601,73.037,86.385,64.554,65.378,65.936,66.86,67.311,70.45,71.274,71.832,72.756,73.207
1976,4.2998e+07,4.4833e+07,4.5672e+07,4.676e+07,4.8588e+07,4.2998e+07,4.4833e+07,4.5672e+07,4.676e+07,4.8588e+07,0,0,0,0,0,0.46858,0.49243,0.50715,0.51573,0.52944,1.9709,2.0667,2.1636,2.3131,2.426,6.4175e+05,7.0874e+05,7.552e+05,8.0789e+05,8.8439e+05,4.2677e+05,4.3405e+05,4.474e+05,4.5308e+05,4.7298e+05,46883,64332,74934,84115,1.0573e+05,86.992,203.67,895.01,2934.6,9900.9,5522.7,6035.5,6633,7207.8,7786,30.269,46.213,63.568,79.74,97.188,64.706,65.306,66.226,67.059,67.506,70.666,71.266,72.186,73.019,73.466
1977,4.3164e+07,4.5037e+07,4.594e+07,4.7022e+07,4.8923e+07,4.3164e+07,4.5037e+07,4.594e+07,4.7022e+07,4.8923e+07,0,0,0,0,0,0.47446,0.49863,0.51425,0.52131,0.53575,1.9927,2.0305,2.1364,2.2952,2.3272,6.5061e+05,7.2026e+05,7.6779e+05,8.1267e+05,8.8138e+05,4.3662e+05,4.4033e+05,4.4664e+05,4.5834e+05,4.7202e+05,40859,57396,62738,75306,90277,88.728,374.5,1059.6,2554.4,12663,5655.2,6268.3,6690.1,7354,8030.8,34.015,51.778,68.941,85.084,108.57,65.097,65.825,66.526,67.243,67.464,71.121,71.849,72.55,73.267,73.488
1978,4.3325e+07,4.5267e+07,4.621e+07,4.7327e+07,4.929e+07,4.3325e+07,4.5267e+07,4.621e+07,4.7327e+07,4.929e+07,0,0,0,0,0,0.48051,0.50428,0.52113,0.52607,0.54167,1.9446,2.0285,2.0972,2.2783,2.3434,6.5028e+05,7.2504e+05,7.6302e+05,8.2396e+05,9.0273e+05,4.3484e+05,4.463e+05,4.5513e+05,4.633e+05,4.7162e+05,32512,49180,54103,64375,77037,93.697,302.07,824.36,3307.9,10571,5790.6,6328.7,6791.2,7491.4,8156.7,38.567,56.679,74.087,92.76,119.39,65.452,66.014,66.608,67.356,67.795,71.54,72.102,72.696,73.444,73.883
1979,4.3487e+07,4.5488e+07,4.6493e+07,4.7624e+07,4.9656e+07,4.3487e+07,4.5488e+07,4.6493e+07,4.7624e+07,4.9656e+07,0,0,0,0,0,0.48581,0.5093,0.52632,0.53097,0.54713,1.9095,2.0015,2.0748,2.2645,2.3184,6.4878e+05,7.2822e+05,7.721e+05,8.3634e+05,9.0688e+05,4.3391e+05,4.4781e+05,4.5673e+05,4.6609e+05,4.832e+05,33981,48776,57495,66443,81116,87.179,276.54,808.15,3426.7,9248.8,5840.6,6472.9,6947.4,7707.7,8251.6,42.453,62.288,79.867,104.34,129.45,65.332,66.344,66.847,67.582,68.194,71.484,72.496,72.999,73.734,74.346
1980,4.3641e+07,4.5703e+07,4.676e+07,4.7924e+07,5.0015e+07,4.3641e+07,4.5703e+07,4.676e+07,4.7924e+07,5.0015e+07,0,0,0,0,0,0.49086,0.51437,0.53133,0.53739,0.55246,1.8946,1.9433,2.0658,2.2239,2.2777,6.5001e+05,7.2207e+05,7.7598e+05,8.3637e+05,9.1261e+05,4.3951e+05,4.5305e+05,4.612e+05,4.6779e+05,4.8417e+05,34958,51377,59844,70144,82662,103.93,293.39,845.61,3194.9,11648,5915.1,6615.4,7026,7785.3,8471.1,47.47,68.713,85.271,114.91,140.08,65.703,66.555,67.001,67.717,68.102,71.919,72.771,73.217,73.933,74.318
1981,4.3796e+07,4.5926e+07,4.7028e+07,4.8216e+07,5.0379e+07,4.3796e+07,4.5926e+07,4.7028e+07,4.8216e+07,5.0379e+07,0,0,0,0,0,0.49595,0.52001,0.53582,0.54347,0.55733,1.8853,1.9489,2.0714,2.2254,2.2845,6.5366e+05,7.1979e+05,7.8217e+05,8.4336e+05,9.2102e+05,4.4521e+05,4.6263e+05,4.6839e+05,4.7485e+05,4.8542e+05,37167,52894,61471,72275,84089,112.91,351.49,935.48,3909.3,10093,6059.4,6876.4,7199.1,8023.6,8544.9,51.778,74.765,90.745,124.17,149.82,66.013,66.709,67.021,67.675,68.31,72.293,72.989,73.301,73.955,74.59
1982,4.3948e+07,4.6138e+07,4.7286e+07,4.8508e+07,5.0743e+07,4.3948e+07,4.6138e+07,4.7287e+07,4.8508e+07,5.0743e+07,0,0,0,0,0,0.50131,0.52551,0.54022,0.54861,0.56248,1.8754,1.9056,2.1012,2.2066,2.2361,6.6122e+05,7.1318e+05,7.9458e+05,8.3318e+05,9.283e+05,4.5321e+05,4.6548e+05,4.7176e+05,4.7535e+05,4.8876e+05,38959,55104,64368,74885,86296,109.96,304.14,1120.7,3337.8,15177,6135.7,6846.1,7386.3,8190.5,8982.2,55.036,79.617,96.482,129.98,162.31,66.106,66.945,67.23,67.886,68.326,72.45,73.289,73.574,74.23,74.67
1983,4.4094e+07,4.6339e+07,4.758e+07,4.8784e+07,5.1095e+07,4.4094e+07,4.6339e+07,4.758e+07,4.8784e+07,5.1095e+07,0,0,0,0,0,0.5066,0.53139,0.54455,0.55398,0.56781,1.8428,1.9178,2.0557,2.1706,2.2247,6.5012e+05,7.2039e+05,7.7854e+05,8.3725e+05,9.1887e+05,4.5791e+05,4.6545e+05,4.7544e+05,4.8087e+05,5.0441e+05,36457,53104,65631,77462,88914,95.057,369.3,1110.7,4802,20809,6228,6976.7,7733.8,8603.4,9393.5,57.752,84.719,104.17,140.55,176.97,66.135,67.139,67.567,67.993,68.626,72.543,73.547,73.975,74.401,75.034
1984,4.4208e+07,4.6534e+07,4.7855e+07,4.9047e+07,5.1425e+07,4.4208e+07,4.6534e+07,4.7855e+07,4.9047e+07,5.1425e+07,0,0,0,0,0,0.51181,0.5358,0.54854,0.55839,0.57215,1.8474,1.8883,2.0204,2.1531,2.2546,6.36e+05,7.0573e+05,7.6609e+05,8.3513e+05,9.182e+05,4.6005e+05,4.6776e+05,4.7457e+05,4.8771e+05,5.0834e+05,41485,53086,67943,80313,91146,95.909,320.72,1255.3,3601.7,15484,6224.1,7050,7922.6,8559,9252.1,60.576,89.624,113.49,152.11,186.98,66.253,67.053,67.648,68.415,68.696,72.725,73.525,74.12,74.887,75.168
1985,4.4319e+07,4.6741e+07,4.8115e+07,4.9304e+07,5.1754e+07,4.4319e+07,4.6741e+07,4.8115e+07,4.9304e+07,5.1754e+07,0,0,0,0,0,0.51572,0.53941,0.55249,0.56293,0.57674,1.8071,1.8663,2.007,2.1801,2.254,6.2314e+05,7.0094e+05,7.4615e+05,8.4952e+05,9.17e+05,4.5487e+05,4.7062e+05,4.7843e+05,4.8798e+05,5.1427e+05,38977,56074,68610,80448,93340,127.87,345.49,1458.1,5777.4,14532,6530.9,7154.1,8049.9,8989.2,9411.3,65.298,94.611,123.51,166.44,199.81,66.275,67.298,67.934,68.846,69.03,72.811,73.834,74.47,75.382,75.566
1986,4.4429e+07,4.6935e+07,4.8301e+07,4.9566e+07,5.2082e+07,4.4429e+07,4.6935e+07,4.8301e+07,4.9566e+07,5.2082e+07,0,0,0,0,0,0.51884,0.54296,0.55629,0.56688,0.58093,1.801,1.8598,2.0155,2.1398,2.2294,6.2402e+05,6.9058e+05,7.6229e+05,8.1861e+05,9.0993e+05,4.5683e+05,4.673e+05,4.7999e+05,4.8941e+05,5.1307e+05,37871,60552,70769,83191,96591,132.98,307.76,1410.3,6174.1,17982,6594.2,7394.7,8141.7,9218.9,9696.2,69.793,100.07,131.46,179.1,213.59,66.635,67.341,68.143,69.072,69.351,73.235,73.941,74.743,75.672,75.951
1987,4.4514e+07,4.7111e+07,4.8481e+07,4.9812e+07,5.2414e+07,4.4514e+07,4.7111e+07,4.8481e+07,4.9812e+07,5.2414e+07,0,0,0,0,0,0.52249,0.54669,0.55974,0.57114,0.5844,1.7928,1.8577,1.9939,2.1393,2.2004,6.0778e+05,6.8386e+05,7.4289e+05,8.231e+05,9.0397e+05,4.5837e+05,4.7082e+05,4.812e+05,4.9153e+05,5.0515e+05,39014,57892,74592,85606,96799,155.14,298.38,1288.6,7377.7,15620,6883.7,7673,8265.2,9484.1,9960.3,76.693,106.95,140.09,193.26,224.4,67.176,67.647,68.54,69.314,69.687,73.736,74.207,75.1,75.874,76.247
1988,4.4609e+07,4.7248e+07,4.8638e+07,5.0048e+07,5.2712e+07,4.4609e+07,4.7248e+07,4.8638e+07,5.0048e+07,5.2712e+07,0,0,0,0,0,0.52645,0.54992,0.56314,0.57626,0.58769,1.7797,1.8424,1.9747,2.1058,2.1967,6.0368e+05,6.6272e+05,7.2237e+05,8.1184e+05,8.7252e+05,4.585e+05,4.715e+05,4.7901e+05,4.9013e+05,5.0698e+05,38549,60891,77610,89817,1.0016e+05,128.98,232.49,1290.6,7149.7,18318,7101.1,7625.2,8472.8,9590.7,10212,83.233,112.19,151.74,207.46,233.43,67.452,68.058,68.918,69.639,69.994,73.972,74.578,75.438,76.159,76.514
1989,4.4678e+07,4.7351e+07,4.8772e+07,5.0278e+07,5.3001e+07,4.4678e+07,4.7351e+07,4.8772e+07,5.0278e+07,5.3001e+07,0,0,0,0,0,0.5299,0.5529,0.5668,0.58106,0.59081,1.7285,1.844,1.9777,2.0899,2.1928,5.9814e+05,6.4896e+05,7.2122e+05,7.9782e+05,8.6311e+05,4.6453e+05,4.7046e+05,4.8204e+05,4.9306e+05,5.0362e+05,42911,62323,80121,87860,1.0293e+05,110.02,197.81,1592.1,5545.1,18653,7007.1,7649.4,8631.2,9549.1,10445,88.046,116.99,162.66,217.31,242.67,67.621,68.395,69.464,69.871,70.155,74.101,74.875,75.944,76.351,76.635
1990,4.4703e+07,4.7467e+07,4.8906e+07,5.0494e+07,5.3275e+07,4.4703e+07,4.7467e+07,4.8906e+07,5.0494e+07,5.3275e+07,0,0,0,0,0,0.53315,0.55573,0.57033,0.58531,0.5939,1.7492,1.8138,1.9611,2.0892,2.1994,5.7278e+05,6.4165e+05,7.0856e+05,7.8851e+05,8.6505e+05,4.6394e+05,4.7349e+05,4.8454e+05,4.9124e+05,5.0978e+05,45254,58655,81158,92370,1.0548e+05,92.015,171.3,1687.8,5100.2,19748,6952.5,7825.9,8913.5,9851.1,10562,91.697,121.64,172.73,229.02,253.5,68.035,68.769,69.618,69.976,70.528,74.475,75.209,76.058,76.416,76.968
1991,4.4729e+07,4.7558e+07,4.903e+07,5.0702e+07,5.353e+07,4.4729e+07,4.7558e+07,4.903e+07,5.0702e+07,5.353e+07,0,0,0,0,0,0.53663,0.55879,0.57381,0.58952,0.59719,1.7283,1.7728,1.9268,2.0604,2.1607,5.6962e+05,6.157e+05,6.7996e+05,7.9198e+05,8.3036e+05,4.6555e+05,4.7412e+05,4.7852e+05,4.8464e+05,4.9585e+05,43789,57820,82771,95907,1.0692e+05,74.508,135.16,1662.1,6317.3,20536,7130.8,7821.9,8965.1,10215,10675,94.326,129.1,180.26,241.77,270.11,68.494,69.339,70.028,70.32,71.011,74.894,75.739,76.428,76.72,77.411
1992,4.4747e+07,4.765e+07,4.913e+07,5.0883e+07,5.3775e+07,4.4747e+07,4.765e+07,4.913e+07,5.0883e+07,5.3775e+07,0,0,0,0,0,0.54033,0.56284,0.57754,0.59334,0.60078,1.665,1.7879,1.9343,2.0402,2.1915,5.5486e+05,6.0743e+05,6.7936e+05,7.8855e+05,8.2742e+05,4.6875e+05,4.7334e+05,4.7958e+05,4.8242e+05,4.9103e+05,43847,52809,82036,91605,1.086e+05,94.275,156.66,1914.9,8500.5,26876,7361.7,8060,9361.4,10345,11104,100.29,140.03,189.01,254,286.54,68.817,69.809,70.344,70.627,71.046,75.177,76.169,76.704,76.987,77.406
1993,4.4769e+07,4.7744e+07,4.9229e+07,5.1075e+07,5.4005e+07,4.4769e+07,4.7744e+07,4.9229e+07,5.1075e+07,5.4005e+07,0,0,0,0,0,0.5436,0.56703,0.58117,0.59684,0.60432,1.6921,1.7976,1.9415,2.0476,2.1298,5.562e+05,6.0961e+05,6.7034e+05,7.5662e+05,8.1381e+05,4.6515e+05,4.7249e+05,4.7698e+05,4.8834e+05,4.9386e+05,44000,54309,78622,93025,1.0957e+05,71.463,259.98,2312.7,7408.4,24624,7360.6,8568.2,9555.5,10436,11335,102.68,146.3,200.08,265.78,299.1,68.751,70.084,70.61,71.157,71.433,75.071,76.404,76.93,77.477,77.753
1994,4.4777e+07,4.7844e+07,4.9302e+07,5.1254e+07,5.423e+07,4.4777e+07,4.7844e+07,4.9302e+07,5.1254e+07,5.423e+07,0,0,0,0,0,0.54658,0.57096,0.58458,0.6002,0.60758,1.6808,1.7875,1.9297,2.042,2.133,5.4321e+05,5.9443e+05,6.6216e+05,7.5685e+05,8.0857e+05,4.6154e+05,4.7265e+05,4.7986e+05,4.871e+05,4.9835e+05,38749,53555,79258,89871,1.058e+05,58.069,295.94,2080.5,8853.5,29940,7374.4,8798.4,9662.8,10697,11740,107.52,155.78,211.74,278.31,312.27,69.188,70.184,70.876,71.441,71.826,75.468,76.464,77.156,77.721,78.106
1995,4.4783e+07,4.7957e+07,4.9362e+07,5.1462e+07,5.4434e+07,4.4783e+07,4.7957e+07,4.9362e+07,5.1462e+07,5.4434e+07,0,0,0,0,0,0.5498,0.5739,0.58799,0.60412,0.61128,1.6771,1.7678,1.9126,2.0415,2.1268,5.3079e+05,5.9395e+05,6.5561e+05,7.5382e+05,7.903e+05,4.6169e+05,4.7799e+05,4.8235e+05,4.9145e+05,5.0864e+05,33644,55086,75746,88333,1.0537e+05,69.586,298.52,2360.7,11449,56777,7640.3,8873.4,9934.2,11089,12574,113.91,166.98,224.32,292.07,332.96,68.871,70.502,71.093,71.667,72.067,75.111,76.742,77.333,77.907,78.307
1996,4.4757e+07,4.8054e+07,4.9417e+07,5.1707e+07,5.4629e+07,4.4757e+07,4.8054e+07,4.9417e+07,5.1707e+07,5.4629e+07,0,0,0,0,0,0.55289,0.57647,0.59119,0.60694,0.61534,1.6249,1.741,1.8927,2.0193,2.1299,5.181e+05,5.714e+05,6.3877e+05,7.4341e+05,7.8766e+05,4.5533e+05,4.7884e+05,4.8269e+05,4.8743e+05,5.0559e+05,31142,57346,73848,89436,1.0349e+05,66.953,319.74,2102.2,10155,66378,7730.8,9172.6,10037,11129,12970,120.19,178.33,236.03,300.84,354.71,69.138,71.035,71.448,71.962,72.679,75.338,77.235,77.648,78.162,78.879
1997,4.4734e+07,4.8146e+07,4.947e+07,5.1925e+07,5.4817e+07,4.4734e+07,4.8146e+07,4.947e+07,5.1925e+07,5.4817e+07,0,0,0,0,0,0.55565,0.57967,0.59466,0.60924,0.61841,1.6408,1.7289,1.8897,1.9941,2.0873,5.1141e+05,5.6206e+05,6.3726e+05,7.2722e+05,7.7991e+05,4.4886e+05,4.6957e+05,4.7959e+05,4.8652e+05,4.9995e+05,39735,60368,72528,87669,1.0345e+05,52.713,320.56,1962.8,9812.1,48017,7714.1,9372.4,10354,11333,12872,125.35,190.39,250.45,306.7,373.78,69.786,71.466,71.839,72.396,73.033,75.946,77.626,77.999,78.556,79.193
1998,4.4701e+07,4.8233e+07,4.9517e+07,5.2157e+07,5.5009e+07,4.4701e+07,4.8233e+07,4.9517e+07,5.2157e+07,5.5009e+07,0,0,0,0,0,0.55902,0.583,0.5981,0.61219,0.62161,1.649,1.7209,1.8885,1.9957,2.0959,5.1392e+05,5.6151e+05,6.2798e+05,7.3582e+05,7.8222e+05,4.5249e+05,4.7334e+05,4.7984e+05,4.865e+05,5.0142e+05,41192,56283,71056,88814,1.0227e+05,87.428,367.06,2163,6512.3,46808,8204.2,9653.7,10787,11204,13013,134.21,203.41,265.24,320.44,390.6,70.242,71.697,72.19,72.636,73.167,76.362,77.817,78.31,78.756,79.287
1999,4.4659e+07,4.8239e+07,4.9562e+07,5.2389e+07,5.518e+07,4.4659e+07,4.8239e+07,4.9562e+07,5.2389e+07,5.518e+07,0,0,0,0,0,0.56236,0.58645,0.60149,0.61515,0.62517,1.6381,1.6983,1.8762,2.0013,2.087,5.1256e+05,5.5069e+05,6.205e+05,7.3737e+05,7.7641e+05,4.5665e+05,4.7846e+05,4.8724e+05,4.92e+05,4.9932e+05,39840,56474,72786,87976,1.0182e+05,86.692,457.02,2544.5,7738.4,49069,8354.6,9751.1,10872,11616,13276,143.14,218.01,280.17,338.1,405.8,70.411,71.921,72.418,72.64,73.352,76.491,78.001,78.498,78.72,79.432
2000,4.4616e+07,4.8242e+07,4.9608e+07,5.2625e+07,5.5351e+07,4.4616e+07,4.8242e+07,4.9608e+07,5.2625e+07,5.5351e+07,0,0,0,0,0,0.56586,0.58999,0.60481,0.61794,0.62809,1.5957,1.7118,1.8637,1.9909,2.095,5.0446e+05,5.4994e+05,6.1173e+05,7.4596e+05,7.7139e+05,4.6597e+05,4.7582e+05,4.8707e+05,4.9325e+05,4.9926e+05,35081,57779,71261,86798,99719,97.847,542.2,3035.1,11355,39956,8627.7,10168,11243,12253,13374,153.28,233.62,295.28,358.9,417.11,70.942,72.162,72.656,73.01,73.378,76.982,78.202,78.696,79.05,79.418
2001,4.4559e+07,4.8233e+07,4.9653e+07,5.2846e+07,5.5527e+07,4.4559e+07,4.8233e+07,4.9653e+07,5.2846e+07,5.5527e+07,0,0,0,0,0,0.56945,0.59337,0.60804,0.62115,0.63089,1.5739,1.7073,1.8555,1.9821,2.0482,4.9893e+05,5.4397e+05,6.1152e+05,7.3621e+05,7.703e+05,4.6111e+05,4.7958e+05,4.8933e+05,4.9924e+05,5.0551e+05,35202,54318,70941,87119,93931,114.86,474.79,3285,12530,41872,8868.1,10322,11586,12816,13503,164.14,247.94,309.99,377.45,428.33,71.209,72.373,72.866,73.198,73.689,77.209,78.373,78.866,79.198,79.689
2002,4.45e+07,4.8235e+07,4.9691e+07,5.3069e+07,5.5693e+07,4.45e+07,4.8235e+07,4.9691e+07,5.3069e+07,5.5693e+07,0,0,0,0,0,0.57293,0.59703,0.61092,0.62478,0.63376,1.5582,1.6818,1.8304,1.9589,2.0791,4.9636e+05,5.2652e+05,5.9891e+05,7.2947e+05,7.7729e+05,4.5944e+05,4.7814e+05,4.8713e+05,4.9952e+05,5.1071e+05,35875,52427,67404,86237,94272,140.13,627.54,3241.3,11670,47615,9041.2,10651,11744,12796,13931,174.66,262.73,324.8,392.18,441.04,71.797,72.686,73.135,73.484,73.994,77.757,78.646,79.095,79.444,79.954
2003,4.4443e+07,4.8239e+07,4.9729e+07,5.3299e+07,5.584e+07,4.4443e+07,4.8239e+07,4.9729e+07,5.3299e+07,5.584e+07,0,0,0,0,0,0.57626,0.60046,0.61377,0.62826,0.63651,1.589,1.6928,1.8335,1.9448,2.0394,5.0051e+05,5.398e+05,5.9728e+05,7.2127e+05,7.6501e+05,4.5919e+05,4.7934e+05,4.8869e+05,4.9834e+05,5.1042e+05,35844,52325,68081,85095,95163,168.18,554.46,4293.6,13415,48754,9320.9,10762,12365,13155,14219,184.66,274.63,342.89,406.76,453.41,72.26,72.959,73.489,73.77,74.21,78.18,78.879,79.409,79.69,80.13
2004,4.4368e+07,4.8225e+07,4.976e+07,5.3519e+07,5.6005e+07,4.4368e+07,4.8225e+07,4.976e+07,5.3519e+07,5.6005e+07,0,0,0,0,0,0.57959,0.60379,0.6165,0.63174,0.63933,1.546,1.6701,1.8329,1.9483,2.0541,4.8721e+05,5.3003e+05,6.0511e+05,7.2959e+05,7.7012e+05,4.6305e+05,4.8062e+05,4.8676e+05,5.0234e+05,5.1329e+05,32322,50395,70541,83985,94275,153.61,657.54,4029.6,14356,61338,9448.4,10986,12415,13439,14743,195.35,287.98,358.69,420.34,466.55,72.499,73.043,73.898,74.178,74.33,78.379,78.923,79.778,80.058,80.21
2005,4.4299e+07,4.8218e+07,4.9781e+07,5.374e+07,5.6163e+07,4.4299e+07,4.8218e+07,4.9781e+07,5.374e+07,5.6163e+07,0,0,0,0,0,0.58296,0.60747,0.61942,0.63507,0.64225,1.538,1.6923,1.8076,1.9429,2.0566,4.8896e+05,5.3129e+05,5.9889e+05,7.3173e+05,7.6626e+05,4.6584e+05,4.8716e+05,4.9389e+05,5.0517e+05,5.1673e+05,35061,46992,68973,83750,91345,182.01,647.68,3855.2,14292,61757,9760.5,11154,12613,13852,15057,207,299.27,373.75,435.34,481.09,72.611,73.247,74.185,74.246,74.53,78.451,79.087,80.025,80.086,80.37
2006,4.4238e+07,4.8196e+07,4.985e+07,5.3986e+07,5.6293e+07,4.4238e+07,4.8196e+07,4.985e+07,5.3986e+07,5.6293e+07,0,0,0,0,0,0.58632,0.61115,0.6223,0.63828,0.64527,1.5755,1.6414,1.7975,1.9191,2.0058,4.8748e+05,5.2185e+05,5.9467e+05,7.096e+05,7.712e+05,4.6703e+05,4.8325e+05,4.9653e+05,5.0417e+05,5.1724e+05,31857,41025,65346,84894,97436,126.42,1011.7,3786.7,17983,63009,9827.7,11654,12690,14406,15494,219.25,314.31,385.82,451.72,496.57,73.028,73.815,74.294,74.472,74.985,78.828,79.615,80.094,80.272,80.785
2007,4.419e+07,4.8175e+07,4.9943e+07,5.4208e+07,5.6443e+07,4.419e+07,4.8175e+07,4.9943e+07,5.4208e+07,5.6443e+07,0,0,0,0,0,0.58951,0.61444,0.6249,0.6413,0.64778,1.5563,1.6561,1.8046,1.9057,2.03,4.7897e+05,5.2507e+05,6.0174e+05,7.315e+05,7.6573e+05,4.5988e+05,4.845e+05,4.9614e+05,5.0325e+05,5.0962e+05,31216,47460,64747,86779,93380,134.78,869.86,2622,24089,55055,9957.1,12039,12942,14857,15599,230.94,328.09,399.4,470.56,508.94,73.565,74.148,74.676,74.722,75.205,79.325,79.908,80.436,80.482,80.965
2008,4.4141e+07,4.8151e+07,5.0025e+07,5.4421e+07,5.6586e+07,4.4141e+07,4.8151e+07,5.0025e+07,5.4421e+07,5.6586e+07,0,0,0,0,0,0.59286,0.61754,0.62762,0.64419,0.65025,1.55,1.6326,1.8241,1.8834,2.0237,4.8119e+05,5.1724e+05,5.9466e+05,7.1527e+05,7.6099e+05,4.6382e+05,4.7933e+05,4.8978e+05,5.0006e+05,5.11e+05,32247,46029,64049,83416,93055,127.93,1086.7,4249.4,22512,52685,10331,12184,13524,15135,15835,244.54,344.16,415.26,486.73,521.16,73.761,74.448,75.122,75.312,75.659,79.481,80.168,80.842,81.032,81.379
2009,4.4084e+07,4.8128e+07,5.0116e+07,5.463e+07,5.6719e+07,4.4084e+07,4.8128e+07,5.0116e+07,5.463e+07,5.6719e+07,0,0,0,0,0,0.59605,0.62035,0.63043,0.64684,0.65273,1.5447,1.6359,1.814,1.8731,1.9974,4.8083e+05,5.1733e+05,5.9438e+05,7.2044e+05,7.592e+05,4.7043e+05,4.7588e+05,4.8417e+05,5.0769e+05,5.1889e+05,30674,42763,64674,77326,92568,134.58,1035.3,6455.4,21656,66868,10475,12466,13905,15241,16310,257.5,360.18,431.38,500.99,534.83,74.031,74.541,75.286,75.798,76.001,79.711,80.221,80.966,81.478,81.681
2010,4.4019e+07,4.8113e+07,5.0203e+07,5.4871e+07,5.6849e+07,4.4019e+07,4.8113e+07,5.0203e+07,5.4871e+07,5.6849e+07,0,0,0,0,0,0.59921,0.62301,0.63313,0.64964,0.65574,1.545,1.634,1.7948,1.8823,2.0442,4.7197e+05,5.0893e+05,6.0023e+05,7.2423e+05,7.7056e+05,4.5769e+05,4.8616e+05,4.943e+05,5.1199e+05,5.2751e+05,22884,39905,61678,76325,94316,172.41,916.66,6039.2,28018,88914,10762,12720,13933,15781,16846,271.23,374.56,445.29,515.22,550.07,74.179,74.771,75.27,75.996,76.322,79.819,80.411,80.91,81.636,81.962
2011,4.3954e+07,4.8099e+07,5.0295e+07,5.5104e+07,5.6971e+07,4.3954e+07,4.8099e+07,5.0295e+07,5.5104e+07,5.6972e+07,0,0,0,0,0,0.60236,0.62562,0.63552,0.65212,0.6589,1.5404,1.6263,1.7686,1.9033,2.0161,4.6528e+05,5.0583e+05,5.9196e+05,7.1179e+05,7.7124e+05,4.6191e+05,4.8839e+05,5.0061e+05,5.1391e+05,5.3186e+05,19499,44814,59212,76907,94775,193.47,1130.1,4995.6,28776,1.0205e+05,11006,12982,13869,15755,17252,285.26,386.34,455.14,528.64,563.93,74.388,75.02,75.614,76.066,76.57,79.988,80.62,81.214,81.666,82.17
2012,4.389e+07,4.8088e+07,5.0402e+07,5.5316e+07,5.7082e+07,4.389e+07,4.8088e+07,5.0402e+07,5.5316e+07,5.7082e+07,0,0,0,0,0,0.60554,0.62835,0.6378,0.65434,0.66127,1.5377,1.6329,1.7724,1.8921,2.0043,4.6824e+05,5.0556e+05,5.997e+05,7.0369e+05,7.6693e+05,4.644e+05,4.9139e+05,5.067e+05,5.175e+05,5.2885e+05,24446,45987,59088,76745,90765,247.98,1427.3,5011.5,24830,85362,11341,13304,13916,15739,16972,300.29,401.88,465.35,539.61,573.87,74.702,75.292,75.85,76.4,76.738,80.266,80.856,81.414,81.963,82.302
2013,4.3826e+07,4.8065e+07,5.0499e+07,5.5518e+07,5.7165e+07,4.3826e+07,4.8065e+07,5.0499e+07,5.5518e+07,5.7165e+07,0,0,0,0,0,0.60852,0.63088,0.64003,0.65627,0.66331,1.5256,1.6158,1.7622,1.8523,1.9953,4.5993e+05,4.9872e+05,5.8739e+05,6.9986e+05,7.6174e+05,4.6257e+05,4.9427e+05,5.139e+05,5.2286e+05,5.3447e+05,21791,40884,61162,75637,86704,252.56,1587.6,4782.7,28736,74482,11460,13620,14237,15784,17011,314.18,418.08,476.18,547.79,581.99,74.846,75.447,76.035,76.419,77.267,80.373,80.975,81.562,81.947,82.794
2014,4.3738e+07,4.8058e+07,5.0598e+07,5.5726e+07,5.729e+07,4.3738e+07,4.8058e+07,5.0598e+07,5.5726e+07,5.729e+07,0,0,0,0,0,0.61162,0.63308,0.64206,0.65816,0.66488,1.5232,1.6287,1.7402,1.8598,2.027,4.5647e+05,4.9698e+05,5.8681e+05,6.8766e+05,7.7063e+05,4.5867e+05,4.8805e+05,5.1792e+05,5.2631e+05,5.457e+05,24356,47739,59336,73708,84850,521.1,1308.2,5582.2,25531,68214,11936,13589,14477,15910,17081,329.58,433.88,486.91,556.06,587.27,75.068,75.601,76.275,76.865,77.422,80.559,81.092,81.766,82.355,82.913
2015,4.3668e+07,4.8037e+07,5.068e+07,5.5959e+07,5.7409e+07,4.3668e+07,4.8037e+07,5.068e+07,5.5959e+07,5.7409e+07,0,0,0,0,0,0.61456,0.63524,0.64389,0.66012,0.66651,1.5304,1.6123,1.7315,1.8188,1.9953,4.5142e+05,4.9879e+05,5.7815e+05,6.7442e+05,7.6059e+05,4.6467e+05,4.9553e+05,5.1267e+05,5.1993e+05,5.5663e+05,21696,40116,57425,72304,89694,422.34,1645.6,8417.7,30375,85040,12014,13644,15013,16318,17643,344,448.09,499.19,565,593.46,75.275,76.026,76.652,77.003,77.846,80.729,81.481,82.106,82.458,83.3
2016,4.3593e+07,4.8023e+07,5.0769e+07,5.6205e+07,5.753e+07,4.3593e+07,4.8023e+07,5.0769e+07,5.6205e+07,5.753e+07,0,0,0,0,0,0.61752,0.63752,0.64609,0.66213,0.66798,1.512,1.6261,1.7181,1.8442,2.0061,4.4094e+05,4.9124e+05,5.6636e+05,6.7695e+05,7.618e+05,4.6087e+05,4.9895e+05,5.1047e+05,5.196e+05,5.5648e+05,19005,43642,56503,68813,86462,536.77,1872,9041.3,34092,85038,12313,13961,15203,16497,17795,359.49,462.1,510.68,574.43,601.01,75.593,76.382,76.818,77.224,78.238,81.011,81.8,82.237,82.642,83.656
2017,4.3518e+07,4.799e+07,5.0827e+07,5.6425e+07,5.7647e+07,4.3518e+07,4.799e+07,5.0827e+07,5.6425e+07,5.7647e+07,0,0,0,0,0,0.62019,0.63992,0.64806,0.66388,0.66965,1.5362,1.6189,1.7003,1.8211,1.9982,4.3492e+05,4.8752e+05,5.7127e+05,6.6862e+05,7.5607e+05,4.5949e+05,5.128e+05,5.1746e+05,5.2677e+05,5.5382e+05,19837,43823,56911,68678,85540,513.44,1994.8,8312,36202,70738,12318,14202,15211,16770,17757,372.63,472.29,520.46,582.62,607.77,75.722,76.568,76.96,77.383,78.35,81.104,81.95,82.342,82.764,83.732
2018,4.3458e+07,4.795e+07,5.089e+07,5.6632e+07,5.7743e+07,4.3458e+07,4.795e+07,5.089e+07,5.6632e+07,5.7743e+07,0,0,0,0,0,0.62264,0.64212,0.6501,0.66562,0.67155,1.5453,1.5951,1.7191,1.8252,1.9699,4.3201e+05,4.7395e+05,5.6282e+05,6.7248e+05,7.4195e+05,4.7293e+05,5.0173e+05,5.1947e+05,5.3364e+05,5.5911e+05,15688,41704,56758,69671,85435,477.68,1681.6,11196,38410,91435,12423,13827,15631,17173,18357,384.45,477.89,530.96,590.69,612.8,75.936,76.822,77.232,77.58,78.223,81.281,82.167,82.577,82.925,83.568
2019,4.3396e+07,4.7903e+07,5.094e+07,5.6834e+07,5.7845e+07,4.3396e+07,4.7903e+07,5.094e+07,5.6834e+07,5.7845e+07,0,0,0,0,0,0.62461,0.64419,0.65203,0.66741,0.67364,1.5213,1.6061,1.6956,1.8353,2.0013,4.3002e+05,4.7169e+05,5.5929e+05,6.4733e+05,7.4876e+05,4.7689e+05,5.0702e+05,5.2504e+05,5.3373e+05,5.5524e+05,14637,40464,54802,68049,87849,274.43,1417,10604,45511,79526,12007,13999,15813,17504,18669,392.06,482.71,540.84,598.4,618.84,76.374,77.036,77.318,77.747,78.534,81.683,82.345,82.627,83.057,83.843
2020,4.3354e+07,4.7835e+07,5.0997e+07,5.7001e+07,5.7929e+07,4.3354e+07,4.7835e+07,5.0997e+07,5.7001e+07,5.7929e+07,0,0,0,0,0,0.62664,0.6461,0.65393,0.66919,0.67603,1.5247,1.59,1.6878,1.8008,1.9883,4.2393e+05,4.6187e+05,5.5161e+05,6.4026e+05,7.4066e+05,4.7942e+05,5.123e+05,5.2785e+05,5.372e+05,5.4718e+05,8642.9,33609,54499,68217,87761,312.58,1228.5,13853,58269,1.0668e+05,11979,14002,16069,17888,19598,401.23,489.33,550.35,604.81,628.58,76.699,77.438,77.776,77.864,78.508,81.972,82.711,83.049,83.137,83.781
2021,4.3324e+07,4.7729e+07,5.1055e+07,5.7162e+07,5.8008e+07,4.3324e+07,4.7729e+07,5.1055e+07,5.7162e+07,5.8008e+07,0,0,0,0,0,0.62924,0.64804,0.65558,0.67105,0.67834,1.5147,1.5896,1.7116,1.8081,1.9808,4.1207e+05,4.5574e+05,5.4477e+05,6.3045e+05,7.3359e+05,4.7183e+05,5.1378e+05,5.3009e+05,5.3721e+05,5.4735e+05,8186.6,25752,51091,68883,85409,331.78,1485.5,11768,63278,1.1255e+05,12188,14471,15997,17876,19927,416.84,497.04,558.05,611.66,637.59,77.083,77.839,78.078,78.251,78.412,82.319,83.075,83.315,83.487,83.648
2022,4.3281e+07,4.7636e+07,5.1096e+07,5.7233e+07,5.8081e+07,4.3281e+07,4.7636e+07,5.1096e+07,5.7233e+07,5.8081e+07,0,0,0,0,0,0.63169,0.64955,0.65732,0.67252,0.68018,1.5229,1.5758,1.6843,1.8088,1.9425,4.0771e+05,4.5071e+05,5.3574e+05,6.3563e+05,7.1527e+05,4.819e+05,5.0987e+05,5.222e+05,5.3004e+05,5.4618e+05,11329,28367,52874,69805,85737,392.43,1857.7,15668,48295,1.2887e+05,12470,14567,16361,18154,19527,424.62,507.22,566.57,618.12,644.35,77.164,77.997,78.502,78.68,78.934,82.364,83.197,83.702,83.88,84.134
2023,4.3226e+07,4.7506e+07,5.1125e+07,5.7275e+07,5.8234e+07,4.3226e+07,4.7506e+07,5.1125e+07,5.7275e+07,5.8234e+07,0,0,0,0,0,0.63415,0.65097,0.65886,0.67385,0.68189,1.5056,1.6024,1.6997,1.8237,1.9401,4.0238e+05,4.4403e+05,5.4425e+05,6.2803e+05,7.1022e+05,4.8299e+05,5.1281e+05,5.2235e+05,5.3223e+05,5.4952e+05,11485,26530,59023,69838,85951,416.63,1695.1,10958,44948,1.3797e+05,12637,14812,16248,18459,19739,429.97,515.93,573.51,623.36,650.41,77.651,78.097,78.655,78.992,79.196,82.814,83.261,83.819,84.156,84.36
2024,4.3145e+07,4.7361e+07,5.1152e+07,5.7298e+07,5.843e+07,4.3145e+07,4.7361e+07,5.1152e+07,5.7298e+07,5.843e+07,0,0,0,0,0,0.63657,0.65233,0.66016,0.67514,0.68331,1.5151,1.5974,1.6869,1.7868,1.9206,3.988e+05,4.4714e+05,5.3096e+05,6.1389e+05,6.9899e+05,4.8944e+05,5.063e+05,5.2597e+05,5.361e+05,5.5407e+05,10155,20289,58751,70552,86273,382.26,1547.8,9937.3,39586,1.5068e+05,12644,15047,16197,18582,20375,434.55,522.12,578.63,630.25,655.14,77.65,78.264,78.96,79.193,79.49,82.777,83.391,84.087,84.32,84.617
2025,4.3057e+07,4.7223e+07,5.1159e+07,5.7309e+07,5.8659e+07,4.3057e+07,4.7223e+07,5.1159e+07,5.7309e+07,5.8659e+07,0,0,0,0,0,0.6389,0.65364,0.66131,0.67651,0.68451,1.511,1.5885,1.6719,1.798,1.9635,3.8713e+05,4.4283e+05,5.2492e+05,6.1094e+05,7.1067e+05,4.8205e+05,5.0806e+05,5.1896e+05,5.3998e+05,5.5318e+05,11886,17478,59491,70165,84606,352.34,1759.2,10214,45570,1.6461e+05,12697,15226,16257,19005,20555,438.89,529.64,582.63,637.59,659.13,77.933,78.839,79.26,79.495,79.811,83.024,83.93,84.351,84.586,84.901
2026,4.2991e+07,4.7075e+07,5.1147e+07,5.7328e+07,5.8884e+07,4.2991e+07,4.7075e+07,5.1147e+07,5.7328e+07,5.8884e+07,0,0,0,0,0,0.64088,0.655,0.66236,0.67799,0.68587,1.5214,1.5863,1.6726,1.7785,1.9637,3.8467e+05,4.2939e+05,5.1602e+05,6.0876e+05,7.0713e+05,4.8536e+05,5.0864e+05,5.2378e+05,5.3836e+05,5.5438e+05,9879.6,18059,58468,71191,84595,414.31,1838.9,7034.9,49619,1.627e+05,12973,15061,16272,19186,20807,444.73,537.26,585.91,643.89,666.26,77.836,79.2,79.477,79.812,79.969,82.891,84.255,84.532,84.867,85.023
2027,4.2947e+07,4.6951e+07,5.1139e+07,5.7306e+07,5.9111e+07,4.2947e+07,4.6951e+07,5.1139e+07,5.7306e+07,5.9111e+07,0,0,0,0,0,0.64221,0.65638,0.66367,0.6798,0.68769,1.5211,1.5898,1.6858,1.7956,1.9144,3.7907e+05,4.239e+05,5.149e+05,6.0119e+05,6.8609e+05,4.7466e+05,5.0891e+05,5.2201e+05,5.437e+05,5.709e+05,7776.8,13652,57193,73946,83070,327.75,1759.3,4727.9,64261,1.8584e+05,12858,15262,16201,19907,21490,448.82,544.8,590.06,650.75,673.07,77.888,79.337,79.616,80.073,80.491,82.906,84.356,84.634,85.091,85.51
2028,4.2903e+07,4.6891e+07,5.1125e+07,5.7282e+07,5.9299e+07,4.2903e+07,4.6891e+07,5.1125e+07,5.7282e+07,5.9299e+07,0,0,0,0,0,0.64304,0.6576,0.66492,0.68163,0.68958,1.5055,1.5743,1.6648,1.7796,1.9102,3.788e+05,4.1887e+05,5.1203e+05,5.8989e+05,6.8166e+05,4.6572e+05,5.0984e+05,5.2099e+05,5.395e+05,5.7947e+05,7422,10357,57149,74196,84134,289.81,1821.9,3637.4,76041,1.8691e+05,12852,15336,16109,20605,21746,452.26,552.21,593.96,657.75,678.67,78.192,79.587,79.813,80.296,80.899,83.174,84.569,84.794,85.278,85.881
2029,4.2791e+07,4.6822e+07,5.1122e+07,5.7228e+07,5.9444e+07,4.2791e+07,4.6822e+07,5.1122e+07,5.7228e+07,5.9444e+07,0,0,0,0,0,0.64416,0.65896,0.66587,0.6829,0.6915,1.4921,1.597,1.672,1.7987,1.9192,3.7545e+05,4.2045e+05,5.1374e+05,5.9125e+05,6.8226e+05,4.7629e+05,5.0594e+05,5.2285e+05,5.4332e+05,5.8502e+05,5269.1,21124,58241,70356,86331,577.58,1412.1,4931.1,36831,1.9848e+05,13654,15188,16662,19279,22422,459.26,555.21,598.22,662.17,683.1,78.465,79.766,80.105,80.559,81.027,83.41,84.711,85.05,85.504,85.973
2030,4.269e+07,4.6676e+07,5.1107e+07,5.7182e+07,5.9495e+07,4.269e+07,4.6676e+07,5.1107e+07,5.7182e+07,5.9495e+07,0,0,0,0,0,0.64549,0.66001,0.66687,0.68414,0.69325,1.4873,1.5693,1.6695,1.7956,1.907,3.6615e+05,4.0696e+05,5.1831e+05,5.8633e+05,6.809e+05,4.6655e+05,5.1344e+05,5.3361e+05,5.5879e+05,5.8865e+05,5887.9,18431,57830,68637,84836,820.37,1549.5,6079.6,44649,1.9567e+05,14380,15478,17031,19790,22460,468.52,560.01,603.33,666.5,686.72,78.876,79.589,80.332,80.698,81.06,83.785,84.498,85.241,85.607,85.969
2031,4.2592e+07,4.6508e+07,5.1092e+07,5.7135e+07,5.9539e+07,4.2592e+07,4.6508e+07,5.1092e+07,5.7135e+07,5.9539e+07,0,0,0,0,0,0.64665,0.66041,0.66791,0.68487,0.69509,1.4985,1.5822,1.6984,1.795,1.9095,3.6939e+05,4.0556e+05,5.146e+05,5.8651e+05,6.7727e+05,4.6376e+05,5.1678e+05,5.3009e+05,5.6002e+05,5.9432e+05,5328.4,22627,57442,65538,87094,619.65,1357.6,8217.7,26888,2.0436e+05,14381,15577,17511,19248,22866,475.69,566.11,609.44,668.26,690.69,79.062,79.758,80.731,81.018,81.489,83.935,84.631,85.604,85.891,86.362
2032,4.2492e+07,4.6335e+07,5.1057e+07,5.7101e+07,5.958e+07,4.2492e+07,4.6335e+07,5.1057e+07,5.7101e+07,5.958e+07,0,0,0,0,0,0.6477,0.6608,0.66916,0.68553,0.69674,1.4965,1.5881,1.677,1.8049,1.9712,3.6298e+05,4.0451e+05,5.1224e+05,5.8855e+05,6.9835e+05,4.7154e+05,5.0878e+05,5.4771e+05,5.6409e+05,5.8323e+05,4794.1,21659,57458,65345,88696,673.26,1298.8,8376.4,33586,2.039e+05,14392,15630,17632,19309,23169,486.21,569.45,614.97,669.86,695.23,79.508,80.136,80.664,81.097,81.752,84.345,84.972,85.5,85.933,86.589
