year,pl_p5,pl_p25,pl_p50,pl_p75,pl_p95,uk_p5,uk_p25,uk_p50,uk_p75,uk_p95,be_p5,be_p25,be_p50,be_p75,be_p95,lt_p5,lt_p25,lt_p50,lt_p75,lt_p95,ru_p5,ru_p25,ru_p50,ru_p75,ru_p95,de_p5,de_p25,de_p50,de_p75,de_p95,jw_p5,jw_p25,jw_p50,jw_p75,jw_p95,cs_p5,cs_p25,cs_p50,cs_p75,cs_p95,lv_p5,lv_p25,lv_p50,lv_p75,lv_p95,csb_p5,csb_p25,csb_p50,csb_p75,csb_p95,rue_p5,rue_p25,rue_p50,rue_p75,rue_p95,loc_p5,loc_p25,loc_p50,loc_p75,loc_p95,oth_p5,oth_p25,oth_p50,oth_p75,oth_p95
1933,2.1906e+07,2.19103e+07,2.19142e+07,2.19232e+07,2.19352e+07,4.28247e+06,4.28418e+06,4.28527e+06,4.28598e+06,4.28781e+06,745498,746014,746335,746669,746866,109575,109712,109766,109793,109831,237845,238221,238387,238480,238669,767655,768807,769389,770084,770404,2.66556e+06,2.66645e+06,2.66686e+06,2.66779e+06,2.66871e+06,28781.3,28840.8,28884.7,28911.5,28925.2,0,0,0,0,0,40240.8,40277.5,40301.1,40339.4,40353.9,79480,79536.6,79562.5,79600.2,79645.9,1.37717e+06,1.37829e+06,1.3788e+06,1.37916e+06,1.37992e+06,80635.6,80825.1,80877,80962.8,81104.1
1934,2.21855e+07,2.22133e+07,2.22186e+07,2.22325e+07,2.2238e+07,4.34349e+06,4.34443e+06,4.34674e+06,4.35035e+06,4.35173e+06,760090,760807,761174,761711,762686,110664,110829,110989,111008,111117,240296,241021,241272,241614,242024,765819,768328,769265,770110,771384,2.67794e+06,2.68048e+06,2.68124e+06,2.6829e+06,2.68518e+06,29128.3,29235.2,29309.2,29344.1,29380.7,0,0,0,0,0,40482.1,40547.1,40595.8,40635.1,40719.5,80354.9,80432.8,80520.4,80595.5,80637.9,1.39433e+06,1.39515e+06,1.39591e+06,1.39722e+06,1.39863e+06,80888.3,81277.2,81362.2,81548.5,81824.4
1935,2.24718e+07,2.24917e+07,2.25091e+07,2.25332e+07,2.25453e+07,4.40182e+06,4.40486e+06,4.40767e+06,4.4125e+06,4.41477e+06,774274,775509,776177,777042,778101,111675,111985,112114,112203,112284,242691,243847,244134,244702,245111,763920,767591,769174,770538,771797,2.69088e+06,2.69279e+06,2.69415e+06,2.69731e+06,2.7003e+06,29446.1,29627.7,29727.3,29783.5,29837.6,0,0,0,0,0,40691.4,40803.7,40858.1,40934.2,41037.2,81174.1,81313.1,81451.2,81540.6,81631.3,1.41028e+06,1.41165e+06,1.41289e+06,1.4144e+06,1.41622e+06,81119.5,81673.3,81840.3,82059.3,82457.4
1936,2.27465e+07,2.27689e+07,2.27964e+07,2.28232e+07,2.28431e+07,4.46018e+06,4.46308e+06,4.46698e+06,4.47101e+06,4.4769e+06,788531,790443,790979,792236,793397,112645,112996,113218,113318,113429,245031,246425,246916,247680,248125,762001,766707,768862,770360,772176,2.70203e+06,2.70447e+06,2.70616e+06,2.71027e+06,2.71536e+06,29759.2,29997.5,30135,30187,30293.2,0,0,0,0,0,40885.5,41029.9,41104.5,41202.1,41336.4,81967.3,82163.9,82305.1,82439,82574.3,1.42576e+06,1.42724e+06,1.42844e+06,1.43093e+06,1.43324e+06,81329,82031.4,82283.5,82553.8,83059.7
1937,2.29871e+07,2.30435e+07,2.3064e+07,2.31025e+07,2.31217e+07,4.51178e+06,4.51811e+06,4.52552e+06,4.53051e+06,4.53555e+06,802177,804524,805876,807040,809019,113476,113939,114273,114355,114547,247103,248910,249493,250591,251275,759595,765746,768477,770035,772830,2.71192e+06,2.71536e+06,2.71766e+06,2.72189e+06,2.72833e+06,30040,30362.7,30520.2,30576.2,30733.5,0,0,0,0,0,41033,41234.4,41311,41420.3,41609.1,82656.1,82948.9,83134,83330.8,83441,1.43897e+06,1.44161e+06,1.44358e+06,1.44674e+06,1.45007e+06,81454,82326.2,82684.4,82969.4,83684
1938,2.32201e+07,2.32938e+07,2.33218e+07,2.33689e+07,2.33785e+07,4.56434e+06,4.57002e+06,4.58083e+06,4.58706e+06,4.59321e+06,815447,818344,820456,821659,823988,114173,114811,115198,115321,115542,248928,251274,251994,253257,254168,756832,764458,767741,769655,773032,2.72018e+06,2.72488e+06,2.72691e+06,2.73218e+06,2.73846e+06,30292.4,30707.5,30890.5,30965.9,31148,0,0,0,0,0,41147.6,41386.8,41482.1,41606.4,41834,83287.6,83659.2,83901.3,84119,84261.5,1.45203e+06,1.45473e+06,1.45755e+06,1.46081e+06,1.46469e+06,81504.4,82588.9,83011.5,83346.1,84219.4
1939,2.34454e+07,2.35198e+07,2.35695e+07,2.36214e+07,2.36338e+07,4.61423e+06,4.61992e+06,4.63323e+06,4.64216e+06,4.648e+06,828553,832124,834550,836031,838917,114801,115590,116059,116181,116484,250641,253525,254462,255693,257008,754038,763098,766786,769037,773283,2.72686e+06,2.73229e+06,2.73646e+06,2.74078e+06,2.74753e+06,30529,31032.4,31252,31347.5,31561.2,0,0,0,0,0,41237.7,41498.8,41635.1,41755.7,42045.8,83877.9,84276.6,84629.5,84882.5,85025.4,1.46393e+06,1.46582e+06,1.47064e+06,1.47377e+06,1.47871e+06,81518.7,82819.1,83265.4,83679.4,84730.1
1940,2.36433e+07,2.37358e+07,2.37997e+07,2.38635e+07,2.38702e+07,4.66059e+06,4.66833e+06,4.68445e+06,4.69276e+06,4.70076e+06,841392,845478,847905,850384,853344,115388,116284,116800,116984,117247,252302,255572,256722,257977,259483,751357,761812,765831,768471,772972,2.73202e+06,2.73767e+06,2.74451e+06,2.74892e+06,2.7559e+06,30748.7,31340.8,31585.9,31678.1,31959.6,0,0,0,0,0,41304.9,41586.2,41754.3,41872.8,42230.8,84374.2,84852.8,85295.1,85617.6,85737.5,1.47476e+06,1.47655e+06,1.48203e+06,1.48618e+06,1.4915e+06,81512.2,82962.1,83486,83932.5,85127.8
1941,2.38317e+07,2.39295e+07,2.40232e+07,2.40847e+07,2.4099e+07,4.70002e+06,4.71529e+06,4.73139e+06,4.74305e+06,4.75049e+06,853621,857945,861444,863818,867510,115894,116826,117498,117671,117966,253843,257444,258765,260220,261938,748469,760036,764596,767487,772667,2.73719e+06,2.74285e+06,2.75087e+06,2.75536e+06,2.76355e+06,30925.4,31633.9,31898.3,32007.9,32341.9,0,0,0,0,0,41324.1,41655.7,41848.6,41959.4,42388.2,84781.8,85407.6,85911.2,86279.5,86381.2,1.48357e+06,1.48669e+06,1.49307e+06,1.49761e+06,1.50335e+06,81465.2,83067.7,83642.9,84137.5,85506.1
1942,2.39975e+07,2.41025e+07,2.42306e+07,2.42975e+07,2.43211e+07,4.73942e+06,4.75701e+06,4.77749e+06,4.79001e+06,4.79808e+06,865437,870470,873979,877445,881447,116277,117307,118065,118303,118596,255150,259131,260725,262188,264147,745194,758168,763301,766428,771945,2.74007e+06,2.74623e+06,2.75631e+06,2.76145e+06,2.77104e+06,31089.6,31882.4,32182.5,32318,32692.1,0,0,0,0,0,41295.2,41688.4,41927.6,42042.3,42506.5,85160.6,85851.5,86433.5,86831.5,86964.5,1.49095e+06,1.49558e+06,1.50161e+06,1.50894e+06,1.5143e+06,81351.4,83140.6,83749.6,84306.5,85809.3
1943,2.41678e+07,2.42743e+07,2.44317e+07,2.45029e+07,2.45301e+07,4.77696e+06,4.80037e+06,4.82158e+06,4.83733e+06,4.84426e+06,877105,882769,886626,890641,894838,116593,117708,118625,118827,119180,256341,260728,262525,264128,266268,741764,756235,761982,765224,771180,2.74394e+06,2.74951e+06,2.76201e+06,2.76731e+06,2.77847e+06,31237.8,32143.8,32460.7,32606.7,33026.1,0,0,0,0,0,41240.2,41720.8,41969.7,42104.6,42607.8,85477.3,86289.7,86935.3,87351.8,87555,1.49726e+06,1.50455e+06,1.51071e+06,1.51902e+06,1.52332e+06,81210,83162.3,83836.1,84444.1,86078.5
1944,2.43425e+07,2.4449e+07,2.46423e+07,2.4711e+07,2.47365e+07,4.81707e+06,4.8428e+06,4.86457e+06,4.88299e+06,4.89252e+06,888779,895273,899115,903969,908607,116861,118140,119150,119308,119747,257464,262274,264445,266006,268291,738290,754649,760904,764218,770395,2.74861e+06,2.75389e+06,2.76714e+06,2.77427e+06,2.78623e+06,31378.3,32405.7,32739.4,32879.9,33334.2,0,0,0,0,0,41205,41748,41996.9,42168.2,42694.2,85813.9,86724.8,87411.7,87813.4,88138.8,1.50324e+06,1.51252e+06,1.51877e+06,1.52846e+06,1.53345e+06,81056.5,83169.7,83937.1,84620,86318
1945,2.45057e+07,2.46128e+07,2.48321e+07,2.49302e+07,2.49461e+07,4.85191e+06,4.88322e+06,4.90571e+06,4.92846e+06,4.93897e+06,899749,907919,911827,917084,922525,117049,118447,119578,119758,120250,258447,263859,266125,267878,270290,734610,752736,759490,763072,769857,2.75187e+06,2.75818e+06,2.77203e+06,2.78103e+06,2.79398e+06,31527.5,32658.6,32998.5,33150.4,33658.3,0,0,0,0,0,41152,41772.5,42011.6,42227.5,42775.3,86053,87078.7,87856.8,88258.5,88743.8,1.51003e+06,1.51995e+06,1.52624e+06,1.53769e+06,1.54261e+06,80871.1,83201.8,84016,84705.4,86537.2
1946,2.46508e+07,2.47757e+07,2.50287e+07,2.51316e+07,2.51679e+07,4.88814e+06,4.92425e+06,4.94629e+06,4.97354e+06,4.98786e+06,910732,920562,924740,929824,936838,117243,118745,119936,120203,120751,259481,265531,267829,269670,272526,731048,750950,758391,761747,769349,2.75574e+06,2.76314e+06,2.77603e+06,2.78736e+06,2.80243e+06,31665.2,32910.1,33266.5,33447.1,33968.5,0,0,0,0,0,41106.8,41787.3,42017.1,42290.5,42855.2,86289.2,87459.6,88283.5,88752.2,89303.1,1.51597e+06,1.52773e+06,1.5334e+06,1.54677e+06,1.55136e+06,80707,83252.6,84055.9,84819.8,86750
1947,2.47865e+07,2.49456e+07,2.52346e+07,2.53632e+07,2.54029e+07,4.92798e+06,4.96476e+06,4.9852e+06,5.02111e+06,5.03884e+06,922403,934263,938046,942829,951649,117437,119092,120296,120736,121193,260567,267417,269676,271435,274886,727587,749611,757508,761170,768887,2.75902e+06,2.76991e+06,2.78129e+06,2.79493e+06,2.81169e+06,31809.3,33153.9,33568.8,33766.6,34274.2,0,0,0,0,0,41065.1,41804.3,42010.8,42375.1,42935.1,86551.9,87852,88691.8,89308.9,89873.4,1.522e+06,1.53667e+06,1.54088e+06,1.55506e+06,1.56167e+06,80570.8,83346.3,84116.6,84975.7,86981.2
1948,2.49416e+07,2.51303e+07,2.54437e+07,2.56055e+07,2.56502e+07,4.97015e+06,5.00889e+06,5.02972e+06,5.07063e+06,5.09411e+06,934426,947247,952217,957054,967150,117644,119470,120687,121317,121657,261726,269320,271733,273436,277302,724266,748558,756840,760671,768619,2.76281e+06,2.77812e+06,2.78744e+06,2.80451e+06,2.82265e+06,31983.6,33436.5,33862,34095,34609,0,0,0,0,0,41025.1,41825.1,42021.4,42450,43020.9,86822,88282.6,89102.7,89842.3,90431.6,1.5291e+06,1.54547e+06,1.54921e+06,1.5642e+06,1.57256e+06,80458,83483.1,84213.1,85176.7,87228.5
1949,2.5127e+07,2.53354e+07,2.56756e+07,2.58639e+07,2.59131e+07,5.0181e+06,5.05838e+06,5.07872e+06,5.1225e+06,5.15376e+06,947509,961228,967514,972029,983687,117940,119936,121137,121953,122169,263146,271492,273846,275501,279953,721377,747990,756540,759830,768682,2.7691e+06,2.78839e+06,2.79366e+06,2.81585e+06,2.83572e+06,32174.7,33740.7,34204.9,34459,34966.4,0,0,0,0,0,41011.9,41859.7,42058.3,42554.4,43119.2,87141.5,88745.7,89535.9,90267.5,90983.4,1.53648e+06,1.55476e+06,1.55792e+06,1.57441e+06,1.58476e+06,80298.9,83652.3,84289.8,85447.6,87567.9
1950,2.53187e+07,2.55749e+07,2.59183e+07,2.61583e+07,2.62011e+07,5.06836e+06,5.10998e+06,5.13885e+06,5.17927e+06,5.21532e+06,961205,976279,983381,989636,1.00091e+06,118275,120427,121605,122556,122828,264707,273871,276326,277812,282766,718676,747815,756816,759913,768508,2.77732e+06,2.79519e+06,2.80236e+06,2.83048e+06,2.85069e+06,32405.9,34079.2,34564.6,34890.1,35331.2,0,0,0,0,0,41007,41905.4,42122,42602.4,43215.7,87460.2,89236.7,89958.5,90810.3,91607.3,1.54546e+06,1.56418e+06,1.57074e+06,1.58992e+06,1.59784e+06,80269.6,83824.2,84424.2,85776.2,87924.3
1951,2.55172e+07,2.5812e+07,2.61756e+07,2.64508e+07,2.65084e+07,5.12013e+06,5.16585e+06,5.19888e+06,5.2415e+06,5.28391e+06,975793,991598,1.00013e+06,1.0069e+06,1.01976e+06,118667,120912,122164,123231,123608,266478,276505,279099,280497,285903,716208,747598,757082,759775,768603,2.78565e+06,2.80671e+06,2.81294e+06,2.84485e+06,2.86706e+06,32670.2,34437.3,34957.6,35338.4,35743.4,0,0,0,0,0,41013.3,41968.3,42179.8,42721.7,43337.7,87769.8,89742.3,90419.9,91424.7,92289,1.55556e+06,1.57546e+06,1.58372e+06,1.60429e+06,1.61285e+06,80244.9,83988.5,84577.5,86089.4,88365
1952,2.57374e+07,2.60696e+07,2.64327e+07,2.67419e+07,2.6824e+07,5.179e+06,5.22023e+06,5.26416e+06,5.30374e+06,5.35271e+06,990517,1.00742e+06,1.01798e+06,1.02464e+06,1.03901e+06,119033,121400,122665,123918,124384,268269,279403,281624,283191,289253,713519,747750,757076,759799,768690,2.79465e+06,2.81633e+06,2.82587e+06,2.85968e+06,2.88535e+06,32948.8,34823.2,35409.3,35818.8,36182.1,0,0,0,0,0,41005.3,42015,42226.3,42827.9,43441.9,88139.3,90226.9,90867.4,91993.8,92942.1,1.56594e+06,1.58527e+06,1.59825e+06,1.6187e+06,1.62923e+06,80208.2,84153.2,84751.1,86518.8,88757.2
1953,2.59588e+07,2.63272e+07,2.66895e+07,2.70404e+07,2.71649e+07,5.23902e+06,5.27596e+06,5.32673e+06,5.36731e+06,5.42501e+06,1.00569e+06,1.02383e+06,1.03714e+06,1.04327e+06,1.05883e+06,119394,121957,123184,124694,125172,270149,282487,284577,285908,292888,710732,747814,756860,759768,768646,2.80475e+06,2.82395e+06,2.84059e+06,2.87478e+06,2.90466e+06,33267.1,35206.3,35896.4,36323.2,36635.1,0,0,0,0,0,40990.8,42030.6,42270.4,42933.8,43526.7,88496.8,90725.4,91314.6,92522.1,93615.4,1.57772e+06,1.59644e+06,1.61369e+06,1.63398e+06,1.64742e+06,80194.1,84317.6,84967.6,86931.9,89099.7
1954,2.61924e+07,2.65922e+07,2.69564e+07,2.73603e+07,2.75073e+07,5.29361e+06,5.33266e+06,5.38936e+06,5.43501e+06,5.50044e+06,1.02215e+06,1.04054e+06,1.05629e+06,1.06323e+06,1.07979e+06,119837,122527,123794,125475,125991,272316,285546,287669,289113,296767,708200,747798,756253,760030,768497,2.81624e+06,2.83172e+06,2.8565e+06,2.89019e+06,2.92369e+06,33608.4,35577.7,36390.2,36838.7,37162.3,0,0,0,0,0,40993.2,42063.4,42305.9,43041.1,43664.2,88867.7,91118.9,91805.5,93069.3,94300.4,1.59029e+06,1.6084e+06,1.6281e+06,1.65077e+06,1.66707e+06,80205.7,84476.6,85298.5,87378,89507.8
1955,2.64156e+07,2.68563e+07,2.72156e+07,2.76722e+07,2.78647e+07,5.34779e+06,5.39163e+06,5.45063e+06,5.50064e+06,5.58006e+06,1.03866e+06,1.05728e+06,1.07565e+06,1.08346e+06,1.10067e+06,120228,123052,124344,126173,126810,274461,288585,290595,292075,300685,705366,747380,755481,759998,768245,2.82408e+06,2.83991e+06,2.87206e+06,2.90499e+06,2.94388e+06,33976.1,35950.3,36892.2,37349.4,37739.9,0,0,0,0,0,40973.7,42052,42327.7,43116.5,43814.9,89194.8,91475.3,92251.5,93559.9,94965.2,1.60368e+06,1.6204e+06,1.64231e+06,1.66662e+06,1.68695e+06,80251.5,84616.4,85665.6,87814.7,89916.2
1956,2.66375e+07,2.71059e+07,2.74713e+07,2.79967e+07,2.82117e+07,5.40272e+06,5.45619e+06,5.51547e+06,5.57121e+06,5.65898e+06,1.05554e+06,1.07501e+06,1.0957e+06,1.10477e+06,1.1223e+06,120603,123425,124840,126890,127606,276676,291324,293573,295032,304600,702416,746784,754715,759629,767722,2.83157e+06,2.84719e+06,2.88677e+06,2.91895e+06,2.96244e+06,34339.7,36340.9,37395.3,37889.9,38310.4,0,0,0,0,0,40942.5,42000.5,42378.9,43155,43921.5,89481.8,91810,92658.8,94002.3,95625.1,1.61661e+06,1.63292e+06,1.65756e+06,1.68205e+06,1.70686e+06,80288.6,84773.7,85985.9,88220.2,90349.1
1957,2.68635e+07,2.73413e+07,2.7734e+07,2.83176e+07,2.85467e+07,5.45779e+06,5.52216e+06,5.57935e+06,5.64683e+06,5.73853e+06,1.07256e+06,1.0927e+06,1.11512e+06,1.12591e+06,1.14397e+06,120941,123746,125288,127521,128381,278892,293946,296538,298206,308701,699263,745968,753906,758847,767093,2.83803e+06,2.85577e+06,2.90054e+06,2.93333e+06,2.98088e+06,34687.6,36749.9,37898.1,38379.6,38913.7,0,0,0,0,0,40890.4,41931.4,42399.7,43169.4,44010.6,89756.8,92084.6,93052.2,94451.2,96249.3,1.62851e+06,1.64614e+06,1.67165e+06,1.69854e+06,1.72796e+06,80335.7,84872.1,86186.8,88597,90778.2
1958,2.70666e+07,2.75755e+07,2.7997e+07,2.86224e+07,2.88914e+07,5.50909e+06,5.5893e+06,5.64042e+06,5.71952e+06,5.82033e+06,1.08936e+06,1.11067e+06,1.13441e+06,1.14603e+06,1.16571e+06,121203,124007,125713,127988,129066,281023,296577,299488,301573,312516,695730,744746,753380,757143,766697,2.84455e+06,2.86622e+06,2.91355e+06,2.9473e+06,2.99981e+06,35049.9,37152.4,38385.9,38864.9,39488.4,0,0,0,0,0,40808.7,41838.6,42382.6,43175.9,44073.3,89995.2,92335.2,93352.1,94868.8,96865.9,1.63906e+06,1.65872e+06,1.68514e+06,1.71568e+06,1.74723e+06,80364.3,84902,86380.5,88823.7,91290.7
1959,2.72587e+07,2.78005e+07,2.82516e+07,2.89136e+07,2.92137e+07,5.56178e+06,5.65337e+06,5.70239e+06,5.79459e+06,5.89724e+06,1.10644e+06,1.12881e+06,1.15345e+06,1.16747e+06,1.18788e+06,121382,124210,126063,128436,129624,283041,299112,302306,304780,316456,691754,743152,751954,755384,765581,2.85068e+06,2.87591e+06,2.92633e+06,2.96005e+06,3.01659e+06,35392.6,37532.2,38869.4,39350.1,40082.7,0,0,0,0,0,40695.1,41716.3,42329.4,43131.2,44082.8,90195,92548,93657.8,95214.5,97382.2,1.64926e+06,1.67056e+06,1.69866e+06,1.73151e+06,1.76744e+06,80421.7,84911.4,86663.6,89031.6,91899.6
1960,2.74447e+07,2.80248e+07,2.84989e+07,2.92017e+07,2.95269e+07,5.61163e+06,5.71633e+06,5.76545e+06,5.86495e+06,5.97399e+06,1.12258e+06,1.14666e+06,1.17253e+06,1.18758e+06,1.2096e+06,121537,124349,126336,128765,130122,285092,301624,305206,307773,320094,687637,741089,750154,753195,764057,2.85637e+06,2.88577e+06,2.93787e+06,2.97102e+06,3.03318e+06,35709.9,37921.4,39322.2,39830.1,40622.3,0,0,0,0,0,40567.5,41571.6,42243.7,43040.8,44066.4,90312.1,92729.9,93885.3,95476.2,97856.5,1.65933e+06,1.68312e+06,1.71164e+06,1.74558e+06,1.78564e+06,80527.4,84889.4,86900.8,89084.3,92424.2
1961,2.76139e+07,2.82314e+07,2.87328e+07,2.94594e+07,2.98276e+07,5.66055e+06,5.77156e+06,5.82396e+06,5.93691e+06,6.04858e+06,1.13866e+06,1.16406e+06,1.19077e+06,1.20803e+06,1.2316e+06,121535,124372,126540,128979,130461,286818,303915,307873,310771,323695,682937,738759,747852,751342,762136,2.8608e+06,2.89424e+06,2.94965e+06,2.9812e+06,3.0488e+06,36015.4,38275.4,39751.3,40278.9,41170.2,0,0,0,0,0,40391.8,41391.5,42105.1,42912.5,44005.7,90421.8,92838,94081.8,95683.1,98268.8,1.66815e+06,1.69249e+06,1.72297e+06,1.76051e+06,1.80373e+06,80657.2,84790,87110.1,89117,92886.6
1962,2.77861e+07,2.84294e+07,2.89671e+07,2.97116e+07,3.01176e+07,5.70826e+06,5.82731e+06,5.88282e+06,6.00445e+06,6.1203e+06,1.15371e+06,1.18122e+06,1.20904e+06,1.2277e+06,1.25291e+06,121464,124363,126646,129155,130731,288445,306097,310333,313543,327087,677935,735978,745107,749230,759848,2.86449e+06,2.90333e+06,2.95933e+06,2.99104e+06,3.06329e+06,36254.5,38620.1,40182.4,40711.7,41682.8,0,0,0,0,0,40192.7,41197.2,41937.1,42756.9,43911,90460.6,92906.7,94223.2,95850.4,98616.9,1.67615e+06,1.7018e+06,1.73361e+06,1.77468e+06,1.82049e+06,80878.7,84674.3,87178.4,89128,93359.6
1963,2.79367e+07,2.86144e+07,2.91863e+07,2.9945e+07,3.03894e+07,5.75492e+06,5.87734e+06,5.93812e+06,6.06782e+06,6.18956e+06,1.16841e+06,1.19748e+06,1.22638e+06,1.24706e+06,1.27307e+06,121278,124230,126678,129203,130916,289848,308115,312572,316167,330154,672483,732327,742164,746598,757249,2.86733e+06,2.91042e+06,2.96821e+06,3.00229e+06,3.07695e+06,36447.5,38932.6,40572.8,41119.2,42147.9,0,0,0,0,0,39959.2,40973.4,41735,42580.8,43789.3,90466.5,92916.6,94297.3,95968.1,98904.5,1.68294e+06,1.70913e+06,1.74306e+06,1.78849e+06,1.83511e+06,81021.9,84512.8,87227.8,89082.6,93843.9
1964,2.80873e+07,2.88003e+07,2.93978e+07,3.01837e+07,3.06598e+07,5.79737e+06,5.92664e+06,5.99166e+06,6.12702e+06,6.25888e+06,1.18239e+06,1.2133e+06,1.24408e+06,1.26524e+06,1.29315e+06,121017,124078,126637,129160,131030,291124,310148,314677,318514,333027,666801,728440,738803,743782,754502,2.86984e+06,2.91807e+06,2.97547e+06,3.01262e+06,3.0909e+06,36616,39215.3,40947,41532.3,42582.4,0,0,0,0,0,39702.5,40731.3,41523.1,42376.1,43653.9,90393.7,92914.1,94306.1,96040.7,99164.4,1.68845e+06,1.71593e+06,1.75238e+06,1.79985e+06,1.84842e+06,81168.9,84327,87304.3,89351.9,94240.1
1965,2.82176e+07,2.89581e+07,2.95987e+07,3.04249e+07,3.09172e+07,5.83818e+06,5.97512e+06,6.04401e+06,6.18311e+06,6.32211e+06,1.19607e+06,1.22884e+06,1.26046e+06,1.28283e+06,1.31292e+06,120726,123806,126505,129060,131035,292390,311836,316556,320785,335782,661098,724300,734788,740811,751101,2.86995e+06,2.92444e+06,2.98092e+06,3.02302e+06,3.1027e+06,36777.3,39459.4,41291.1,41900.7,42992.7,0,0,0,0,0,39441.7,40471.3,41284.9,42127.9,43477.5,90290.2,92844.2,94276.3,96034,99332,1.69302e+06,1.72128e+06,1.75999e+06,1.80978e+06,1.86088e+06,81467.2,84113.2,87318.9,89280,94997.5
1966,2.8332e+07,2.91173e+07,2.97898e+07,3.06486e+07,3.1155e+07,5.87827e+06,6.01916e+06,6.0922e+06,6.2393e+06,6.38332e+06,1.20879e+06,1.24342e+06,1.27655e+06,1.2997e+06,1.33226e+06,120333,123443,126325,128849,130949,293416,313550,318202,322832,338337,655061,719899,730785,737440,747546,2.86973e+06,2.92948e+06,2.98761e+06,3.03121e+06,3.11407e+06,36901.2,39677,41608.2,42264.6,43374.1,0,0,0,0,0,39153.5,40180.7,41036.9,41874.5,43279,90030,92768.4,94216.6,95979.9,99454.7,1.69603e+06,1.72532e+06,1.76676e+06,1.81931e+06,1.87199e+06,81464.6,84043.8,87336.9,89168.3,95694.4
1967,2.84434e+07,2.92647e+07,2.99705e+07,3.08543e+07,3.13654e+07,5.91391e+06,6.06147e+06,6.13824e+06,6.29019e+06,6.43999e+06,1.2205e+06,1.25658e+06,1.29226e+06,1.31535e+06,1.35099e+06,119868,123069,126034,128678,130792,294275,315107,319753,324499,340609,648844,715286,726438,733547,743694,2.86857e+06,2.93441e+06,2.99262e+06,3.03799e+06,3.12393e+06,36997.3,39883.4,41903,42599.3,43718,0,0,0,0,0,38846.2,39887,40763.8,41607.8,43055.6,89725.1,92651.5,94083.7,95905,99500.6,1.69791e+06,1.72889e+06,1.77224e+06,1.82641e+06,1.88139e+06,81304.4,84166.5,87287.7,88960.2,96376.9
1968,2.85422e+07,2.93976e+07,3.01445e+07,3.10477e+07,3.15822e+07,5.94977e+06,6.10293e+06,6.1818e+06,6.33842e+06,6.4999e+06,1.23132e+06,1.2697e+06,1.3071e+06,1.33119e+06,1.36954e+06,119368,122602,125730,128455,130655,295080,316498,321097,326262,342752,642554,710444,722114,729624,739961,2.86735e+06,2.93457e+06,2.99722e+06,3.04418e+06,3.13554e+06,37081.5,40059,42190.2,42889.2,44030.9,0,0,0,0,0,38531.5,39568.5,40471.6,41326.4,42841.4,89358.6,92511.3,93930.3,95797.9,99567.3,1.69852e+06,1.73271e+06,1.77634e+06,1.83389e+06,1.88988e+06,81157.9,84436,87275.5,88704.1,97320.4
1969,2.86418e+07,2.95242e+07,3.03073e+07,3.12414e+07,3.17882e+07,5.98528e+06,6.14337e+06,6.22546e+06,6.3855e+06,6.55479e+06,1.24217e+06,1.28243e+06,1.32201e+06,1.34648e+06,1.3872e+06,118838,122111,125341,128121,130409,295825,317807,322338,327962,344821,636211,705436,717514,725707,735931,2.86547e+06,2.93516e+06,3.00102e+06,3.05033e+06,3.14569e+06,37153.5,40226.3,42442.2,43157.9,44338,0,0,0,0,0,38209.9,39248.7,40178,41022.6,42595.9,88975.1,92352.8,93769.7,95651.3,99565.6,1.69886e+06,1.73618e+06,1.77984e+06,1.83994e+06,1.89772e+06,81054.6,84119.1,87221.2,88450.8,98227.5
1970,2.87307e+07,2.96444e+07,3.0469e+07,3.14314e+07,3.19844e+07,6.01763e+06,6.18346e+06,6.26678e+06,6.43437e+06,6.60746e+06,1.25303e+06,1.29451e+06,1.33632e+06,1.36097e+06,1.4044e+06,118301,121594,124880,127830,130087,296571,319005,323508,329609,346844,629973,700394,712847,721738,731668,2.86304e+06,2.9364e+06,3.00616e+06,3.05651e+06,3.15537e+06,37219.1,40392.5,42674.6,43412,44639.6,0,0,0,0,0,37891.4,38918.9,39874.1,40718.6,42337.5,88585.4,92151.2,93574.6,95471.8,99518.5,1.69894e+06,1.73822e+06,1.78216e+06,1.8452e+06,1.9052e+06,80962.2,83826.5,87193.4,88394,99062.2
1971,2.8807e+07,2.97526e+07,3.06359e+07,3.15989e+07,3.218e+07,6.048e+06,6.22151e+06,6.3089e+06,6.48312e+06,6.66165e+06,1.26337e+06,1.30622e+06,1.34957e+06,1.37531e+06,1.42169e+06,117725,121013,124384,127432,129730,297221,320036,324536,331322,348893,623635,695284,707895,717631,727448,2.86073e+06,2.93757e+06,3.01056e+06,3.06178e+06,3.16614e+06,37267.5,40553.3,42900.1,43639.6,44919.6,0,0,0,0,0,37564.9,38571.5,39565.6,40395.7,42080.9,88152.1,91920.6,93368.8,95261.9,99470.5,1.69725e+06,1.73932e+06,1.7832e+06,1.84964e+06,1.9127e+06,80759,83640.4,87109.2,88291.2,99710.4
1972,2.88761e+07,2.98591e+07,3.07989e+07,3.17631e+07,3.23908e+07,6.07825e+06,6.26151e+06,6.35085e+06,6.52598e+06,6.71738e+06,1.27343e+06,1.31832e+06,1.36218e+06,1.38956e+06,1.4389e+06,117179,120397,123863,127021,129405,297931,321054,325542,333099,350584,617448,690130,703255,713459,723217,2.85853e+06,2.93845e+06,3.01411e+06,3.0681e+06,3.178e+06,37321,40697.5,43117.7,43863.5,45180.1,0,0,0,0,0,37235.3,38211.4,39237.5,40072,41823.2,87708.5,91682.7,93108.7,95034,99424.7,1.6953e+06,1.74001e+06,1.78405e+06,1.85407e+06,1.91766e+06,80549.6,84925.3,87340.6,88170.7,100993
1973,2.8954e+07,2.99682e+07,3.09606e+07,3.19236e+07,3.25948e+07,6.11089e+06,6.30358e+06,6.39047e+06,6.56844e+06,6.76897e+06,1.28337e+06,1.33026e+06,1.37515e+06,1.40304e+06,1.45587e+06,116643,119794,123286,126564,129034,298688,322097,326497,334653,352262,611358,684880,698605,709256,718584,2.85641e+06,2.93918e+06,3.01735e+06,3.07512e+06,3.18835e+06,37377.6,40838.5,43327.6,44089.6,45422.2,0,0,0,0,0,36864.4,37857,38905.4,39765.7,41544.5,87262.8,91435.1,92856.4,94776.2,99317.7,1.69241e+06,1.74003e+06,1.78479e+06,1.85728e+06,1.92244e+06,80353,84716.5,87475.8,89224.6,101568
1974,2.90121e+07,3.00804e+07,3.11178e+07,3.20927e+07,3.27891e+07,6.14086e+06,6.34409e+06,6.43015e+06,6.61453e+06,6.82037e+06,1.2932e+06,1.34139e+06,1.38755e+06,1.41692e+06,1.47265e+06,116089,119111,122717,126071,128626,299419,323254,327531,336186,354163,605244,679468,693828,704905,714278,2.85363e+06,2.9399e+06,3.02132e+06,3.08149e+06,3.19896e+06,37427.8,40972.6,43534.3,44304.2,45684.9,0,0,0,0,0,36483.9,37481.8,38580.4,39471.4,41264.2,86784.3,91207.9,92598.4,94529.5,99192.5,1.68843e+06,1.73814e+06,1.78533e+06,1.86002e+06,1.92838e+06,80277.3,84454.7,87417.8,90329,103158
1975,2.90781e+07,3.01851e+07,3.12583e+07,3.22684e+07,3.30153e+07,6.17199e+06,6.38606e+06,6.47267e+06,6.66105e+06,6.87816e+06,1.30298e+06,1.35341e+06,1.39952e+06,1.43101e+06,1.49013e+06,115543,118456,122209,125627,128285,300212,324519,328616,337999,356027,599207,674219,689052,700882,709906,2.85187e+06,2.94094e+06,3.02625e+06,3.08859e+06,3.21247e+06,37484.6,41108.2,43757.1,44526.2,45945.8,0,0,0,0,0,36110.4,37110.2,38251.6,39202.7,40999.9,86306.8,91003.7,92338,94281,99128.1,1.68537e+06,1.73602e+06,1.78607e+06,1.86289e+06,1.93379e+06,80131.2,84236.8,87532.8,91289,105620
1976,2.91585e+07,3.0295e+07,3.14067e+07,3.24631e+07,3.32487e+07,6.20702e+06,6.42851e+06,6.51878e+06,6.7092e+06,6.93957e+06,1.31351e+06,1.36557e+06,1.41192e+06,1.44558e+06,1.50867e+06,114988,117848,121737,125218,128018,301000,325722,329883,339970,357957,593160,669253,684487,696766,705639,2.85197e+06,2.94397e+06,3.03181e+06,3.09679e+06,3.22776e+06,37538,41265.3,44007.1,44753,46230.5,0,0,0,0,0,35752.4,36745.2,37910.4,38931.7,40744.3,85855.3,90775.9,92086.3,94072.3,99085.8,1.68246e+06,1.7344e+06,1.78637e+06,1.86629e+06,1.93941e+06,79855.7,84058.9,87600.6,92128.1,109152
1977,2.92428e+07,3.04258e+07,3.15676e+07,3.26683e+07,3.34889e+07,6.24545e+06,6.47303e+06,6.56692e+06,6.76143e+06,7.00166e+06,1.32452e+06,1.3781e+06,1.42464e+06,1.4604e+06,1.52764e+06,114478,117246,121284,124847,127772,301937,326862,331252,341962,360046,587304,664355,679919,692415,701404,2.85277e+06,2.94776e+06,3.03862e+06,3.10646e+06,3.2434e+06,37608.2,41427.2,44266.5,44995.5,46525,0,0,0,0,0,35400.2,36378,37562.8,38669.7,40483.5,85429.1,90528.1,91861.2,93867.5,99030.9,1.6799e+06,1.73298e+06,1.78666e+06,1.87002e+06,1.94566e+06,79630.2,84066.1,87565.3,92574.2,113779
1978,2.93317e+07,3.05576e+07,3.17317e+07,3.28736e+07,3.37355e+07,6.287e+06,6.51994e+06,6.61648e+06,6.81316e+06,7.06748e+06,1.33564e+06,1.39067e+06,1.43733e+06,1.47547e+06,1.5468e+06,113944,116659,120826,124481,127547,302948,328173,332713,344105,362100,581452,659387,675448,687919,697307,2.85401e+06,2.95181e+06,3.04574e+06,3.11667e+06,3.26041e+06,37685.8,41598.9,44534.8,45251.2,46817.9,0,0,0,0,0,35056.9,36006,37214.2,38406,40226.3,85004.5,90283,91643.5,93657.9,98990.3,1.67702e+06,1.73131e+06,1.78748e+06,1.87398e+06,1.95158e+06,79378.4,84339.1,87573.4,92727.5,117587
1979,2.94228e+07,3.06941e+07,3.18857e+07,3.30689e+07,3.39777e+07,6.32612e+06,6.56641e+06,6.66318e+06,6.86806e+06,7.13262e+06,1.34674e+06,1.40322e+06,1.45056e+06,1.49007e+06,1.56539e+06,113344,116068,120387,124113,127248,303947,329545,334133,346226,364257,575428,654174,670676,683461,692978,2.85395e+06,2.95507e+06,3.0537e+06,3.12656e+06,3.27733e+06,37760.2,41776.2,44790.9,45507.3,47125.5,0,0,0,0,0,34697.2,35636.4,36865.4,38139.2,39953.8,84559.8,90014.6,91401.7,93427.9,98911.6,1.67424e+06,1.73038e+06,1.78834e+06,1.87788e+06,1.95822e+06,79115,84821.8,87579.1,93261,120882
1980,2.95158e+07,3.08313e+07,3.20395e+07,3.32748e+07,3.42126e+07,6.36584e+06,6.61375e+06,6.71297e+06,6.92325e+06,7.19729e+06,1.35789e+06,1.41541e+06,1.46472e+06,1.5051e+06,1.58481e+06,112712,115466,119923,123715,126951,305002,330888,335611,348338,366459,569360,648969,665922,678900,688576,2.85513e+06,2.9578e+06,3.06179e+06,3.13619e+06,3.29424e+06,37841.2,41956.7,45067.9,45753.2,47440.3,0,0,0,0,0,34334.9,35263.5,36506,37859.7,39677.2,84083.6,89719.4,91147.9,93201.9,98803.4,1.67096e+06,1.7293e+06,1.78928e+06,1.882e+06,1.96505e+06,78814.6,84577.3,88218.3,93920.9,125145
1981,2.96033e+07,3.09579e+07,3.21905e+07,3.34744e+07,3.44441e+07,6.40842e+06,6.65771e+06,6.76364e+06,6.97778e+06,7.26273e+06,1.36902e+06,1.42839e+06,1.47887e+06,1.52048e+06,1.60422e+06,112041,114832,119428,123331,126630,305991,332186,337214,350485,368533,563107,643620,661100,674021,684098,2.85854e+06,2.96066e+06,3.07007e+06,3.14861e+06,3.31174e+06,37913.5,42137.5,45342.1,46003.1,47760,0,0,0,0,0,33975,34888.6,36134.3,37573.6,39395.8,83593.5,89390,90877.1,92966.1,98675,1.6673e+06,1.72746e+06,1.79243e+06,1.88718e+06,1.97109e+06,78515.2,84375.8,89122.1,94402.2,128749
1982,2.96824e+07,3.1079e+07,3.23373e+07,3.36735e+07,3.46739e+07,6.44793e+06,6.7001e+06,6.81237e+06,7.03185e+06,7.3303e+06,1.37996e+06,1.44093e+06,1.49242e+06,1.535e+06,1.6238e+06,111323,114163,118905,122905,126296,306989,333335,338594,352746,370556,556751,638197,655951,669097,679457,2.86085e+06,2.96291e+06,3.07802e+06,3.16048e+06,3.33026e+06,37987.2,42316,45613.4,46238.3,48047,0,0,0,0,0,33600,34503.8,35781.6,37283.4,39106.6,83070.8,89042.8,90552.4,92719.3,98542.9,1.66404e+06,1.72508e+06,1.79459e+06,1.89186e+06,1.97681e+06,78429.9,84098.8,89426,96279.2,134335
1983,2.97539e+07,3.11964e+07,3.24765e+07,3.38953e+07,3.48849e+07,6.4872e+06,6.74275e+06,6.85964e+06,7.09036e+06,7.3937e+06,1.39116e+06,1.45309e+06,1.50489e+06,1.54933e+06,1.64193e+06,110587,113450,118350,122443,125935,308064,334415,339939,354808,372848,550398,632733,650686,664426,674529,2.86296e+06,2.96496e+06,3.0869e+06,3.1724e+06,3.3473e+06,38067.7,42486.1,45891.8,46452.9,48342.6,0,0,0,0,0,33219.2,34134,35429.9,36972.3,38804.9,82499.4,88647.2,90238.6,92460.8,98348.6,1.66009e+06,1.72272e+06,1.79627e+06,1.8957e+06,1.98402e+06,78343.3,83790.9,90167.3,98466.9,142111
1984,2.98158e+07,3.12899e+07,3.26022e+07,3.41133e+07,3.51104e+07,6.52427e+06,6.78331e+06,6.90511e+06,7.14126e+06,7.45988e+06,1.40168e+06,1.465e+06,1.51696e+06,1.56313e+06,1.65952e+06,109824,112699,117848,121914,125512,309042,335419,341178,357007,374735,543847,627009,645128,659257,669500,2.86389e+06,2.96595e+06,3.09356e+06,3.18368e+06,3.36568e+06,38133.3,42660.1,46153.9,46658.5,48607,0,0,0,0,0,32819.5,33765,35072,36663.3,38500.5,81891.7,88232.7,89848.2,92187.7,98160.6,1.6567e+06,1.72056e+06,1.79752e+06,1.89913e+06,1.98881e+06,78357.8,83498.7,90611,100299,146230
1985,2.987e+07,3.13663e+07,3.27149e+07,3.43287e+07,3.5329e+07,6.56018e+06,6.82237e+06,6.94783e+06,7.19057e+06,7.52459e+06,1.41254e+06,1.47638e+06,1.52824e+06,1.5762e+06,1.67677e+06,109010,111906,117189,121357,125036,310013,336455,342271,359131,376484,537267,621070,639284,653840,664262,2.86373e+06,2.96721e+06,3.09939e+06,3.19335e+06,3.38343e+06,38198.3,42823.2,46404.7,46855.8,48845.2,0,0,0,0,0,32406.9,33388.2,34709.3,36328.9,38182.5,81258,87772,89406.1,91888.2,97936.6,1.65325e+06,1.71778e+06,1.79881e+06,1.90265e+06,1.99294e+06,78398,83253,91386.7,102540,151892
1986,2.99292e+07,3.14359e+07,3.28221e+07,3.45285e+07,3.55383e+07,6.59683e+06,6.86498e+06,6.9896e+06,7.24071e+06,7.5879e+06,1.42291e+06,1.48786e+06,1.53949e+06,1.58906e+06,1.69365e+06,108172,111118,116454,120704,124527,311062,337440,343377,361189,378279,530842,615101,633296,648273,658927,2.86429e+06,2.96716e+06,3.10396e+06,3.2033e+06,3.40073e+06,38274.4,42977,46648.1,47049,49074.4,0,0,0,0,0,31998.5,32963.2,34339.2,35986.1,37851.6,80597.7,87311.5,88955.8,91546.5,97679.5,1.64934e+06,1.71483e+06,1.80008e+06,1.90611e+06,1.99719e+06,78037.8,82996.7,92312.4,103598,158642
1987,2.99688e+07,3.14871e+07,3.29112e+07,3.47102e+07,3.57421e+07,6.63074e+06,6.9048e+06,7.02745e+06,7.28896e+06,7.65229e+06,1.43257e+06,1.49876e+06,1.55024e+06,1.60086e+06,1.70964e+06,107333,110255,115732,119979,123968,311990,338349,344302,363276,380372,524329,608953,627044,642494,653487,2.86379e+06,2.9659e+06,3.10709e+06,3.21186e+06,3.41869e+06,38334,43114.3,46837.8,47280.4,49273.7,0,0,0,0,0,31578.9,32532.9,33955.4,35637.8,37514,79903.3,86798.2,88461.9,91155.1,97408.7,1.64536e+06,1.71189e+06,1.80045e+06,1.90895e+06,2.00046e+06,77479.8,82778.9,92623.7,105391,163740
1988,2.99968e+07,3.15642e+07,3.29958e+07,3.48794e+07,3.59298e+07,6.66147e+06,6.94331e+06,7.06409e+06,7.3369e+06,7.71472e+06,1.44153e+06,1.50889e+06,1.56007e+06,1.61239e+06,1.72514e+06,106448,109347,115018,119224,123344,312869,339202,345056,365064,382306,517785,602619,620556,636666,647877,2.86215e+06,2.96345e+06,3.11011e+06,3.21936e+06,3.43609e+06,38384.4,43237.7,46982.4,47499.7,49544.2,0,0,0,0,0,31148.1,32095,33566.9,35284.4,37167.3,79214.4,86271.2,87924.9,90738.9,97101.9,1.64082e+06,1.70795e+06,1.80035e+06,1.91146e+06,2.0038e+06,76980.5,82501.5,92790.1,107149,170077
1989,3.00222e+07,3.16442e+07,3.30746e+07,3.5041e+07,3.61023e+07,6.69231e+06,6.98276e+06,7.09898e+06,7.38007e+06,7.7746e+06,1.4504e+06,1.5188e+06,1.56939e+06,1.62319e+06,1.74031e+06,105526,108462,114273,118420,122705,313790,339831,345787,366709,384293,511343,596346,614090,630653,642019,2.86098e+06,2.96082e+06,3.11212e+06,3.22738e+06,3.45292e+06,38439.6,43298.7,47091.7,47714.2,49793.6,0,0,0,0,0,30720.6,31653.9,33171.6,34931.6,36811,78499.3,85730.8,87372.2,90301.2,96755,1.63582e+06,1.70336e+06,1.79977e+06,1.9137e+06,2.00617e+06,76446.4,82181.3,93131.2,107855,175820
1990,3.00246e+07,3.17238e+07,3.31452e+07,3.52024e+07,3.626e+07,6.72114e+06,7.01571e+06,7.13034e+06,7.4178e+06,7.83203e+06,1.45847e+06,1.52814e+06,1.57765e+06,1.63331e+06,1.75486e+06,104570,107533,113513,117553,122025,314558,340294,346331,368192,386186,504721,589939,607557,624352,635933,2.8592e+06,2.95735e+06,3.11293e+06,3.23344e+06,3.46908e+06,38472.5,43301.6,47184.1,47915,50001.1,0,0,0,0,0,30283.3,31202.2,32767,34577.5,36443.5,77771.1,85137.9,86773.2,89863,96372.9,1.62997e+06,1.69823e+06,1.79865e+06,1.91562e+06,2.00695e+06,75894.6,81818.5,93517.8,109388,178659
1991,3.00195e+07,3.17602e+07,3.32108e+07,3.53593e+07,3.63981e+07,6.74855e+06,7.04625e+06,7.1599e+06,7.46718e+06,7.88555e+06,1.46627e+06,1.53689e+06,1.58575e+06,1.64273e+06,1.76882e+06,103570,106632,112738,116688,121288,315259,340707,346792,369566,387935,498097,583381,601370,618202,629648,2.85689e+06,2.95401e+06,3.115e+06,3.23965e+06,3.48422e+06,38494.4,43291.8,47263.7,48101.5,50162.1,0,0,0,0,0,29848,30741.4,32303.5,34206.1,36061.3,77058.6,84534,86170.2,89407.8,95945.8,1.62353e+06,1.69209e+06,1.79695e+06,1.91665e+06,2.00816e+06,75389.7,81414.5,93715.6,110835,182468
1992,3.001e+07,3.17828e+07,3.32691e+07,3.55015e+07,3.65226e+07,6.77424e+06,7.07654e+06,7.18788e+06,7.51288e+06,7.93716e+06,1.47372e+06,1.54501e+06,1.59471e+06,1.65155e+06,1.78148e+06,102548,105748,111902,115786,120510,316033,341056,347162,370832,389525,491567,576655,595128,611743,623214,2.85424e+06,2.95002e+06,3.1162e+06,3.24651e+06,3.49888e+06,38522.8,43298.7,47320.6,48283.7,50297.1,0,0,0,0,0,29407.3,30272.9,31838.8,33835.3,35659.4,76339.5,83919.5,85537.2,88909.7,95492.4,1.61622e+06,1.68652e+06,1.79494e+06,1.91743e+06,2.0082e+06,74982.9,81211.8,94002.6,112876,188469
1993,2.99943e+07,3.17956e+07,3.33195e+07,3.56501e+07,3.66249e+07,6.79818e+06,7.10447e+06,7.21356e+06,7.56038e+06,7.98435e+06,1.48081e+06,1.55399e+06,1.60229e+06,1.65947e+06,1.79366e+06,101512,104835,111003,114825,119682,316694,341342,347456,371895,391002,485051,569825,588686,605044,616566,2.85136e+06,2.94654e+06,3.11731e+06,3.25378e+06,3.51224e+06,38533.1,43289.4,47352.5,48414.9,50403.2,0,0,0,0,0,28966.3,29803.2,31378.7,33437.2,35248.1,75615.4,83276.6,84892.5,88417.7,94994.6,1.60831e+06,1.68194e+06,1.79199e+06,1.91582e+06,2.00731e+06,74594.9,80867.7,94182.8,115586,196576
1994,2.99742e+07,3.18227e+07,3.33668e+07,3.57785e+07,3.67182e+07,6.81994e+06,7.13043e+06,7.24023e+06,7.60318e+06,8.02936e+06,1.4874e+06,1.56243e+06,1.61022e+06,1.66723e+06,1.80564e+06,100545,103907,110067,113854,118851,317264,341508,347705,372759,392478,478599,563199,582246,598336,609732,2.84832e+06,2.94275e+06,3.11915e+06,3.26261e+06,3.52528e+06,38527,43274.2,47371.8,48544,50475.4,0,0,0,0,0,28524.2,29347.9,30923.7,33050.3,34828.2,74873,82633.3,84228.4,87890.3,94474.4,1.60067e+06,1.67633e+06,1.78826e+06,1.91326e+06,2.00511e+06,74177.9,80640.6,94360.1,120783,206390
1995,2.99519e+07,3.18779e+07,3.3398e+07,3.59015e+07,3.68291e+07,6.84099e+06,7.15548e+06,7.26387e+06,7.64605e+06,8.07354e+06,1.49377e+06,1.57072e+06,1.61774e+06,1.67435e+06,1.8162e+06,99596,102959,109122,112893,117996,317763,341647,347802,373624,393830,472200,556620,575768,591621,602882,2.8454e+06,2.93949e+06,3.12084e+06,3.27046e+06,3.53853e+06,38508.5,43244.9,47360.6,48664.6,50544.3,0,0,0,0,0,28135.6,28900,30460,32662.9,34402,74109.3,81984.9,83559.7,87363.5,93942.4,1.5924e+06,1.67064e+06,1.78397e+06,1.91006e+06,2.00256e+06,73696.1,80183.8,94483.9,127818,224320
1996,2.99123e+07,3.19281e+07,3.34261e+07,3.60568e+07,3.69621e+07,6.86121e+06,7.17795e+06,7.28533e+06,7.68795e+06,8.11797e+06,1.49943e+06,1.57833e+06,1.62484e+06,1.68065e+06,1.82696e+06,98631.3,101996,108147,111909,117135,318238,341785,347896,374441,395286,465860,550018,569385,584933,596096,2.84305e+06,2.93571e+06,3.12288e+06,3.27941e+06,3.5528e+06,38484.3,43197,47323.4,48777.4,50590.4,0,0,0,0,0,27755.1,28449,30002.5,32284.5,33982,73340.6,81304.7,82884.8,86833,93415.5,1.58409e+06,1.66376e+06,1.7795e+06,1.9058e+06,1.99911e+06,73343.6,79694.8,94585.3,130406,246477
1997,2.98673e+07,3.19362e+07,3.34473e+07,3.62097e+07,3.70954e+07,6.88024e+06,7.19619e+06,7.30493e+06,7.73037e+06,8.16029e+06,1.50461e+06,1.58604e+06,1.63105e+06,1.68648e+06,1.83621e+06,97640.2,101038,107153,110846,116237,318700,342209,347865,375221,396533,459658,543306,562978,578308,589228,2.84078e+06,2.93237e+06,3.12588e+06,3.28793e+06,3.56702e+06,38455.7,43135.9,47278.9,48856.7,50636.7,0,0,0,0,0,27381.8,27993.7,29538.8,31896.3,33550.9,72582.9,80621.9,82211.5,86304.7,92873.7,1.57493e+06,1.65697e+06,1.77414e+06,1.90101e+06,1.99554e+06,73057.1,79199.9,94932.6,133197,260329
1998,2.9817e+07,3.19194e+07,3.3469e+07,3.63616e+07,3.72261e+07,6.89888e+06,7.21261e+06,7.32293e+06,7.77354e+06,8.2041e+06,1.50964e+06,1.59353e+06,1.63697e+06,1.69158e+06,1.84547e+06,96708.8,100076,106127,109754,115334,319129,341900,347788,375984,397801,453435,536642,556586,571507,582644,2.83912e+06,2.9294e+06,3.12833e+06,3.29709e+06,3.58254e+06,38419,43063.1,47217.1,48916.8,50655.2,0,0,0,0,0,26975.9,27544,29075.2,31478.8,33123.7,71842.7,79918.5,81521.9,85791.5,92337.4,1.56478e+06,1.64901e+06,1.76819e+06,1.89532e+06,1.99086e+06,72769.3,78704.2,95417.9,137723,273474
1999,2.97642e+07,3.18987e+07,3.34916e+07,3.64954e+07,3.73498e+07,6.91682e+06,7.2272e+06,7.34782e+06,7.81697e+06,8.24702e+06,1.51465e+06,1.60068e+06,1.64227e+06,1.69642e+06,1.85444e+06,95792.9,99120.1,105079,108676,114413,319542,341598,348216,376766,398895,447246,529978,550063,564895,576629,2.83774e+06,2.92692e+06,3.13145e+06,3.30747e+06,3.59848e+06,38376.4,42974.4,47144.9,48954.9,50669.9,0,0,0,0,0,26536.2,27100,28618.9,31053.9,32692.1,71126.9,79211.9,80841.4,85285,91783.7,1.55182e+06,1.63783e+06,1.76158e+06,1.88889e+06,1.9883e+06,72331,78211.1,95961,142717,296699
2000,2.97266e+07,3.18806e+07,3.35077e+07,3.66222e+07,3.74713e+07,6.93553e+06,7.24402e+06,7.37011e+06,7.85898e+06,8.28935e+06,1.51942e+06,1.6062e+06,1.64734e+06,1.70293e+06,1.86271e+06,94880.3,98161.4,104027,107570,113503,319908,341163,348794,377453,400030,441147,523201,543646,558496,570800,2.83755e+06,2.92484e+06,3.13571e+06,3.3181e+06,3.61528e+06,38325.5,42942.3,47044.2,48985.8,50665.7,0,0,0,0,0,26085.1,26702.4,28167.6,30639.5,32259.2,70383.2,78526.1,80158.4,84773.9,91226.7,1.53917e+06,1.62555e+06,1.75506e+06,1.88163e+06,1.98566e+06,71976.7,77720.5,96429.7,150875,307181
2001,2.96891e+07,3.18596e+07,3.35198e+07,3.67514e+07,3.75909e+07,6.95519e+06,7.25938e+06,7.39063e+06,7.90359e+06,8.33163e+06,1.52373e+06,1.60922e+06,1.65206e+06,1.70904e+06,1.87085e+06,93945,97206,102969,106580,112564,320237,340724,349474,378107,401239,435030,516281,537276,552078,565068,2.83357e+06,2.92273e+06,3.14077e+06,3.32913e+06,3.63307e+06,38266.9,42974.3,46939,48990,50657.4,0,0,0,0,0,25643.7,26301.5,27713.7,30215.9,31828.8,69640.1,77828.8,79499.2,84284.5,90656.9,1.52608e+06,1.61305e+06,1.74823e+06,1.87427e+06,1.98223e+06,71588.9,77251.9,96889.7,157821,322556
2002,2.96337e+07,3.18493e+07,3.35334e+07,3.68767e+07,3.77145e+07,6.97322e+06,7.27497e+06,7.41117e+06,7.93794e+06,8.37115e+06,1.52823e+06,1.61204e+06,1.65626e+06,1.71467e+06,1.87864e+06,92992.6,96263.3,101929,105785,111625,320643,340234,350054,378679,402304,429165,509383,530826,545518,559329,2.83063e+06,2.92166e+06,3.14594e+06,3.34157e+06,3.65091e+06,38215.9,42982.6,46831.5,49045.3,50650.3,0,0,0,0,0,25207,25899.2,27286.2,29793.5,31402.2,68913.3,77103.8,78842.4,83798.7,90064.3,1.51252e+06,1.60043e+06,1.74108e+06,1.86643e+06,1.97847e+06,71255.4,76814.1,97150.9,164968,340190
2003,2.95695e+07,3.18319e+07,3.35375e+07,3.69976e+07,3.78328e+07,6.98781e+06,7.28741e+06,7.43552e+06,7.96924e+06,8.41171e+06,1.53235e+06,1.61355e+06,1.65982e+06,1.7201e+06,1.88634e+06,91949.8,95295.3,100867,104995,110695,321005,339728,350528,378943,403380,423291,502454,524413,538889,553582,2.82729e+06,2.92054e+06,3.15187e+06,3.35303e+06,3.6706e+06,38154,42991.1,46698.5,49083.5,50643.7,0,0,0,0,0,24763.2,25503.6,26880,29371.8,30974.7,68160.8,76356.5,78170,83314.3,89485.8,1.50089e+06,1.58673e+06,1.73272e+06,1.8579e+06,1.97458e+06,70781.9,76405.9,97511.5,172469,358271
2004,2.95088e+07,3.18083e+07,3.35374e+07,3.71211e+07,3.79367e+07,7.00351e+06,7.2998e+06,7.46164e+06,8.00002e+06,8.44997e+06,1.53632e+06,1.61353e+06,1.66418e+06,1.72497e+06,1.89334e+06,90850.5,94310.3,99809.9,104209,109741,321258,339268,351071,378984,404399,417283,495685,518214,532408,547477,2.82427e+06,2.91978e+06,3.15753e+06,3.36481e+06,3.69035e+06,38078.1,42994.7,46564.4,49134.6,50600.9,0,0,0,0,0,24326.7,25163,26469.5,28956.1,30549.4,67413.4,75626.6,77491.8,82840.2,88889,1.48933e+06,1.57306e+06,1.72356e+06,1.84983e+06,1.96993e+06,70380.6,75952.3,97846.8,180848,381227
2005,2.94436e+07,3.1781e+07,3.35356e+07,3.72172e+07,3.80374e+07,7.01793e+06,7.31049e+06,7.48377e+06,8.03091e+06,8.48735e+06,1.5403e+06,1.61299e+06,1.66714e+06,1.72969e+06,1.90018e+06,89747.5,93330,98744.8,103383,108775,321524,338729,351489,378935,405294,411356,488824,511763,525845,541164,2.82165e+06,2.91916e+06,3.16298e+06,3.37757e+06,3.71106e+06,38003.8,42979.9,46424.7,49052,50545,0,0,0,0,0,23893.1,24820.3,26061.6,28534.6,30126.9,66664.4,74928.5,76788.9,82338.2,88271.7,1.47781e+06,1.55902e+06,1.71159e+06,1.84115e+06,1.96417e+06,69902.9,75517.9,98428.4,189166,404420
2006,2.93869e+07,3.17398e+07,3.35347e+07,3.73424e+07,3.81324e+07,7.03313e+06,7.31774e+06,7.50241e+06,8.06559e+06,8.52558e+06,1.54404e+06,1.61319e+06,1.6701e+06,1.73479e+06,1.90712e+06,88667,92361.2,97682.5,102556,107809,321818,338115,351469,378874,406065,405515,482265,505418,519281,534613,2.81806e+06,2.92034e+06,3.16916e+06,3.39263e+06,3.7335e+06,37929.5,42948.8,46286.8,48963.1,50485.1,0,0,0,0,0,23451.3,24483.8,25664.5,28120.6,29714.3,65934.5,74293,76074.9,81822.2,87645.5,1.46602e+06,1.54457e+06,1.69924e+06,1.83391e+06,1.9584e+06,69584.9,75087.4,98771.2,199334,432247
2007,2.93398e+07,3.16921e+07,3.35293e+07,3.74187e+07,3.82398e+07,7.04664e+06,7.32409e+06,7.52062e+06,8.09731e+06,8.56371e+06,1.5478e+06,1.61455e+06,1.67274e+06,1.73934e+06,1.91318e+06,87615,91406.6,96604.4,101725,106844,322204,337381,351154,378811,406923,399770,475721,499244,512836,527991,2.81444e+06,2.9215e+06,3.17663e+06,3.40849e+06,3.75679e+06,37865.6,42935.7,46135.2,48865.9,50420.9,0,0,0,0,0,23011,24147.4,25270.4,27718.4,29308.2,65188,73692.7,75368.4,81312.3,87005.1,1.4542e+06,1.52951e+06,1.68643e+06,1.82733e+06,1.95164e+06,69190.3,74667.3,99363.9,208454,459539
2008,2.92834e+07,3.16436e+07,3.35158e+07,3.74791e+07,3.83321e+07,7.05284e+06,7.32997e+06,7.53675e+06,8.13102e+06,8.59921e+06,1.55138e+06,1.6151e+06,1.6751e+06,1.74316e+06,1.91947e+06,86553.6,90316.8,95543.3,100908,105859,322514,336536,350780,378609,407700,394058,469321,493005,506266,521356,2.81121e+06,2.92264e+06,3.18369e+06,3.42313e+06,3.77989e+06,37792.3,42909.4,45975.2,48742.6,50337,0,0,0,0,0,22569.3,23815.8,24868.6,27316.6,28916.4,64419.9,73089.1,74631.2,80801.5,86339.6,1.44227e+06,1.51388e+06,1.67296e+06,1.82018e+06,1.9453e+06,68863.2,74247,100578,217053,486658
2009,2.92223e+07,3.16061e+07,3.35003e+07,3.75316e+07,3.84177e+07,7.05054e+06,7.33755e+06,7.55277e+06,8.16205e+06,8.63429e+06,1.55389e+06,1.6155e+06,1.67872e+06,1.74656e+06,1.92523e+06,85467.3,89154.3,94503.9,100047,104865,322688,335655,350393,378511,408569,388252,462880,486586,499719,515038,2.80931e+06,2.92267e+06,3.19111e+06,3.43805e+06,3.80382e+06,37701.5,42892.2,45802.3,48613,50246,0,0,0,0,0,22125.5,23417.5,24468.5,26914.6,28534.6,63649.3,72476.4,73891.9,80262.6,85672.9,1.42936e+06,1.49799e+06,1.65959e+06,1.81255e+06,1.93851e+06,68509.1,73903.3,102302,225309,515120
2010,2.91618e+07,3.15607e+07,3.34868e+07,3.75858e+07,3.8497e+07,7.0488e+06,7.34233e+06,7.56661e+06,8.19995e+06,8.66889e+06,1.5562e+06,1.61556e+06,1.6832e+06,1.74986e+06,1.93061e+06,84387.9,88016.4,93463.8,99233.1,103872,322829,334786,350032,379389,409352,382525,456591,480396,493395,508686,2.80691e+06,2.92268e+06,3.19905e+06,3.45415e+06,3.82845e+06,37603.8,42827.4,45634.3,48490.1,50152.4,0,0,0,0,0,21689.1,22989.6,24079.6,26522.9,28147.7,62888,71881.3,73150.7,79752.2,85000.8,1.41632e+06,1.48209e+06,1.64597e+06,1.80502e+06,1.93165e+06,68133.1,73564.3,104004,236834,561715
2011,2.90967e+07,3.15099e+07,3.34733e+07,3.76376e+07,3.85823e+07,7.04699e+06,7.345e+06,7.58278e+06,8.23796e+06,8.70621e+06,1.55881e+06,1.61525e+06,1.68629e+06,1.75317e+06,1.93568e+06,83312,86911,92396.8,98439.7,102882,323072,334110,349597,380195,410149,376992,450087,474307,487121,502378,2.80464e+06,2.9241e+06,3.20654e+06,3.47273e+06,3.85426e+06,37517.9,42662.7,45451.7,48373.7,50049.2,0,0,0,0,0,21254.1,22565.1,23703.8,26140.6,27773.9,62149.3,71266.9,72420,79257.5,84326.2,1.4036e+06,1.46607e+06,1.63239e+06,1.79727e+06,1.92449e+06,67801.6,73287.1,105346,248072,610446
2012,2.90301e+07,3.14639e+07,3.34583e+07,3.76917e+07,3.86683e+07,7.04396e+06,7.34831e+06,7.60147e+06,8.26582e+06,8.74948e+06,1.56087e+06,1.61495e+06,1.6885e+06,1.75632e+06,1.93975e+06,82225.2,85781.4,91340.2,97615.3,101882,323326,333529,349201,381058,410750,371526,443790,468359,480962,496155,2.80324e+06,2.92519e+06,3.2142e+06,3.49113e+06,3.88095e+06,37432.7,42500.2,45265.4,48230.6,50062.8,0,0,0,0,0,20830.1,22153.7,23328.3,25761.3,27392.7,61412.1,70663.9,71686.5,78758.2,83648.6,1.39029e+06,1.44999e+06,1.61863e+06,1.78961e+06,1.91604e+06,67613.2,73005,106674,257924,643481
2013,2.89568e+07,3.1424e+07,3.35103e+07,3.77386e+07,3.87561e+07,7.0404e+06,7.3471e+06,7.6193e+06,8.28838e+06,8.79462e+06,1.56243e+06,1.61378e+06,1.68951e+06,1.75768e+06,1.94341e+06,81117.5,84608.5,90269.4,96743.5,100911,322921,332902,348756,381905,411377,366216,437373,462428,474774,489842,2.80096e+06,2.92557e+06,3.22223e+06,3.50825e+06,3.90749e+06,37343.8,42316.6,45099.5,48127.7,50083.3,0,0,0,0,0,20403.3,21747.5,22926.2,25400.1,27021.9,60687.2,70081.6,70933.8,78232.2,82972.3,1.37653e+06,1.43379e+06,1.60384e+06,1.78117e+06,1.9073e+06,67377.3,72784,108216,266521,672266
2014,2.88773e+07,3.1374e+07,3.3557e+07,3.77783e+07,3.88324e+07,7.03358e+06,7.34529e+06,7.63801e+06,8.30702e+06,8.8365e+06,1.56408e+06,1.61269e+06,1.69073e+06,1.7576e+06,1.94633e+06,80006.6,83411.9,89195.7,95833.7,99906.7,321953,332216,348279,382626,411942,361074,431202,456464,468416,483651,2.79868e+06,2.92681e+06,3.22917e+06,3.52561e+06,3.93486e+06,37262,42136.4,45004.2,48009.6,50087.9,0,0,0,0,0,19985.9,21335.7,22523,25030,26653.8,59945.5,69436.7,70167.8,77624,82293.1,1.36279e+06,1.41688e+06,1.58895e+06,1.77231e+06,1.89783e+06,67065.7,72675.3,109605,275340,694775
2015,2.88133e+07,3.13157e+07,3.3598e+07,3.78167e+07,3.89299e+07,7.02647e+06,7.34473e+06,7.65372e+06,8.32674e+06,8.8823e+06,1.564e+06,1.61176e+06,1.69175e+06,1.75665e+06,1.94899e+06,79086.2,82234.8,88136,94826.8,98832.3,321107,331497,347759,383449,412394,355943,425217,450602,461934,477580,2.79674e+06,2.9281e+06,3.23658e+06,3.54159e+06,3.96169e+06,37171.8,41958.8,44898.9,47883.7,50072.9,0,0,0,0,0,19584.1,20924.1,22171.2,24697.3,26284.8,59220.5,68786.4,69380.1,76993,81718.1,1.34904e+06,1.39987e+06,1.57357e+06,1.76311e+06,1.88825e+06,66767.8,72659,111304,286702,719024
2016,2.87486e+07,3.12556e+07,3.3641e+07,3.78491e+07,3.90382e+07,7.01742e+06,7.34619e+06,7.6681e+06,8.34277e+06,8.9258e+06,1.56027e+06,1.61156e+06,1.69312e+06,1.75497e+06,1.95087e+06,78181,81063.3,87109.8,93790.6,97751.7,320200,330676,347177,384154,412766,350838,419285,444709,455350,471875,2.79715e+06,2.92879e+06,3.24341e+06,3.55665e+06,3.98855e+06,37067.3,41773,44783.1,47736.4,50057,0,0,0,0,0,19185.9,20514.3,21833.8,24381.7,25916.6,58493.6,68132.8,68567.9,76346.7,81151,1.33482e+06,1.38265e+06,1.55864e+06,1.75323e+06,1.87798e+06,66299.3,72748.7,113357,301146,740412
2017,2.86769e+07,3.11994e+07,3.36761e+07,3.78766e+07,3.91472e+07,7.00952e+06,7.34196e+06,7.68328e+06,8.35596e+06,8.96177e+06,1.55628e+06,1.61093e+06,1.694e+06,1.75226e+06,1.95158e+06,77296.1,79915.8,86091.2,92731.8,96790.8,319252,329904,346542,384602,412999,346011,413406,438762,448987,466159,2.79671e+06,2.9337e+06,3.25094e+06,3.57456e+06,4.01593e+06,36892,41573.8,44663.5,47576.6,50015.2,0,0,0,0,0,18790,20112.5,21507.5,24063.2,25543.6,57794.3,67490.5,67849,75676.5,80552.7,1.32085e+06,1.3655e+06,1.54357e+06,1.7428e+06,1.86672e+06,65854.3,72850.2,115478,314371,761556
2018,2.86155e+07,3.11481e+07,3.37142e+07,3.79367e+07,3.92304e+07,7.0017e+06,7.33561e+06,7.69299e+06,8.37244e+06,8.99948e+06,1.5519e+06,1.61007e+06,1.69472e+06,1.74889e+06,1.95208e+06,76435.5,78759.6,85102.1,91698.4,95878.4,318334,329064,345920,385157,413306,341091,407584,432911,442871,460664,2.79696e+06,2.93917e+06,3.25897e+06,3.59015e+06,4.04492e+06,36681,41375.6,44538.1,47413.2,49974.1,0,0,0,0,0,18406.9,19725.6,21191.4,23743,25171,57092,66790.6,67183.6,74993.9,79981.4,1.30656e+06,1.34803e+06,1.5282e+06,1.73258e+06,1.85546e+06,65413.1,72903.1,118959,329543,796035
2019,2.85606e+07,3.11074e+07,3.37503e+07,3.80019e+07,3.93161e+07,7.00368e+06,7.32796e+06,7.70097e+06,8.38642e+06,9.03592e+06,1.54749e+06,1.60889e+06,1.6955e+06,1.74495e+06,1.952e+06,75606.7,77588,84131.2,90660.1,94957.9,317478,328802,345257,385603,413576,336375,401717,427203,436911,455328,2.79767e+06,2.94496e+06,3.26669e+06,3.60614e+06,4.07358e+06,36463.8,41171.9,44414.6,47236.5,49920.2,0,0,0,0,0,18032.9,19332.9,20882.4,23435.3,24808.8,56390.1,66046.7,66553.8,74323.3,79403.8,1.2925e+06,1.33033e+06,1.51286e+06,1.72168e+06,1.84373e+06,64906.4,72953.9,122386,347901,823664
2020,2.84989e+07,3.10785e+07,3.37788e+07,3.80499e+07,3.94014e+07,7.00497e+06,7.31688e+06,7.71167e+06,8.39854e+06,9.07454e+06,1.54246e+06,1.607e+06,1.69488e+06,1.74042e+06,1.95134e+06,74573.4,76439.3,83172,89623.3,93994.2,316555,328138,344474,386098,413773,331810,395818,421587,430958,450080,2.79842e+06,2.94989e+06,3.27445e+06,3.62251e+06,4.10214e+06,36251.4,40944,44276.7,47053.6,49848.3,0,0,0,0,0,17655,18957,20572.8,23126.7,24447.9,55684.1,65280.2,65976.9,73654.7,78844,1.27824e+06,1.31241e+06,1.49721e+06,1.71002e+06,1.8315e+06,64391.2,73084.6,127003,366678,856039
2021,2.84459e+07,3.10419e+07,3.38045e+07,3.80824e+07,3.94667e+07,7.00344e+06,7.3019e+06,7.7186e+06,8.41439e+06,9.11503e+06,1.5373e+06,1.6044e+06,1.6925e+06,1.73495e+06,1.95065e+06,73492.7,75342.2,82217.5,88637.3,92993.1,315669,327182,343650,386649,413942,327165,389877,415998,424997,444938,2.79919e+06,2.95462e+06,3.28363e+06,3.6373e+06,4.1308e+06,36031.9,40709.3,44133.6,46876.1,49761,0,0,0,0,0,17286.6,18592.4,20265.5,22819.7,24095.4,54991.3,64548.8,65301.4,73009.4,78289.8,1.26208e+06,1.29542e+06,1.481e+06,1.69726e+06,1.81946e+06,63925.6,73211.3,130820,387459,897173
2022,2.83791e+07,3.10004e+07,3.38176e+07,3.8119e+07,3.95391e+07,7.00281e+06,7.28426e+06,7.71338e+06,8.43204e+06,9.15009e+06,1.53176e+06,1.60138e+06,1.68939e+06,1.72846e+06,1.94962e+06,72394.1,74270.6,81195.6,87677.5,92003.7,314697,326059,342651,387017,413996,322668,383898,410567,419102,439874,2.80011e+06,2.95926e+06,3.29185e+06,3.65229e+06,4.15896e+06,35801.1,40460.4,44070.6,46683.6,49667.9,0,0,0,0,0,16924.6,18215.9,19961.8,22518.9,23740.8,54306.9,63864.3,64607,72367.8,77731,1.2442e+06,1.27813e+06,1.46435e+06,1.6838e+06,1.80726e+06,63478.4,73238.2,136076,405694,945857
2023,2.82986e+07,3.09595e+07,3.38257e+07,3.81384e+07,3.96584e+07,6.99753e+06,7.26626e+06,7.70705e+06,8.45038e+06,9.18612e+06,1.52558e+06,1.59732e+06,1.68569e+06,1.72323e+06,1.94874e+06,71260.9,73191.4,80126.3,86745.9,91041.7,313579,324972,341474,387445,414017,318147,377803,405166,413155,434901,2.79883e+06,2.96293e+06,3.29914e+06,3.66739e+06,4.18825e+06,35566.7,40189.7,44011.9,46492.1,49580.2,0,0,0,0,0,16561.3,17842.8,19656.9,22221.3,23395.1,53620.1,63123,63880.8,71744,77173,1.22641e+06,1.26053e+06,1.44779e+06,1.67037e+06,1.79518e+06,63103.6,73240.4,140603,417716,999571
2024,2.82116e+07,3.08995e+07,3.38306e+07,3.81601e+07,3.97835e+07,6.99211e+06,7.24705e+06,7.69983e+06,8.47011e+06,9.22193e+06,1.5194e+06,1.59301e+06,1.6813e+06,1.72086e+06,1.94724e+06,70128.4,72183.1,79029.4,85804.6,90092.3,312445,323912,340206,387829,413916,313768,371778,399808,407312,429713,2.79653e+06,2.96611e+06,3.30684e+06,3.6837e+06,4.21745e+06,35336.6,39905.8,43919.5,46287.6,49482.5,0,0,0,0,0,16208.6,17477.4,19364,21884.8,23046.5,52952.4,62324.6,63158.4,71068.2,76609.9,1.20873e+06,1.24544e+06,1.43087e+06,1.65657e+06,1.78275e+06,62824.6,73193.4,143692,429159,1.06369e+06
2025,2.81215e+07,3.08514e+07,3.38374e+07,3.81866e+07,3.99292e+07,6.98714e+06,7.2261e+06,7.69015e+06,8.48932e+06,9.26216e+06,1.51268e+06,1.59089e+06,1.67692e+06,1.7185e+06,1.94601e+06,69007.7,70997.2,77984.6,84806.2,89162.9,311310,322659,338960,388241,413762,309421,365855,394528,401798,424693,2.79514e+06,2.97014e+06,3.31569e+06,3.69891e+06,4.24488e+06,35099.8,39623,43702.6,46080.4,49369.4,0,0,0,0,0,15863.9,17127.3,19083,21534,22707.2,52294.5,61563.9,62451.8,70370,76051.9,1.19049e+06,1.23076e+06,1.41391e+06,1.64181e+06,1.77046e+06,62524.2,73259.9,147111,439227,1.11965e+06
2026,2.80562e+07,3.07997e+07,3.3834e+07,3.82226e+07,4.00859e+07,6.98303e+06,7.20688e+06,7.67655e+06,8.50236e+06,9.30539e+06,1.50645e+06,1.58917e+06,1.67234e+06,1.71559e+06,1.94454e+06,67962.2,69831.6,76931.5,83825.8,88220.5,310995,321347,337798,388769,413588,305140,360277,389395,396348,419716,2.7933e+06,2.97651e+06,3.32478e+06,3.71518e+06,4.27443e+06,34857.7,39368.4,43486.1,45807.3,49235.3,0,0,0,0,0,15542.5,16779.4,18812.3,21185.5,22374.6,51652.3,60799.6,61776.6,69692.1,75518.1,1.17232e+06,1.21656e+06,1.39851e+06,1.62708e+06,1.75781e+06,62171.2,73434.7,150600,449291,1.1727e+06
2027,2.79942e+07,3.07477e+07,3.38236e+07,3.82472e+07,4.02342e+07,6.9772e+06,7.18601e+06,7.66482e+06,8.51722e+06,9.34613e+06,1.49994e+06,1.58581e+06,1.66726e+06,1.7143e+06,1.94255e+06,66948.1,68684.2,75900.7,82863.2,87256,310630,320019,336607,388938,413385,300879,354903,384250,391123,414676,2.79128e+06,2.98265e+06,3.33508e+06,3.73081e+06,4.30508e+06,34609,39136.6,43267,45544,49088.5,0,0,0,0,0,15227.8,16446,18543.3,20842,22040.8,51155.9,60061.5,61123.2,69021.1,74967.7,1.1542e+06,1.20204e+06,1.38304e+06,1.61249e+06,1.74479e+06,61800.2,73570.9,155017,459012,1.23621e+06
2028,2.79212e+07,3.07036e+07,3.38112e+07,3.826e+07,4.03728e+07,6.96866e+06,7.16333e+06,7.65152e+06,8.53149e+06,9.3844e+06,1.49282e+06,1.57805e+06,1.66211e+06,1.71316e+06,1.94017e+06,65913.5,67535.3,74874.9,81895,86289.8,309329,318658,335330,388756,413064,296629,349480,379125,385754,409810,2.78841e+06,2.98786e+06,3.34444e+06,3.74619e+06,4.3346e+06,34354.8,38889,43032.3,45262.8,48931.5,0,0,0,0,0,14912,16111.6,18273.7,20500.1,21711,50657.5,59300.5,60504.7,68345.9,74429.5,1.13601e+06,1.18709e+06,1.36878e+06,1.59705e+06,1.73154e+06,61429.7,73580.1,159324,467713,1.3054e+06
2029,2.78197e+07,3.06575e+07,3.37915e+07,3.82645e+07,4.05185e+07,6.95762e+06,7.13715e+06,7.63649e+06,8.54668e+06,9.42427e+06,1.48533e+06,1.56967e+06,1.6566e+06,1.71161e+06,1.93705e+06,64873.1,66418.3,73863.9,80934.4,85423.7,307612,317228,334032,388676,412769,292554,344100,373721,380530,405050,2.78563e+06,2.99356e+06,3.35366e+06,3.76376e+06,4.36691e+06,34089.4,38642.6,42797.3,44981.5,48759.9,0,0,0,0,0,14601.7,15785.1,18003.3,20170.6,21386.2,50161.2,58548.5,59909.2,67670.7,73888.9,1.11742e+06,1.17199e+06,1.3545e+06,1.58184e+06,1.7178e+06,61038.5,73389.1,162397,471093,1.37927e+06
2030,2.77128e+07,3.06077e+07,3.377e+07,3.82666e+07,4.06522e+07,6.94664e+06,7.11138e+06,7.61897e+06,8.5589e+06,9.45699e+06,1.47695e+06,1.56085e+06,1.65036e+06,1.70942e+06,1.93319e+06,63836.1,65349.6,72847.5,79955.5,84633.4,305920,316113,332620,388728,412263,288421,338972,368355,375535,400331,2.78259e+06,3.00005e+06,3.36249e+06,3.77984e+06,4.40194e+06,33821.5,38392.4,42550.5,44680.1,48613.1,0,0,0,0,0,14287.9,15461.6,17731.8,19857.1,21054.7,49683.5,57783.6,59299.9,66988,73336.2,1.09865e+06,1.15685e+06,1.33975e+06,1.567e+06,1.70344e+06,60743.2,73248.2,164309,475733,1.45159e+06
2031,2.75704e+07,3.04902e+07,3.37587e+07,3.82568e+07,4.07622e+07,6.9337e+06,7.08416e+06,7.59813e+06,8.57056e+06,9.4723e+06,1.46822e+06,1.55177e+06,1.64409e+06,1.70701e+06,1.92912e+06,62781,64332.4,71785.3,78993,83867.2,304163,314987,331225,388641,411717,284329,333793,363105,370651,395579,2.78022e+06,3.0058e+06,3.37012e+06,3.79616e+06,4.43679e+06,33556,38128.2,42298.3,44350.6,48458.9,0,0,0,0,0,13976.2,15133.7,17462.2,19544.1,20727.5,49197.1,56989.6,58700.5,66310.8,72780.2,1.08005e+06,1.14141e+06,1.32491e+06,1.5513e+06,1.68897e+06,60447.2,73137.8,166719,480453,1.52499e+06
2032,2.74256e+07,3.03601e+07,3.37311e+07,3.82392e+07,4.08498e+07,6.92029e+06,7.06203e+06,7.57682e+06,8.58346e+06,9.48613e+06,1.45962e+06,1.54286e+06,1.63667e+06,1.70472e+06,1.92509e+06,61747.4,63343.1,70725.4,78063.1,83091.3,302417,313810,329734,388474,411109,280504,328709,358016,365957,390709,2.77688e+06,3.01199e+06,3.37825e+06,3.81475e+06,4.47101e+06,33286.8,37872.3,42039.8,44032.8,48288.9,0,0,0,0,0,13673.4,14817.1,17182,19230.4,20398.7,48711.7,56222,58071.1,65653.3,72243.5,1.06151e+06,1.12583e+06,1.30945e+06,1.53512e+06,1.67466e+06,60558.7,73072.8,169397,485814,1.60074e+06
