year,pl_p5,pl_p25,pl_p50,pl_p75,pl_p95,uk_p5,uk_p25,uk_p50,uk_p75,uk_p95,be_p5,be_p25,be_p50,be_p75,be_p95,pls_p5,pls_p25,pls_p50,pls_p75,pls_p95,yi_p5,yi_p25,yi_p50,yi_p75,yi_p95,de_p5,de_p25,de_p50,de_p75,de_p95,ru_p5,ru_p25,ru_p50,ru_p75,ru_p95,lt_p5,lt_p25,lt_p50,lt_p75,lt_p95,csb_p5,csb_p25,csb_p50,csb_p75,csb_p95,rue_p5,rue_p25,rue_p50,rue_p75,rue_p95,cs_p5,cs_p25,cs_p50,cs_p75,cs_p95,lv_p5,lv_p25,lv_p50,lv_p75,lv_p95,rom_p5,rom_p25,rom_p50,rom_p75,rom_p95,kdr_p5,kdr_p25,kdr_p50,kdr_p75,kdr_p95,wym_p5,wym_p25,wym_p50,wym_p75,wym_p95,oth_p5,oth_p25,oth_p50,oth_p75,oth_p95
1933,2.10471e+07,2.1059e+07,2.10655e+07,2.10799e+07,2.11036e+07,5.01851e+06,5.02053e+06,5.02273e+06,5.02327e+06,5.02386e+06,1.32595e+06,1.32712e+06,1.32776e+06,1.32887e+06,1.32942e+06,722999,723959,724549,724981,725804,2.67362e+06,2.70128e+06,2.70463e+06,2.71165e+06,2.71435e+06,795084,797732,798779,799593,800739,148672,149436,149699,150211,150371,81225.3,81444.7,81513.2,81546.9,81646.2,201399,201668,201797,202008,202265,132255,132371,132478,132592,132607,31415.5,31523.5,31614.3,31634.1,31703.7,0,0,0,0,0,31316.2,31325.9,31333.3,31344,31356.7,581.361,582.28,582.614,582.689,582.831,1456.06,1475.34,1479.45,1484.72,1486.56,62908.7,63299.9,63385.9,63559.9,63784.3
1934,2.13615e+07,2.13737e+07,2.13933e+07,2.14158e+07,2.14648e+07,5.08097e+06,5.08812e+06,5.09149e+06,5.09264e+06,5.09481e+06,1.34319e+06,1.34548e+06,1.34649e+06,1.34922e+06,1.35027e+06,733620,735151,736736,737277,738750,2.62662e+06,2.68036e+06,2.68768e+06,2.70099e+06,2.70678e+06,789013,794619,796540,798195,800564,148001,149557,150043,151074,151430,81843.2,82289,82449.7,82530.3,82688.1,202689,203289,203473,203901,204489,133402,133692,133929,134120,134173,31546.6,31787.4,31951,31993,32127.7,0,0,0,0,0,31783.8,31809.5,31822,31839.7,31856.6,582.811,584.841,585.35,585.649,585.927,1415.6,1453.14,1461.3,1471.89,1475.46,62161.4,62927.4,63127,63453.2,63904.4
1935,2.16635e+07,2.16804e+07,2.17054e+07,2.1734e+07,2.18172e+07,5.14208e+06,5.15207e+06,5.15483e+06,5.16175e+06,5.16262e+06,1.35934e+06,1.36362e+06,1.36412e+06,1.36901e+06,1.37044e+06,743516,745880,748529,749582,751166,2.58004e+06,2.65871e+06,2.66933e+06,2.68915e+06,2.69815e+06,783001,791060,794094,796779,800089,147295,149568,150328,151835,152335,82421.5,83095.7,83319.5,83466.7,83686.9,203823,204711,205068,205621,206641,134495,134938,135246,135584,135677,31658.6,32010.5,32277.6,32315.4,32551.3,0,0,0,0,0,32223.1,32270.6,32283,32301,32311.6,584.021,587.047,587.9,588.269,588.582,1375.88,1431.04,1443.22,1459.33,1464.23,61418.9,62521.6,62845.8,63342.5,63975.7
1936,2.19466e+07,2.19824e+07,2.20105e+07,2.20601e+07,2.21643e+07,5.20117e+06,5.21448e+06,5.21923e+06,5.22656e+06,5.23121e+06,1.3749e+06,1.38083e+06,1.38181e+06,1.38817e+06,1.39013e+06,753550,756615,759958,761482,763609,2.5341e+06,2.63663e+06,2.65134e+06,2.677e+06,2.68887e+06,776911,787876,791683,795153,799651,146510,149554,150533,152491,153212,82943.1,83860.3,84146,84356.3,84622.9,204836,206135,206555,207278,208700,135513,136126,136538,136968,137135,31754.3,32237.3,32586.9,32639.7,32951.7,0,0,0,0,0,32648.1,32702.1,32732.3,32748.9,32767.1,585.014,589.202,590.164,590.729,591.25,1336.54,1408.91,1424.71,1446.6,1452.83,60660.1,62098.2,62543.5,63193.7,64037.1
1937,2.22198e+07,2.22652e+07,2.23006e+07,2.23684e+07,2.25009e+07,5.25882e+06,5.27352e+06,5.2763e+06,5.28847e+06,5.29711e+06,1.3893e+06,1.3973e+06,1.39859e+06,1.40574e+06,1.40862e+06,762796,767253,771074,772830,775016,2.48818e+06,2.6142e+06,2.63199e+06,2.66331e+06,2.67877e+06,770825,784338,789161,793464,799237,145644,149413,150628,152975,153973,83419.8,84512.2,84908.5,85190.2,85445.8,205682,207336,207844,208685,210571,136467,137219,137678,138252,138500,31822.1,32423.9,32856.1,32931,33339.3,0,0,0,0,0,33049.6,33110.4,33146.5,33162,33174.9,585.654,591.004,591.996,592.812,593.527,1297.26,1386.22,1405.8,1433.65,1441.12,59886.1,61631.3,62221.3,63013.6,64062
1938,2.24634e+07,2.25341e+07,2.25798e+07,2.26625e+07,2.28181e+07,5.31039e+06,5.33029e+06,5.33338e+06,5.34619e+06,5.35732e+06,1.40253e+06,1.4121e+06,1.41381e+06,1.42334e+06,1.42673e+06,771597,776271,781336,783500,786584,2.44189e+06,2.59097e+06,2.61161e+06,2.64958e+06,2.66763e+06,764323,780749,786339,791722,798469,144606,149159,150577,153430,154648,83757.2,85130.6,85565.1,85948.6,86262.9,206343,208389,209016,209945,212374,137251,138223,138797,139441,139730,31850.9,32610.3,33110.2,33197.6,33686.2,0,0,0,0,0,33411.5,33471.9,33534.5,33555.7,33570.7,585.779,592.354,593.683,594.614,595.385,1257.69,1362.94,1386.46,1420.08,1428.89,59067.9,61127.9,61871.4,62798.1,64063
1939,2.26893e+07,2.27707e+07,2.28374e+07,2.29379e+07,2.31235e+07,5.35762e+06,5.37869e+06,5.38646e+06,5.39929e+06,5.41348e+06,1.4142e+06,1.42575e+06,1.42737e+06,1.43908e+06,1.44214e+06,779420,785046,790894,793278,797509,2.39585e+06,2.56661e+06,2.59008e+06,2.63442e+06,2.65468e+06,757646,776943,783436,789436,797478,143443,148763,150416,153621,155127,84001.8,85670.6,86136,86559.8,86905.4,206801,209231,209935,211077,213919,137905,139014,139764,140457,140826,31852.6,32756.3,33310.9,33426.7,33999.5,0,0,0,0,0,33733.3,33802.3,33859.1,33906.3,33929.6,585.548,593.247,594.57,595.837,596.703,1218.19,1339.19,1366.23,1406.09,1415.98,58221.9,60585.2,61475.9,62531.6,64001.7
1940,2.29088e+07,2.30237e+07,2.30932e+07,2.32006e+07,2.34179e+07,5.40401e+06,5.42981e+06,5.43857e+06,5.45115e+06,5.46648e+06,1.42458e+06,1.43872e+06,1.44122e+06,1.45431e+06,1.45811e+06,787649,793611,800353,802546,808178,2.35018e+06,2.54259e+06,2.56802e+06,2.6193e+06,2.64205e+06,751109,773410,780617,787407,796661,142214,148288,150169,153845,155608,84191.3,86123.1,86644.3,87133.1,87571.9,207093,209983,210868,212065,215342,138493,139768,140652,141454,141816,31823.7,32899.4,33506,33646.3,34296.4,0,0,0,0,0,34044.4,34122.9,34200.3,34236.6,34264.8,584.965,593.779,595.523,596.946,598.237,1178.87,1315.19,1346.27,1391.89,1403.2,57362.9,60001,61086.6,62255.2,63942.1
1941,2.3113e+07,2.32483e+07,2.3331e+07,2.34552e+07,2.36931e+07,5.44788e+06,5.4764e+06,5.48715e+06,5.49784e+06,5.51632e+06,1.43389e+06,1.45031e+06,1.45351e+06,1.46763e+06,1.47321e+06,794761,801326,808965,811343,818392,2.30456e+06,2.51764e+06,2.54584e+06,2.60338e+06,2.62839e+06,744627,769640,777725,785317,795493,140935,147755,149814,153936,155950,84339.1,86480.9,87084.5,87645,88144.1,207267,210602,211695,212914,216623,139058,140454,141452,142318,142717,31754.6,33007.5,33677.9,33840.9,34556.3,0,0,0,0,0,34326.5,34423.4,34501.5,34552.5,34584.2,583.859,594.093,595.767,597.653,599.134,1139.5,1290.95,1325.75,1377.17,1389.84,56491.8,59378.4,60647.6,61966,63837.3
1942,2.33036e+07,2.34634e+07,2.35566e+07,2.3703e+07,2.39793e+07,5.48764e+06,5.52036e+06,5.53189e+06,5.54562e+06,5.56349e+06,1.44298e+06,1.4608e+06,1.46438e+06,1.48032e+06,1.48665e+06,801745,808771,817115,820162,827781,2.2606e+06,2.4925e+06,2.52325e+06,2.5871e+06,2.61413e+06,737751,765854,774715,783191,794244,139523,147208,149354,153866,156181,84372,86766.8,87432.5,88086.5,88607.5,207444,211070,212388,213606,217803,139467,141059,142164,143160,143548,31683.8,33096.2,33817.7,33999.3,34794.5,0,0,0,0,0,34592.1,34703,34792,34845.8,34883.2,582.815,594.125,595.802,598.079,599.726,1100.47,1266.37,1304.95,1361.95,1376.05,55585.8,58756.9,60183.9,61647.3,63699.9
1943,2.34858e+07,2.36696e+07,2.3784e+07,2.39484e+07,2.42411e+07,5.52819e+06,5.56226e+06,5.57446e+06,5.59172e+06,5.60847e+06,1.45006e+06,1.47108e+06,1.47514e+06,1.4918e+06,1.49919e+06,808124,816033,825269,828442,837228,2.21662e+06,2.46738e+06,2.50125e+06,2.57117e+06,2.60008e+06,730692,762163,771923,780891,792963,138017,146599,148838,153703,156410,84329.8,86970.1,87722.7,88446.5,89001.4,207432,211499,213063,214241,218937,139795,141596,142852,143832,144292,31567.4,33174.7,33933.5,34153.9,35013.5,0,0,0,0,0,34851.4,34976.9,35076.1,35136.2,35185.3,581.232,594.02,595.556,598.188,600.08,1061.47,1241.83,1283.67,1346.33,1362.21,54656.7,58087.2,59693.4,61312.4,63563
1944,2.36401e+07,2.38695e+07,2.40055e+07,2.41967e+07,2.45037e+07,5.56183e+06,5.60145e+06,5.61465e+06,5.63657e+06,5.65066e+06,1.45672e+06,1.47953e+06,1.48534e+06,1.50258e+06,1.5111e+06,814052,823054,832560,836589,846141,2.17406e+06,2.44189e+06,2.47924e+06,2.55462e+06,2.58501e+06,723573,758360,768899,778814,791525,136436,145834,148216,153433,156464,84218.8,87120.9,87920.1,88753.7,89334.6,207398,211909,213577,214782,219951,140063,142103,143495,144474,144982,31437.1,33235.5,34033.7,34280.4,35203.6,0,0,0,0,0,35081.9,35210.4,35327.7,35417.5,35489.3,579.565,593.802,595.334,598.007,600.155,1022.9,1217.14,1262.04,1330.44,1347.45,53715.6,57413,59173.7,60934.6,63370.8
1945,2.38092e+07,2.4065e+07,2.42151e+07,2.44486e+07,2.47701e+07,5.5951e+06,5.63845e+06,5.65242e+06,5.67557e+06,5.69263e+06,1.4627e+06,1.48758e+06,1.49491e+06,1.51197e+06,1.52248e+06,819702,829768,839497,844030,854758,2.13293e+06,2.41587e+06,2.45763e+06,2.53829e+06,2.57077e+06,716180,754618,765895,776613,790142,134748,144930,147555,153039,156552,84011.8,87199.7,88090.8,88986.8,89600.8,207305,212332,213981,215270,220959,140208,142537,144105,145037,145606,31293,33287.6,34112.4,34405.3,35380.2,0,0,0,0,0,35297,35470,35568.4,35700.9,35790.6,577.843,592.982,594.862,597.697,600.192,984.574,1192.18,1240.07,1314.35,1332.64,52749.6,56729.6,58623.9,60535.4,63186.3
1946,2.39774e+07,2.42527e+07,2.44275e+07,2.47149e+07,2.50374e+07,5.62901e+06,5.67715e+06,5.69204e+06,5.71968e+06,5.7378e+06,1.46839e+06,1.49543e+06,1.50407e+06,1.52133e+06,1.53402e+06,824635,836600,846054,851575,862988,2.09329e+06,2.3912e+06,2.4366e+06,2.52212e+06,2.55648e+06,709158,750717,763128,774466,789070,133078,143964,146845,152695,156592,83817.6,87209.2,88258.4,89190.4,89883.3,207211,212723,214392,215956,221990,140411,142932,144724,145558,146185,31133.7,33327.5,34188.1,34521.1,35562.4,0,0,0,0,0,35515,35733.4,35836.9,35982,36112.7,576.043,592.085,594.766,597.224,600.206,946.829,1167.31,1218.36,1298.08,1317.52,51799.1,56041,58061.1,60137,62983.7
1947,2.41474e+07,2.44502e+07,2.46609e+07,2.49899e+07,2.53136e+07,5.66215e+06,5.71779e+06,5.73139e+06,5.76192e+06,5.78554e+06,1.47366e+06,1.5028e+06,1.51329e+06,1.53041e+06,1.54556e+06,828700,843202,852528,859514,871831,2.05549e+06,2.36725e+06,2.41614e+06,2.50644e+06,2.54325e+06,701840,746944,760399,772689,787998,131308,143021,146073,152324,156618,83530.4,87210.9,88394.1,89358.7,90187.1,207093,213118,214855,216638,222999,140495,143352,145317,146131,146767,30968.3,33369.7,34277,34639,35735.6,0,0,0,0,0,35744.9,36001.6,36104,36279.7,36444,574.335,591.196,594.778,596.765,600.148,909.481,1142.56,1196.77,1281.49,1302.17,50832.8,55360.2,57486.7,59725.1,62780.9
1948,2.43221e+07,2.46638e+07,2.48983e+07,2.52791e+07,2.56121e+07,5.70185e+06,5.75616e+06,5.77907e+06,5.80333e+06,5.83672e+06,1.47994e+06,1.50987e+06,1.52193e+06,1.53941e+06,1.5572e+06,832905,849877,858815,867378,880501,2.02087e+06,2.34221e+06,2.39748e+06,2.49232e+06,2.53066e+06,695013,743699,758065,771089,787017,129612,142034,145344,151909,156647,83280.7,87193.3,88583.5,89530.4,90495.3,207119,213508,215444,217295,224029,140663,143796,145855,146774,147456,30822,33427,34392.9,34771.7,35906,0,0,0,0,0,35997.7,36262.1,36382.2,36605.3,36791.3,573.015,590.439,595.014,596.646,600.47,873.867,1118.29,1175.62,1265.05,1287.11,49900.4,54712.2,56917.5,59345.1,62584.3
1949,2.45246e+07,2.49048e+07,2.51557e+07,2.55899e+07,2.59288e+07,5.74283e+06,5.80131e+06,5.83064e+06,5.85225e+06,5.89342e+06,1.48644e+06,1.51858e+06,1.5313e+06,1.54988e+06,1.57005e+06,837604,856439,865718,876491,890038,1.98919e+06,2.31805e+06,2.38033e+06,2.47913e+06,2.52081e+06,688413,740824,755701,770314,786683,127941,141138,144631,151566,156781,83036.4,87162.4,88763.7,89819.3,90803.8,207201,214041,216007,218068,225177,140849,144354,146460,147519,148236,30691.1,33499.4,34520,34948,36111.4,0,0,0,0,0,36293.4,36578.8,36714.5,36962.8,37159.7,572.012,590.116,595.631,597.058,601.322,839.816,1094.94,1155.03,1249.14,1272.46,49009.7,54094.7,56388.2,58970.9,62440.1
1950,2.47373e+07,2.51622e+07,2.5417e+07,2.59169e+07,2.62626e+07,5.79126e+06,5.85093e+06,5.88473e+06,5.90689e+06,5.95614e+06,1.49355e+06,1.52815e+06,1.54207e+06,1.56105e+06,1.58403e+06,842717,862445,873754,886069,900455,1.96089e+06,2.29609e+06,2.3647e+06,2.46826e+06,2.51308e+06,682041,738125,753693,770094,786629,126308,140311,143930,151219,156934,82792.8,87182.3,89021.5,90117.5,91106.4,207377,214680,216653,218919,226416,141039,144978,147113,148237,149062,30582.7,33603.1,34669.6,35155.2,36335.5,0,0,0,0,0,36617.5,36934.8,37091.1,37334.6,37572,571.338,590.157,595.934,598.11,602.666,807.762,1072.52,1134.86,1233.74,1257.9,48154.3,53495.6,55867.8,58628.8,62320
1951,2.49545e+07,2.54323e+07,2.56951e+07,2.62739e+07,2.66225e+07,5.84173e+06,5.89778e+06,5.94276e+06,5.96727e+06,6.0269e+06,1.50186e+06,1.53842e+06,1.55376e+06,1.57241e+06,1.59948e+06,848166,868501,882207,895355,911312,1.93605e+06,2.2759e+06,2.35139e+06,2.4588e+06,2.50678e+06,675897,735747,752189,770178,786803,124714,139538,143265,150888,157141,82554,87230,89295.5,90400.7,91419.3,207697,215468,217323,219874,227713,141238,145538,147794,148960,149917,30504.1,33724.4,34833.5,35391.3,36573,0,0,0,0,0,36934,37308.4,37516.2,37742.9,38016,571.144,590.323,596.709,599.394,604.27,777.42,1051.14,1115.23,1218.66,1243.48,47340.7,52945.5,55351.9,58282.9,62226.4
1952,2.51849e+07,2.57258e+07,2.59853e+07,2.66506e+07,2.70155e+07,5.89689e+06,5.94949e+06,6.00489e+06,6.02754e+06,6.10368e+06,1.51132e+06,1.54922e+06,1.56553e+06,1.58463e+06,1.61497e+06,854542,874773,891061,905067,922612,1.91486e+06,2.25795e+06,2.33975e+06,2.44992e+06,2.50228e+06,669940,733543,750541,770601,786936,123167,138797,142613,150558,157371,82323.9,87231.1,89565.8,90697.6,91725.6,208167,215924,218055,220876,228981,141459,146070,148464,149581,150807,30460.9,33848.4,35015.9,35657.2,36815.5,0,0,0,0,0,37243.9,37676.5,37927.8,38187.1,38464.9,571.513,590.717,597.678,600.793,605.905,748.755,1030.35,1095.89,1203.85,1229.37,46521.8,52441.5,54801.7,57984,62137.8
1953,2.54259e+07,2.60225e+07,2.62996e+07,2.70195e+07,2.73938e+07,5.95388e+06,6.00617e+06,6.06881e+06,6.08885e+06,6.17812e+06,1.5199e+06,1.56072e+06,1.57778e+06,1.59874e+06,1.63125e+06,860219,881194,900249,915846,934908,1.89471e+06,2.24228e+06,2.32843e+06,2.44115e+06,2.49951e+06,663963,731204,748686,771368,787162,121636,138099,141947,150266,157766,82075.8,87220.9,89854.3,90963.2,92130.3,208513,216266,218846,221773,230272,141657,146572,149127,150207,151687,30400.2,33988.3,35208.2,35943.2,37071.9,0,0,0,0,0,37558.8,38076.1,38362.8,38654,38934.9,571.615,591.431,598.594,602.33,607.696,720.982,1009.81,1076.86,1189.16,1215.23,45721.4,51930.3,54256.8,57674.7,62018
1954,2.5666e+07,2.63215e+07,2.66131e+07,2.74109e+07,2.77924e+07,6.01129e+06,6.06308e+06,6.13112e+06,6.15686e+06,6.25874e+06,1.5289e+06,1.5721e+06,1.59039e+06,1.61209e+06,1.64743e+06,866344,887471,909355,927612,947941,1.87722e+06,2.22851e+06,2.31875e+06,2.43237e+06,2.497e+06,657709,728838,746985,771985,787238,120073,137469,141298,149871,158217,81771.9,87197.6,90109.7,91229.6,92634.3,208885,216597,219631,222690,231561,141775,147092,149767,150913,152616,30359.5,34122.7,35402.4,36237.2,37328.5,0,0,0,0,0,37886.7,38462.3,38790,39120.7,39417.3,571.929,592.112,599.594,603.895,609.299,694.444,989.864,1057.84,1174.22,1201.91,44945.5,51434,53705.9,57340.4,61909.1
1955,2.59099e+07,2.66147e+07,2.69308e+07,2.78068e+07,2.82066e+07,6.07358e+06,6.12196e+06,6.2009e+06,6.22818e+06,6.34441e+06,1.53837e+06,1.58429e+06,1.60318e+06,1.62559e+06,1.66415e+06,872393,893601,918529,940133,960823,1.86204e+06,2.21494e+06,2.30992e+06,2.42412e+06,2.49454e+06,651442,726138,745278,772379,787085,118524,136804,140584,149487,158639,81445.8,87156.7,90396.1,91520.4,93069,209207,216850,220306,223614,232756,141876,147597,150398,151635,153617,30329.5,34263.4,35614,36498.8,37578.8,0,0,0,0,0,38223.2,38880.6,39228.2,39666.5,39933.3,572.316,592.663,600.385,605.84,611.269,668.982,970.229,1038.83,1158.74,1189.3,44160.7,50958.9,53148.1,57019.8,61824
1956,2.6155e+07,2.69175e+07,2.72351e+07,2.81851e+07,2.8631e+07,6.13171e+06,6.1836e+06,6.26583e+06,6.29694e+06,6.43134e+06,1.54808e+06,1.59435e+06,1.61539e+06,1.63843e+06,1.68044e+06,878297,900140,928082,952453,974076,1.84886e+06,2.19892e+06,2.30148e+06,2.41603e+06,2.49221e+06,645113,723175,742760,772605,786754,116977,136128,139907,148939,159016,81097.8,87141,90651,91828.6,93432.7,208972,216977,221005,224316,233936,141963,148015,151010,152214,154650,30305.5,34397.7,35787.1,36723.1,37821.5,0,0,0,0,0,38594.3,39290.2,39699.3,40228.4,40461.5,572.637,593.065,600.803,607.644,613.223,644.491,950.683,1019.41,1143.16,1176.47,43384.5,50492.2,52561,56672.2,61761.2
1957,2.63998e+07,2.72215e+07,2.75541e+07,2.85736e+07,2.90481e+07,6.18388e+06,6.24522e+06,6.33146e+06,6.35785e+06,6.52204e+06,1.55678e+06,1.60212e+06,1.62738e+06,1.65159e+06,1.69659e+06,883871,907024,937685,964635,987155,1.83651e+06,2.18438e+06,2.29425e+06,2.40777e+06,2.48993e+06,638556,720023,740065,772603,786391,115398,135443,139322,148484,159337,80703.2,87089.9,90873.2,92148.9,93831.2,208621,216924,221671,224972,235034,141982,148479,151573,152891,155702,30264.9,34519.8,35952,36939.7,38067.3,0,0,0,0,0,38975.4,39725.9,40199,40746.7,41004.5,572.575,593.307,601.211,609.38,615.001,620.604,931.395,1000.27,1127.38,1163.28,42613.6,49929.4,51995.2,56342.4,61693.2
1958,2.66539e+07,2.75323e+07,2.78682e+07,2.89617e+07,2.9451e+07,6.23547e+06,6.30861e+06,6.39528e+06,6.42834e+06,6.60819e+06,1.56437e+06,1.60983e+06,1.63906e+06,1.66515e+06,1.71274e+06,889034,913209,947632,976571,1.00025e+06,1.82472e+06,2.17067e+06,2.28712e+06,2.39989e+06,2.488e+06,631865,716656,737140,771822,785882,113804,134702,138678,148196,159622,80276.6,86974.5,91084.9,92376.8,94162.7,208191,216850,222227,225576,236108,141970,148869,152087,153579,156610,30203.9,34634.8,36103.1,37150.4,38307.2,0,0,0,0,0,39381.8,40178.2,40697.5,41275.9,41584.1,572.048,593.553,601.362,610.81,616.467,597.324,911.776,980.985,1111.42,1149.74,41820.5,49353,51417.9,55993.8,61648.2
1959,2.69018e+07,2.78302e+07,2.81778e+07,2.93288e+07,2.98636e+07,6.28588e+06,6.36838e+06,6.45543e+06,6.50082e+06,6.69408e+06,1.5719e+06,1.61773e+06,1.64912e+06,1.67829e+06,1.72818e+06,893509,918827,956978,987934,1.01301e+06,1.8144e+06,2.15725e+06,2.27955e+06,2.39153e+06,2.48581e+06,624862,712758,733931,770275,784871,112159,133892,138002,147844,159832,79773,86803.3,91216.9,92515,94482.6,207553,216700,222657,226029,237002,141856,149223,152430,154185,157455,30143,34728.6,36234.7,37324.4,38518.4,0,0,0,0,0,39787.8,40620.8,41212.3,41770.7,42191.6,571.399,593.367,601.166,611.758,617.65,574.747,891.965,961.709,1095.05,1135.79,41049.2,48758.1,50820.5,55635.4,61570
1960,2.71342e+07,2.81151e+07,2.84762e+07,2.97026e+07,3.0268e+07,6.33227e+06,6.42658e+06,6.51499e+06,6.56668e+06,6.78019e+06,1.57853e+06,1.62433e+06,1.65903e+06,1.68995e+06,1.74251e+06,897381,924024,966042,999117,1.0248e+06,1.80491e+06,2.1444e+06,2.27275e+06,2.38253e+06,2.48231e+06,617708,708692,730652,768231,783474,110493,133026,137261,147445,159907,79225.5,86586.3,91231.2,92584.1,94732.3,206776,216378,222859,226321,237735,141682,149530,152815,154672,158264,30066,34797,36346.2,37482.6,38708.4,0,0,0,0,0,40176.3,41064.1,41707.4,42277.9,42815.8,570.451,592.19,600.711,612.556,617.996,552.854,872.079,942.292,1078.29,1121.28,40323.4,48151.8,50232.6,55222.7,61399.5
1961,2.73557e+07,2.83917e+07,2.87799e+07,3.00579e+07,3.06638e+07,6.37744e+06,6.48294e+06,6.56935e+06,6.63203e+06,6.86032e+06,1.584e+06,1.63003e+06,1.66746e+06,1.69946e+06,1.75662e+06,900866,928570,974302,1.00931e+06,1.03719e+06,1.79602e+06,2.13104e+06,2.26512e+06,2.37301e+06,2.47824e+06,610430,704224,727455,765852,781599,108812,132069,136449,146938,159914,78644.1,86323.9,91220.7,92592.2,94903.5,205935,215927,223002,226602,238388,141461,149732,153247,155106,158918,29970.4,34838.1,36429.7,37608.7,38870.3,0,0,0,0,0,40552.2,41509.2,42215.9,42778.6,43420.1,569.138,591.141,599.771,612.581,618.028,531.526,852.003,922.515,1061.21,1106.24,39665.3,47539.4,49610.1,54775.1,61223.1
1962,2.75801e+07,2.86451e+07,2.90655e+07,3.04084e+07,3.1037e+07,6.42028e+06,6.53663e+06,6.62243e+06,6.69006e+06,6.93756e+06,1.5879e+06,1.63529e+06,1.67503e+06,1.70782e+06,1.76897e+06,903010,932218,981912,1.01887e+06,1.04808e+06,1.78693e+06,2.11739e+06,2.25766e+06,2.36241e+06,2.47311e+06,602871,700247,723829,763338,779150,107084,131034,135536,146361,159770,77994,86001.7,91120.5,92561.5,95009.8,204864,215417,222893,226750,238828,141125,149866,153530,155497,159484,29841.6,34813.6,36493.7,37708.5,38997.4,0,0,0,0,0,40939.5,41921,42699.2,43267.4,43999.6,567.339,589.8,598.597,612.287,617.536,510.692,831.841,902.608,1043.85,1090.71,38993.5,46913.2,48971.9,54450.1,61036.5
1963,2.7787e+07,2.89055e+07,2.93298e+07,3.07276e+07,3.14011e+07,6.46235e+06,6.58452e+06,6.66738e+06,6.74606e+06,7.0126e+06,1.59055e+06,1.63969e+06,1.68091e+06,1.71538e+06,1.77995e+06,904541,935097,988749,1.02771e+06,1.05793e+06,1.77836e+06,2.10353e+06,2.24934e+06,2.35165e+06,2.46798e+06,595058,696157,719752,760558,776510,105322,129928,134573,145695,159589,77281.5,85628.2,90977.1,92497.8,95038,203665,214783,222662,226764,239171,140681,149877,153773,155757,159972,29695.6,34736.1,36539.8,37762.9,39102,0,0,0,0,0,41298.6,42326.9,43174.7,43763.2,44569.6,565.228,588.096,596.819,611.651,616.865,490.439,811.608,882.676,1026.48,1075.08,38244.2,46270.6,48334.8,54578.2,60904.4
1964,2.79813e+07,2.91552e+07,2.95981e+07,3.10217e+07,3.17372e+07,6.49815e+06,6.63071e+06,6.71106e+06,6.79825e+06,7.07763e+06,1.5916e+06,1.64278e+06,1.68587e+06,1.7226e+06,1.78993e+06,904856,936575,994481,1.03622e+06,1.06761e+06,1.76945e+06,2.09004e+06,2.23988e+06,2.33992e+06,2.46241e+06,587008,691722,715493,757345,773455,103515,128715,133511,144996,159332,76518.8,85219.8,90764.7,92338.3,95041.7,202287,214027,222376,226655,239332,140161,149866,153912,155951,160247,29516.6,34650,36559.9,37830,39173.1,0,0,0,0,0,41635.3,42690.2,43661.1,44247.3,45094.6,562.644,586.239,594.83,610.284,615.898,470.659,791.262,862.855,1008.86,1059.23,37489.8,45555.3,47745.6,54408.6,60733.6
1965,2.81577e+07,2.93936e+07,2.98499e+07,3.13102e+07,3.20648e+07,6.53228e+06,6.66975e+06,6.75238e+06,6.84618e+06,7.13959e+06,1.59166e+06,1.64508e+06,1.68999e+06,1.72871e+06,1.79835e+06,904573,937246,999192,1.04395e+06,1.07623e+06,1.76141e+06,2.078e+06,2.23049e+06,2.32785e+06,2.45592e+06,578707,687254,710841,753861,770258,101673,127445,132410,144227,158968,75692.4,84810.7,90513.9,92139.9,94967.8,200812,213179,221944,226436,239422,139527,149756,153954,156022,160451,29326.4,34545.3,36562.7,37878.1,39230.5,0,0,0,0,0,41944.5,43061.3,44126.8,44701.8,45617.9,559.501,584.075,592.551,608.516,614.975,451.462,771.147,843.102,991.001,1043.09,36757.9,44841.1,47160,54041.6,60798.4
1966,2.83203e+07,2.96013e+07,3.00824e+07,3.15969e+07,3.23751e+07,6.56308e+06,6.70795e+06,6.79213e+06,6.88922e+06,7.20188e+06,1.59004e+06,1.64644e+06,1.6932e+06,1.73338e+06,1.80546e+06,903255,937267,1.00347e+06,1.05081e+06,1.08364e+06,1.75311e+06,2.06324e+06,2.22175e+06,2.31539e+06,2.44789e+06,570326,682230,705929,750115,766658,99812.6,126151,131209,143389,158469,74842.7,84323.3,90204.6,91902.5,94809.9,199238,212271,221312,226137,239355,138860,149545,153922,155986,160634,29105.8,34417.3,36544.2,37882.3,39254.5,0,0,0,0,0,42232.4,43401.8,44560.2,45106.2,46108.8,556.139,581.564,589.993,606.68,613.406,432.772,751.197,823.399,972.92,1026.62,36203,44124,46566.9,53647.2,60829.3
1967,2.84689e+07,2.97946e+07,3.03151e+07,3.18598e+07,3.26798e+07,6.5917e+06,6.74036e+06,6.82762e+06,6.93191e+06,7.2579e+06,1.58722e+06,1.64694e+06,1.6951e+06,1.73749e+06,1.81238e+06,901303,936613,1.00651e+06,1.05702e+06,1.09045e+06,1.74543e+06,2.04795e+06,2.21224e+06,2.3028e+06,2.43902e+06,561618,676979,701001,746103,762796,97906.8,124779,129954,142493,157910,73933.5,83803.1,89866.4,91611.7,94608.3,197572,211367,220567,225642,239193,138074,149279,153859,155870,160691,28868.9,34270.1,36506.3,37860.9,39252.9,0,0,0,0,0,42497.4,43719.2,44974.4,45498.6,46578.4,552.635,578.853,587.182,604.546,611.617,414.625,731.339,803.851,954.707,1009.9,35652,43396.8,45968,53229.9,60943.9
1968,2.86103e+07,2.99773e+07,3.05497e+07,3.21222e+07,3.29773e+07,6.61916e+06,6.77144e+06,6.85857e+06,6.97005e+06,7.31621e+06,1.58377e+06,1.64706e+06,1.69604e+06,1.7402e+06,1.81787e+06,898629,935563,1.00868e+06,1.06219e+06,1.09667e+06,1.73877e+06,2.03224e+06,2.20352e+06,2.29002e+06,2.42935e+06,552846,671730,695769,741954,758764,95992.6,123419,128678,141522,157249,72992.2,83249.2,89458.5,91308.2,94357.3,195832,210429,219773,225069,238950,137236,148941,153678,155710,160763,28623.1,34113.9,36451.2,37827.8,39227.6,0,0,0,0,0,42750.5,44025.9,45382.2,45868.1,47052.2,549.118,576.173,584.163,602.413,609.586,397.133,711.939,784.255,936.505,992.705,35096.7,42669.3,45383.3,52802.1,61585.3
1969,2.87431e+07,3.01528e+07,3.07679e+07,3.23695e+07,3.32537e+07,6.64322e+06,6.79734e+06,6.88804e+06,7.00713e+06,7.36959e+06,1.5786e+06,1.6463e+06,1.69573e+06,1.74288e+06,1.82283e+06,894877,933727,1.01029e+06,1.06645e+06,1.10193e+06,1.73183e+06,2.01698e+06,2.19451e+06,2.27732e+06,2.41932e+06,543878,666091,690528,737663,754703,94053.6,122005,127339,140482,156538,72007.7,82644.6,88978.8,90942.6,94073.8,194060,209415,218868,224369,238635,136298,148550,153455,155478,160736,28351.1,33927.2,36375.3,37763.7,39189.3,0,0,0,0,0,42987.4,44314.8,45748.1,46227,47484.1,545.298,573.168,580.981,600.09,607.288,380.149,692.723,764.918,918.386,975.284,34638,41938.2,44782.7,52353.1,62160.3
1970,2.88705e+07,3.03374e+07,3.09934e+07,3.26098e+07,3.35201e+07,6.66452e+06,6.82431e+06,6.91823e+06,7.04358e+06,7.41977e+06,1.57293e+06,1.64489e+06,1.69537e+06,1.74483e+06,1.82702e+06,890283,931277,1.01131e+06,1.07038e+06,1.10694e+06,1.72559e+06,2.00146e+06,2.18541e+06,2.26456e+06,2.41024e+06,535005,660362,685141,733223,750459,92131,120544,125963,139396,155830,71020,82018.4,88471.2,90495.4,93750.8,192428,208345,218001,223557,238254,135358,148078,153226,155229,160623,28068,33729.4,36285.1,37699,39132.5,0,0,0,0,0,43214.6,44595.3,46094.7,46601.1,47907.4,541.382,569.978,577.646,597.515,604.988,363.69,673.636,745.741,900.079,958.107,34215.7,41216.4,44157.7,51882.4,62804.4
1971,2.90017e+07,3.05147e+07,3.11988e+07,3.28447e+07,3.37941e+07,6.68427e+06,6.85072e+06,6.94733e+06,7.07754e+06,7.46809e+06,1.56675e+06,1.64291e+06,1.69462e+06,1.74688e+06,1.83059e+06,885354,928624,1.01204e+06,1.07384e+06,1.11085e+06,1.7205e+06,1.98742e+06,2.17666e+06,2.25159e+06,2.40139e+06,526156,654608,679734,728701,746061,90216,119004,124565,138283,155082,70024.8,81361.1,87922.7,90012.3,93409.3,190776,207229,217041,222666,237772,134397,147578,152950,154958,160466,27781.2,33528.3,36181.3,37605.7,39059.2,0,0,0,0,0,43448.5,44863.8,46419.1,46962.5,48331,537.631,566.767,574.258,594.789,602.412,347.894,654.804,726.848,881.694,940.892,34050.4,40491.1,43563.4,51388.5,63175
1972,2.91342e+07,3.06774e+07,3.14178e+07,3.30728e+07,3.40686e+07,6.7042e+06,6.87781e+06,6.97514e+06,7.11113e+06,7.51506e+06,1.56013e+06,1.6382e+06,1.69321e+06,1.74879e+06,1.83392e+06,879891,925315,1.01246e+06,1.07692e+06,1.11428e+06,1.71642e+06,1.97445e+06,2.16816e+06,2.23908e+06,2.39242e+06,517377,648918,674271,724165,741426,88320.8,117390,123134,137140,154293,69033,80717.8,87336,89511.7,93031.8,189111,206109,216021,221689,237203,133425,147044,152639,154668,160261,27491.7,33318.7,36071.7,37495.6,38969.5,0,0,0,0,0,43682.3,45132.9,46740.4,47308.6,48757.4,533.844,563.394,570.796,591.916,599.992,332.646,636.095,708.307,863.076,923.718,35207.9,40436.2,43136.8,50844.5,64217.2
1973,2.92601e+07,3.08387e+07,3.16392e+07,3.33052e+07,3.43464e+07,6.72324e+06,6.90377e+06,7.00256e+06,7.14156e+06,7.56132e+06,1.55248e+06,1.63291e+06,1.69126e+06,1.75012e+06,1.83664e+06,873997,921682,1.01216e+06,1.07962e+06,1.11737e+06,1.71363e+06,1.96188e+06,2.16039e+06,2.22667e+06,2.38348e+06,508564,643242,668810,719503,736823,86428,115778,121716,135975,153464,68024.8,80064.4,86751.9,89102.5,92656.9,187408,204967,214954,220661,236591,132406,146513,152266,154307,160035,27203.8,33103,35953.5,37373.7,38875.6,0,0,0,0,0,43906.3,45402,47065.3,47642.1,49200.8,530.053,559.885,567.378,588.9,597.574,317.932,617.633,690.09,844.685,906.44,35736.1,40340,42750.3,50404.7,64522.3
1974,2.93949e+07,3.10188e+07,3.18483e+07,3.35376e+07,3.46351e+07,6.74182e+06,6.9318e+06,7.02868e+06,7.17502e+06,7.60749e+06,1.5444e+06,1.62696e+06,1.68908e+06,1.75111e+06,1.83981e+06,867920,917773,1.01148e+06,1.08215e+06,1.12177e+06,1.71111e+06,1.94942e+06,2.15347e+06,2.2145e+06,2.37595e+06,499871,637139,663517,714766,732210,84558.1,114146,120259,134805,152663,67024.6,79370,86153,88670.3,92312.1,185738,203754,213879,219638,235945,131408,146015,151935,153947,159786,26903.6,32879.3,35825.4,37240,38774,0,0,0,0,0,44146,45695.8,47383.1,48015.4,49620.6,526.334,556.454,564.004,585.951,594.913,303.733,599.505,672.047,826.358,889.281,35082.2,40827.4,42594.1,50512.5,65901.6
1975,2.95345e+07,3.11991e+07,3.20653e+07,3.3783e+07,3.49206e+07,6.76242e+06,6.95485e+06,7.05723e+06,7.2072e+06,7.65606e+06,1.53586e+06,1.62073e+06,1.68709e+06,1.75203e+06,1.84272e+06,861272,913480,1.0104e+06,1.08483e+06,1.1256e+06,1.70954e+06,1.9375e+06,2.14795e+06,2.20327e+06,2.3685e+06,491153,630967,658104,710138,727844,82707.8,112537,118828,133644,151842,66013.7,78662.8,85583.8,88273.3,91952.5,184034,202589,212773,218668,235333,130375,145496,151581,153556,159565,26603.9,32646.8,35709.8,37104,38683.3,0,0,0,0,0,44391.4,45986.4,47719.3,48380.9,50052.8,522.583,553.031,560.652,583.169,592.092,290.111,581.876,654.255,808.463,872.22,34452.9,40681.2,42835.5,50937.5,68141
1976,2.96702e+07,3.13925e+07,3.22887e+07,3.40229e+07,3.52291e+07,6.78407e+06,6.97372e+06,7.08745e+06,7.24125e+06,7.7061e+06,1.52786e+06,1.61465e+06,1.68424e+06,1.75257e+06,1.84557e+06,854607,908994,1.00931e+06,1.08712e+06,1.12926e+06,1.71036e+06,1.92652e+06,2.14287e+06,2.1958e+06,2.36149e+06,482660,625050,652748,705427,723582,80909.1,110943,117446,132461,151018,65040.2,77934.7,85022.4,87860.5,91620.2,182410,201452,211691,217631,234699,129396,144986,151224,153143,159346,26324.2,32413.8,35589.1,36975.4,38600.1,0,0,0,0,0,44627.7,46310.5,48091.5,48763.8,50535.8,518.946,549.577,557.352,580.356,589.097,277.123,564.559,636.869,790.71,855.13,33841.6,40702.9,43578.5,51141,71420.9
1977,2.98238e+07,3.15936e+07,3.25301e+07,3.42789e+07,3.55614e+07,6.80777e+06,6.99557e+06,7.11731e+06,7.2765e+06,7.75877e+06,1.51954e+06,1.6089e+06,1.68193e+06,1.75293e+06,1.84894e+06,847638,904342,1.00836e+06,1.08924e+06,1.13298e+06,1.71154e+06,1.91603e+06,2.13931e+06,2.19014e+06,2.35502e+06,474031,618943,647556,700843,719209,79105.7,109377,116040,131288,150191,64049.4,77214.2,84474.8,87449.2,91324.9,180708,200312,210612,216644,234037,128359,144512,150874,152774,159147,26041.6,32181.1,35474.3,36856.7,38512,0,0,0,0,0,44894.2,46643,48516.9,49162.7,51013.6,515.435,546.236,554.221,577.731,586.393,264.668,547.785,619.867,773.015,838.041,33262.5,40746.4,44110.5,50999,75825.6
1978,2.99739e+07,3.17948e+07,3.27668e+07,3.45433e+07,3.59177e+07,6.83431e+06,7.01753e+06,7.15301e+06,7.31733e+06,7.81672e+06,1.51189e+06,1.60328e+06,1.67969e+06,1.75291e+06,1.85168e+06,840744,899672,1.00758e+06,1.09109e+06,1.13636e+06,1.71414e+06,1.90677e+06,2.13697e+06,2.18552e+06,2.34806e+06,465517,612499,642207,696224,715014,77335,107832,114664,130109,149292,63076.8,76512.8,83953.2,87043.9,91037.3,179062,199188,209476,215695,233387,127362,144042,150443,152388,159024,25769.9,31954.8,35360.5,36736.3,38438.4,0,0,0,0,0,45154.8,47017.6,48940.1,49550.5,51527.2,512.042,542.836,551.129,575.213,583.757,252.733,531.544,603.21,755.581,820.626,32687.9,40486.6,43997.6,51136.5,79391.3
1979,3.01249e+07,3.20137e+07,3.30117e+07,3.48054e+07,3.62667e+07,6.85865e+06,7.04201e+06,7.18785e+06,7.36224e+06,7.87423e+06,1.50364e+06,1.59743e+06,1.6773e+06,1.75312e+06,1.8547e+06,833466,894889,1.00649e+06,1.093e+06,1.13985e+06,1.71236e+06,1.89794e+06,2.12984e+06,2.18027e+06,2.3445e+06,456919,605813,636872,691416,710626,75565.6,106287,113270,128931,148419,62085.4,75804.4,83399.1,86626.5,90757.3,177382,197988,208325,214706,232659,126333,143571,150021,151977,158865,25493.6,31724.8,35240.1,36616.3,38348.1,0,0,0,0,0,45421.4,47382.6,49385.4,49970,52035.2,508.414,539.313,547.942,572.572,581.182,241.276,515.531,586.821,738.209,803.326,32096.2,39942.6,43839.4,50963.5,82436.4
1980,3.02714e+07,3.22198e+07,3.3258e+07,3.50673e+07,3.66044e+07,6.88252e+06,7.068e+06,7.21987e+06,7.40314e+06,7.93063e+06,1.4952e+06,1.59124e+06,1.67428e+06,1.7523e+06,1.85723e+06,826106,889883,1.00497e+06,1.09473e+06,1.14281e+06,1.70329e+06,1.88903e+06,2.1233e+06,2.17272e+06,2.34155e+06,448284,599060,631355,686357,705790,73810.4,104754,111864,127736,147479,61083.1,75081,82806.6,86187.8,90432.8,175650,196775,207084,213664,231790,125262,143044,149528,151581,158669,25228.6,31490.7,35117,36521.2,38239,0,0,0,0,0,45687.5,47750.7,49816.2,50368.2,52573.5,504.758,535.59,544.632,569.725,578.457,230.312,499.881,570.571,720.523,785.804,31489.2,39382,44459.7,50498.8,86424.6
1981,3.04184e+07,3.24332e+07,3.35054e+07,3.53239e+07,3.69543e+07,6.90569e+06,7.09484e+06,7.25273e+06,7.44225e+06,7.98781e+06,1.48645e+06,1.58431e+06,1.67123e+06,1.75134e+06,1.8596e+06,818488,884732,1.00312e+06,1.09654e+06,1.14585e+06,1.6944e+06,1.88041e+06,2.11631e+06,2.16525e+06,2.33954e+06,439766,592086,625608,681205,700643,72084.7,103193,110416,126536,146515,60090.3,74321.9,82170.6,85733.4,90102.6,173950,195510,205761,212624,230819,124221,142508,148996,151236,158460,24957.4,31249.3,34991.9,36439.3,38114.4,0,0,0,0,0,45962.2,48117.2,50246.9,50813.1,53102.2,500.872,531.751,541.155,566.83,575.73,219.754,484.471,554.389,702.686,768.177,30896.7,38807,44512.3,50098.9,89776.1
1982,3.05622e+07,3.26402e+07,3.37583e+07,3.55792e+07,3.72901e+07,6.92947e+06,7.12224e+06,7.28064e+06,7.48133e+06,8.04503e+06,1.47708e+06,1.57669e+06,1.66778e+06,1.74955e+06,1.86152e+06,810686,879408,1.00098e+06,1.09835e+06,1.14842e+06,1.68576e+06,1.87146e+06,2.1096e+06,2.16669e+06,2.33831e+06,431192,585006,619505,675957,695328,70366,101612,108966,125308,145500,59086.3,73546.1,81503.5,85252.2,89724.4,172200,194235,204347,211562,229811,123135,141919,148401,150863,158228,24689.9,31004,34865.3,36341.5,37980,0,0,0,0,0,46235.6,48484.7,50666.8,51266,53643.4,496.939,527.734,537.526,563.737,572.874,209.633,469.243,538.314,684.844,750.439,30320.4,38219.5,45155.5,49686.2,95138.4
1983,3.07012e+07,3.28423e+07,3.4015e+07,3.58187e+07,3.76145e+07,6.94879e+06,7.14769e+06,7.30658e+06,7.52051e+06,8.10049e+06,1.46708e+06,1.56875e+06,1.66369e+06,1.74761e+06,1.86333e+06,802398,873890,998734,1.09925e+06,1.15092e+06,1.6771e+06,1.86272e+06,2.10296e+06,2.16862e+06,2.33595e+06,422422,577823,613304,670391,689947,68630.4,100025,107507,124009,144487,58052,72761.4,80797.6,84703.9,89337.9,170361,192821,202901,210389,228775,121982,141290,147803,150396,157946,24416.8,30753,34713.3,36240.9,37842,0,0,0,0,0,46502.8,48841.9,51103.2,51727.8,54159.9,492.814,523.577,534.072,560.357,569.654,199.885,454.185,522.392,667.037,732.804,29745.7,37898.7,45769,49251.8,102751
1984,3.08183e+07,3.30421e+07,3.42582e+07,3.60524e+07,3.79533e+07,6.96697e+06,7.168e+06,7.32883e+06,7.5556e+06,8.15266e+06,1.45678e+06,1.56042e+06,1.65846e+06,1.74524e+06,1.86445e+06,793829,867922,996098,1.09985e+06,1.15301e+06,1.66814e+06,1.85321e+06,2.09637e+06,2.16822e+06,2.3333e+06,413779,570382,606885,664784,684393,66925.4,98436.3,106036,122672,143457,57030.2,71953.5,80071.4,84095.7,88909.7,168555,191279,201425,209108,227670,120856,140598,147067,149904,157590,24142.1,30488.3,34545,36126.4,37690.4,0,0,0,0,0,46742.3,49188.1,51527.6,52192.2,54660.2,488.552,519.115,530.534,556.664,566.288,190.502,439.272,506.431,649.489,715.263,29205.1,37618.3,45497.3,49903.3,106624
1985,3.09315e+07,3.32341e+07,3.44834e+07,3.62666e+07,3.82857e+07,6.982e+06,7.18925e+06,7.34992e+06,7.58435e+06,8.20463e+06,1.44653e+06,1.55215e+06,1.65334e+06,1.74259e+06,1.86428e+06,785262,862011,993302,1.1004e+06,1.15482e+06,1.66012e+06,1.84436e+06,2.08947e+06,2.16805e+06,2.33145e+06,405147,563046,600176,658868,678711,65234.4,96848.8,104570,121333,142378,56004.5,71131.3,79305.2,83453.3,88466.4,166731,189540,199923,207848,226447,119705,139897,146281,149336,157212,23862,30226.8,34341.4,36008.6,37529.1,0,0,0,0,0,46973.7,49558.1,51958.9,52661.3,55167.1,484.332,514.572,526.975,552.777,562.809,181.54,424.558,490.75,631.976,697.986,28690.4,37428.3,45236,51572.9,112083
1986,3.1044e+07,3.34178e+07,3.47141e+07,3.6512e+07,3.86081e+07,6.99567e+06,7.20833e+06,7.36875e+06,7.6174e+06,8.25662e+06,1.4359e+06,1.54269e+06,1.64831e+06,1.73944e+06,1.8648e+06,776461,855740,990275,1.10044e+06,1.15607e+06,1.65189e+06,1.83896e+06,2.08002e+06,2.16832e+06,2.32957e+06,396557,555538,593686,652828,672924,63565.3,95231.3,103095,119937,141308,54977,70276.7,78505.7,82790.4,87958.9,164868,187978,198303,206544,225217,118522,139098,145455,148706,156819,23506.3,29951.2,34127.1,35865,37362.9,0,0,0,0,0,47208.1,49922,52355.1,53114.3,55676.8,480.012,509.954,522.76,548.783,559.148,173.003,410.16,475.297,614.519,680.712,28187.1,37237.5,44862.7,52102.2,118679
1987,3.11384e+07,3.35943e+07,3.49281e+07,3.67865e+07,3.89125e+07,7.00751e+06,7.22467e+06,7.38576e+06,7.64566e+06,8.30867e+06,1.42491e+06,1.53339e+06,1.64245e+06,1.73567e+06,1.86437e+06,767515,849287,986698,1.10014e+06,1.15696e+06,1.64384e+06,1.8451e+06,2.06975e+06,2.16858e+06,2.3274e+06,388065,547949,587166,646698,666783,61926.5,93614.2,101597,118505,140202,53948.5,69415.2,77680.5,82081.3,87420,162966,186117,196677,205163,223865,117307,138258,144564,148054,156431,23148.3,29672.6,33907.6,35710.7,37209.3,0,0,0,0,0,47415.9,50275,52758.2,53581.8,56200.2,475.574,505.123,518.366,544.819,555.349,164.82,395.892,460.025,597.039,663.486,27707.5,37147.2,44300.9,54517.7,123631
1988,3.12384e+07,3.37436e+07,3.51217e+07,3.70609e+07,3.91984e+07,7.01801e+06,7.24099e+06,7.40026e+06,7.6714e+06,8.35491e+06,1.41302e+06,1.52358e+06,1.63576e+06,1.73098e+06,1.86298e+06,758373,842923,982895,1.09932e+06,1.15714e+06,1.63656e+06,1.8507e+06,2.05949e+06,2.16924e+06,2.32534e+06,379673,540500,580493,640493,660561,60313.1,91890.2,100077,117034,139032,52919.1,68543.1,76846.4,81340.5,86832.4,161009,184224,194963,203673,222460,116076,137352,143615,147353,155948,22789,29396.5,33680.5,35536.8,37037.2,0,0,0,0,0,47636.3,50621.8,53155.6,54023.1,56682.8,470.879,500.299,513.817,540.627,551.372,156.99,381.915,444.945,579.802,646.321,27263,36957.1,43671.8,57469.6,129888
1989,3.13203e+07,3.3888e+07,3.53125e+07,3.7327e+07,3.94818e+07,7.02007e+06,7.25422e+06,7.41006e+06,7.6966e+06,8.39981e+06,1.40096e+06,1.51346e+06,1.62839e+06,1.72549e+06,1.86143e+06,748871,836364,978743,1.09805e+06,1.15694e+06,1.62932e+06,1.85655e+06,2.04895e+06,2.17035e+06,2.32304e+06,371382,533020,573819,634120,654174,58728.4,90151.7,98553.5,115538,137827,51895.8,67640.3,75973.8,80555.9,86215.4,159009,182257,193217,202174,220988,114827,136409,142629,146609,155440,22429.8,29114.1,33438.5,35351.1,36854.4,0,0,0,0,0,47833.4,50940.8,53567.1,54462.3,57157,466.093,495.195,509.193,536.269,547.23,149.563,368.34,430.162,562.638,629.027,26809.4,36696.8,43025.3,59765.1,135512
1990,3.13715e+07,3.40031e+07,3.54872e+07,3.75758e+07,3.97698e+07,7.01635e+06,7.26112e+06,7.42023e+06,7.71681e+06,8.44176e+06,1.38901e+06,1.50279e+06,1.62039e+06,1.71897e+06,1.85882e+06,739316,829354,974189,1.09648e+06,1.15622e+06,1.62195e+06,1.86318e+06,2.03821e+06,2.17094e+06,2.32074e+06,363262,525523,566928,627339,647962,57182.7,88499.4,97033.3,114027,136543,50888.7,66746.1,75084.6,79753,85570.8,157041,180199,191378,200654,219416,113578,135451,141583,145766,154893,22075,28824,33186.2,35153.9,36656.6,0,0,0,0,0,47985,51259.2,53943.7,54878.1,57616.8,461.298,489.797,504.375,531.835,542.741,142.533,355.109,415.691,545.518,611.674,26316,36498.8,42343.8,62566.8,138185
1991,3.14239e+07,3.40971e+07,3.56533e+07,3.78325e+07,4.00377e+07,7.01037e+06,7.2661e+06,7.42704e+06,7.73578e+06,8.4802e+06,1.37629e+06,1.49219e+06,1.61193e+06,1.71154e+06,1.8556e+06,729385,822385,969198,1.09403e+06,1.15519e+06,1.6151e+06,1.86909e+06,2.02768e+06,2.17157e+06,2.31668e+06,355368,518157,559908,620490,641861,55685.2,86857.6,95495.8,112465,135222,49894.5,65842.8,74191.7,78912.9,84910.5,155067,178115,189540,198981,217788,112313,134458,140498,144913,154300,21722.2,28536.7,32928.4,34949.7,36451,0,0,0,0,0,48140.1,51541.1,54321.7,55239.8,58077,456.258,484.429,499.547,527.357,537.915,135.818,342.476,401.582,528.674,594.339,25822.7,36363,41650.8,64567.5,141877
1992,3.1469e+07,3.41848e+07,3.58137e+07,3.80712e+07,4.0313e+07,7.00003e+06,7.2708e+06,7.43382e+06,7.75371e+06,8.51596e+06,1.36308e+06,1.48111e+06,1.60309e+06,1.70355e+06,1.85192e+06,719001,814914,964114,1.09161e+06,1.15362e+06,1.60766e+06,1.8748e+06,2.01736e+06,2.17297e+06,2.31258e+06,347651,510578,552773,613675,635653,54224.5,85215.4,93943.2,110933,133881,48917.6,64926.3,73289.9,78083.6,84221,153102,176020,187685,197393,216177,111065,133441,139392,144047,153670,21373.7,28235.9,32661.9,34732,36239.4,0,0,0,0,0,48281.3,51792.2,54675.3,55597.9,58568.1,451.024,478.937,494.676,522.838,533.099,129.356,330.287,387.771,512.111,577.342,25363.6,36017.4,40965.1,66982.7,147814
1993,3.15183e+07,3.42797e+07,3.59767e+07,3.8304e+07,4.05732e+07,6.99026e+06,7.27436e+06,7.44097e+06,7.77196e+06,8.54867e+06,1.34986e+06,1.46891e+06,1.59395e+06,1.69548e+06,1.84803e+06,708933,807040,959024,1.08855e+06,1.15186e+06,1.60089e+06,1.88159e+06,2.00735e+06,2.17518e+06,2.30926e+06,340077,503050,545614,606864,629581,52801.7,83569.5,92417.6,109383,132554,47951,63999.8,72388.2,77262.5,83523.2,151144,173904,185765,195766,214572,109799,132393,138321,143126,152993,21026.8,27931.6,32391.1,34510.2,36018.6,0,0,0,0,0,48432.2,51978.3,54999.3,55941.9,59036,445.812,473.52,489.627,517.868,528.315,123.236,318.452,374.27,495.909,560.669,24941.7,35584.8,40319.7,70022,153545
1994,3.15582e+07,3.43649e+07,3.61238e+07,3.85255e+07,4.08293e+07,6.97711e+06,7.27596e+06,7.44692e+06,7.78581e+06,8.5795e+06,1.33637e+06,1.45655e+06,1.58434e+06,1.68678e+06,1.84331e+06,698635,798407,953502,1.08524e+06,1.14951e+06,1.59409e+06,1.88829e+06,1.99735e+06,2.17397e+06,2.30599e+06,332609,495487,538421,599988,623368,51407,81901.1,90888.5,107839,131197,46991.6,63075.3,71454,76422.7,82802.3,149192,171742,183838,194099,212900,108518,131323,137209,142186,152288,20680.7,27619.3,32106.1,34276.4,35789.5,0,0,0,0,0,48567.8,52119.9,55300.9,56274.7,59498,440.579,468.014,484.552,512.736,523.489,117.442,306.901,361.131,479.875,544.225,24495.5,35078.4,39975,75958.7,158811
1995,3.15946e+07,3.44438e+07,3.62495e+07,3.87524e+07,4.10743e+07,6.96523e+06,7.27636e+06,7.45299e+06,7.79697e+06,8.60656e+06,1.32227e+06,1.44428e+06,1.57434e+06,1.67759e+06,1.83766e+06,688262,789629,947508,1.08159e+06,1.14636e+06,1.58775e+06,1.89447e+06,1.99049e+06,2.17179e+06,2.30282e+06,325277,487913,531158,593086,617142,50044.9,80271.1,89332.8,106271,129818,46045.4,62154.8,70510.4,75576.9,82032.2,147248,169590,181908,192277,211124,107237,130116,136069,141235,151522,20337.6,27306.7,31821.8,34008.3,35547.6,0,0,0,0,0,48687.8,52268.5,55577.3,56624.4,59941.1,435.208,462.529,479.421,507.534,518.589,111.894,295.771,348.02,463.926,527.974,24143.7,34512.4,39698.7,83669.7,173804
1996,3.16101e+07,3.45097e+07,3.63707e+07,3.89758e+07,4.13214e+07,6.95057e+06,7.27138e+06,7.4556e+06,7.80567e+06,8.6314e+06,1.30804e+06,1.4317e+06,1.56365e+06,1.66783e+06,1.83141e+06,677635,780558,941124,1.07764e+06,1.1429e+06,1.58148e+06,1.89759e+06,1.98814e+06,2.16974e+06,2.29956e+06,318088,480345,524025,586129,610755,48710.1,78658.4,87774.7,104726,128429,45107,61236.7,69561.2,74716,81265.7,145321,167412,179960,190377,209275,105959,128885,134904,140252,150731,19995.2,26988.9,31527.4,33736.7,35296,0,0,0,0,0,48779.6,52391.6,55846.2,57006.5,60392.1,429.807,456.916,474.216,502.257,513.638,106.644,285.013,335.331,448.062,512.102,23804.6,33998.8,39345.2,86178.6,195998
1997,3.16292e+07,3.45754e+07,3.6483e+07,3.91859e+07,4.15657e+07,6.93483e+06,7.26916e+06,7.45631e+06,7.8112e+06,8.65469e+06,1.29387e+06,1.41859e+06,1.55279e+06,1.65797e+06,1.82452e+06,666906,771456,934475,1.07348e+06,1.13915e+06,1.57518e+06,1.89494e+06,1.98621e+06,2.16783e+06,2.29755e+06,311074,472780,516873,579247,604425,47415.5,77083,86227.1,103201,127038,44183.7,60320.6,68608.9,73856,80511.2,143406,165240,178011,188506,207340,104692,127669,133740,139248,149917,19655,26665.3,31231.7,33461.2,35036,0,0,0,0,0,48881,52504,56112.2,57393.6,60833.6,424.478,451.331,468.9,497.113,508.763,101.7,274.713,323.112,432.4,496.656,23462.3,33535,39147.8,88903.9,209767
1998,3.16414e+07,3.46379e+07,3.65904e+07,3.94066e+07,4.18068e+07,6.91816e+06,7.26451e+06,7.45835e+06,7.81693e+06,8.6778e+06,1.27967e+06,1.40661e+06,1.54177e+06,1.64774e+06,1.81739e+06,656156,762055,927625,1.06896e+06,1.13498e+06,1.56946e+06,1.89318e+06,1.9878e+06,2.16653e+06,2.29524e+06,304133,465233,509770,572429,597947,46136.9,75504.7,84698.8,101664,125631,43265.2,59404.2,67654.5,72995.4,79737.7,141473,163103,176069,186603,205411,103426,126432,132557,138229,149082,19315,26342.5,30934.5,33177.5,34772.5,0,0,0,0,0,48975.1,52619.1,56366,57765.6,61278.3,419.157,445.617,463.648,492.428,503.809,96.9233,264.625,311.094,417.204,481.332,22913.5,33079.3,38968.2,90159.8,232894
1999,3.16469e+07,3.46875e+07,3.67005e+07,3.96259e+07,4.20204e+07,6.89895e+06,7.25801e+06,7.46104e+06,7.8236e+06,8.69743e+06,1.26514e+06,1.39477e+06,1.53074e+06,1.63687e+06,1.81008e+06,645202,752781,920405,1.06407e+06,1.13074e+06,1.56402e+06,1.88839e+06,1.99176e+06,2.1658e+06,2.29776e+06,297128,457739,502695,565514,591315,44856.5,73949.9,83177,100130,124191,42339.2,58517.4,66693.4,72121.3,78961.8,139496,160941,174085,184684,203480,102119,125226,131337,137191,148175,18968.7,26020.9,30629.5,32894.8,34494.6,0,0,0,0,0,49060.2,52723.7,56609.3,58120.4,61676.1,413.729,439.951,458.341,487.481,498.736,92.2735,254.504,299.315,402.256,466.062,22362.8,32593.5,38935.7,91497.4,254815
2000,3.16494e+07,3.47361e+07,3.67892e+07,3.98521e+07,4.22183e+07,6.87867e+06,7.24998e+06,7.46183e+06,7.82864e+06,8.7162e+06,1.25022e+06,1.38283e+06,1.51915e+06,1.62561e+06,1.80218e+06,634323,743300,913124,1.05894e+06,1.12635e+06,1.55902e+06,1.88129e+06,1.99375e+06,2.16623e+06,2.3068e+06,290247,450301,495575,558488,584728,43602.2,72412.1,81657.5,98592.4,122708,41424.8,57622.4,65747.4,71265,78190.5,137532,158748,172044,182814,201539,100828,124000,130118,136129,147239,18625.4,25697.4,30317.7,32616,34219.6,0,0,0,0,0,49134.2,52819.1,56855.1,58535,62048.3,408.224,434.334,453.04,482.587,493.515,87.7676,244.581,287.928,387.488,450.686,21827.6,32170.2,38903.2,95141.4,265435
2001,3.16424e+07,3.47766e+07,3.68778e+07,4.00706e+07,4.24153e+07,6.85771e+06,7.23978e+06,7.46111e+06,7.83478e+06,8.73532e+06,1.23526e+06,1.37057e+06,1.50751e+06,1.61389e+06,1.7937e+06,623287,733734,905492,1.05337e+06,1.12159e+06,1.55398e+06,1.87488e+06,1.99446e+06,2.16742e+06,2.3167e+06,283435,442823,488365,551550,578017,42369.6,70900.7,80151.9,97041.8,121198,40512.8,56731,64803.6,70397.3,77403.6,135554,156595,169979,180895,199569,99515.4,122771,128867,135083,146295,18282.3,25369.3,30016.5,32330.6,33941.3,0,0,0,0,0,49222,52916.7,57091.3,58959.5,62420.6,402.743,428.6,447.72,477.652,488.154,83.4055,234.941,276.7,373.092,435.388,21321.7,31744.2,38779.3,101819,281013
2002,3.16345e+07,3.48257e+07,3.69614e+07,4.02858e+07,4.26164e+07,6.83437e+06,7.2279e+06,7.45602e+06,7.83943e+06,8.75258e+06,1.22038e+06,1.3583e+06,1.49537e+06,1.6022e+06,1.78453e+06,612198,723932,897333,1.04735e+06,1.11661e+06,1.54926e+06,1.86803e+06,1.99327e+06,2.16901e+06,2.32687e+06,276790,435418,481062,544696,571340,41171.1,69391.5,78608.8,95487.7,119699,39617.7,55826.7,63855.1,69528,76632.7,133597,154444,167939,178841,197534,98235.9,121495,127614,134034,145321,17945.3,25038.6,29755.8,32042,33652,0,0,0,0,0,49326.2,52989.4,57340.9,59379.3,62800.1,397.293,422.939,442.38,472.767,482.886,79.2276,225.564,265.783,358.992,420.406,20832.1,31637.4,38507.1,108720,298824
2003,3.16278e+07,3.48769e+07,3.70441e+07,4.05025e+07,4.28154e+07,6.81016e+06,7.2146e+06,7.45229e+06,7.84406e+06,8.76604e+06,1.20556e+06,1.34613e+06,1.48326e+06,1.59038e+06,1.77512e+06,601122,714024,889180,1.04087e+06,1.1114e+06,1.54517e+06,1.86203e+06,1.99223e+06,2.16821e+06,2.33245e+06,270213,428140,473704,538045,564624,39991.1,67897.6,76990,93890.6,118198,38731.4,54928.6,62904.4,68695.6,75854.7,131621,152351,165705,176824,195484,96934.9,120216,126380,133011,144273,17609,24711,29500.4,31752.6,33351.1,0,0,0,0,0,49442.5,53067.8,57549.2,59808,63168.2,391.951,417.2,437.048,467.543,477.572,75.2632,216.441,255.158,345.12,405.56,20353,31824.3,38134.2,115986,317144
2004,3.16082e+07,3.49145e+07,3.7123e+07,4.07137e+07,4.30167e+07,6.78465e+06,7.20095e+06,7.45174e+06,7.84951e+06,8.78162e+06,1.19078e+06,1.33366e+06,1.47108e+06,1.57818e+06,1.76566e+06,590242,704171,880721,1.03433e+06,1.10601e+06,1.54118e+06,1.85726e+06,1.99406e+06,2.16559e+06,2.33891e+06,263527,420787,466416,531337,557868,38800.4,66405.4,75392.9,92294.7,116699,37832.6,54043.2,61945.2,67876.7,75026.6,129587,150240,163430,174807,193433,95593.7,118971,125113,131964,143253,17266.8,24381.2,29244.9,31459.9,33054,0,0,0,0,0,49541.1,53138.3,57736.3,60220.2,63542.4,386.765,411.953,431.745,462.221,472.181,71.4885,207.214,244.785,331.547,390.997,19878,31275,38120.1,124083,340603
2005,3.15932e+07,3.49587e+07,3.71934e+07,4.09208e+07,4.32027e+07,6.75629e+06,7.18454e+06,7.44719e+06,7.8551e+06,8.79587e+06,1.17558e+06,1.32099e+06,1.45844e+06,1.56573e+06,1.75595e+06,579415,694138,872071,1.02748e+06,1.10038e+06,1.53732e+06,1.85244e+06,1.99947e+06,2.16405e+06,2.34544e+06,257009,413348,459109,524569,551180,37640.1,64912.2,73811.2,90693.1,115181,36951.2,53147.9,60982.8,67052.6,74159,127594,148151,161164,172767,191395,94288.6,117692,123965,130910,142197,16930.6,24047.4,28958.2,31164.8,32753.2,0,0,0,0,0,49644,53185.4,57937.7,60636.2,63894.3,381.461,406.809,426.453,456.956,466.786,67.8068,198.304,234.616,318.227,376.505,19420.8,30835.4,38506.4,132151,364276
2006,3.15835e+07,3.49917e+07,3.72554e+07,4.11372e+07,4.3385e+07,6.72719e+06,7.16899e+06,7.43821e+06,7.86165e+06,8.80537e+06,1.16048e+06,1.30863e+06,1.44522e+06,1.55293e+06,1.74565e+06,568663,683874,863360,1.02034e+06,1.09436e+06,1.53435e+06,1.84781e+06,2.0045e+06,2.16239e+06,2.35274e+06,250583,406082,451812,517691,544584,36503.3,63419.4,72344.6,89096.9,113647,36081.3,52247.1,60035.3,66192.2,73271.9,125583,146075,158878,170751,189373,92981.6,116382,122850,129838,141088,16595.1,23719.4,28663.3,30866.6,32439.9,0,0,0,0,0,49742.4,53233.5,58113.7,61070.4,64248,376.156,401.483,421.184,451.587,461.362,64.2528,189.631,224.865,305.453,362.309,18950.7,30465.2,38673.4,142193,392480
2007,3.15783e+07,3.50263e+07,3.73252e+07,4.13453e+07,4.3567e+07,6.69702e+06,7.15509e+06,7.42883e+06,7.86904e+06,8.81703e+06,1.14532e+06,1.29598e+06,1.43183e+06,1.5399e+06,1.73585e+06,557852,673635,854600,1.01277e+06,1.08866e+06,1.53126e+06,1.84392e+06,2.01067e+06,2.16161e+06,2.36207e+06,244284,398863,444792,510896,538067,35395.2,61946.4,70945.6,87536.6,112127,35227,51347.6,59085.6,65349.4,72386.7,123599,144014,156593,168781,187376,91629,115078,121733,128760,140002,16264.8,23388.9,28377.4,30576.1,32132.7,0,0,0,0,0,49832.9,53277,58315.8,61493.1,64600.9,370.885,395.527,415.976,446.394,455.992,60.8389,181.246,215.46,292.846,348.451,18496.5,30170.1,38755.4,151070,420334
2008,3.15735e+07,3.50575e+07,3.73894e+07,4.15458e+07,4.37563e+07,6.66724e+06,7.14088e+06,7.4178e+06,7.87327e+06,8.82743e+06,1.13021e+06,1.28311e+06,1.41849e+06,1.52649e+06,1.7252e+06,547300,663382,845534,1.0049e+06,1.08248e+06,1.52839e+06,1.84044e+06,2.01776e+06,2.16156e+06,2.3719e+06,238198,391765,437698,504136,531650,34324.2,60518.8,69540.2,85983,110594,34393.5,50456.7,58156.2,64495.4,71491.8,121698,141945,154336,166740,185382,90240.9,113795,120601,127697,138894,15943.9,23059.4,28083.1,30249.4,31817.5,0,0,0,0,0,49938.4,53312.2,58520.3,61899.2,64962.6,365.708,389.727,410.775,441.19,450.625,57.6083,173.2,206.198,280.547,334.935,18049.5,29843.6,39769.1,159356,447806
2009,3.15634e+07,3.50892e+07,3.74583e+07,4.17369e+07,4.39539e+07,6.63791e+06,7.126e+06,7.40786e+06,7.87611e+06,8.83585e+06,1.11542e+06,1.26988e+06,1.40496e+06,1.51308e+06,1.71434e+06,536819,653086,836380,996863,1.07606e+06,1.52532e+06,1.83729e+06,2.02497e+06,2.17509e+06,2.3819e+06,232234,384641,430582,497391,525164,33279.2,59130.3,68136,84415.2,109238,33573.5,49572.4,57245.2,63623.4,70600.8,119812,139885,152099,164694,183406,88884.4,112498,119461,126616,137764,15625.7,22726.5,27781.3,29910.1,31493.5,0,0,0,0,0,50040.3,53358.1,58718.4,62312.4,65329,360.701,384.129,405.621,435.913,445.325,54.557,165.385,197.16,268.621,321.786,17611.7,29588.6,41449.3,167345,476788
2010,3.15465e+07,3.5126e+07,3.75274e+07,4.1951e+07,4.41513e+07,6.60816e+06,7.11299e+06,7.39637e+06,7.88682e+06,8.84435e+06,1.10055e+06,1.25693e+06,1.39106e+06,1.49969e+06,1.70315e+06,526404,642463,826814,988520,1.0693e+06,1.5232e+06,1.83394e+06,2.03267e+06,2.19343e+06,2.3938e+06,226401,377801,423581,490797,518576,32258.4,57747.3,66738.6,82908.8,107915,32768.2,48680.4,56317.8,62757.9,69724.6,117966,137886,149867,162637,181333,87536,111189,118357,125408,136629,15312.3,22403,27484.1,29555,31166.8,0,0,0,0,0,50125.3,53408.4,58920.3,62748.5,65702.6,355.672,378.596,400.286,430.626,440.25,51.6247,157.77,188.311,256.78,309.219,17175.9,29385.6,43115.9,179861,524502
2011,3.1528e+07,3.51636e+07,3.75848e+07,4.21621e+07,4.43423e+07,6.57587e+06,7.09819e+06,7.37999e+06,7.89553e+06,8.85193e+06,1.08571e+06,1.243e+06,1.37715e+06,1.48631e+06,1.69148e+06,516008,631948,816948,980030,1.06212e+06,1.52131e+06,1.83116e+06,2.0384e+06,2.21288e+06,2.40575e+06,220654,371036,416568,484264,511964,31258.8,56374.5,65339.5,81398.7,106573,31971.2,47807,55382.5,61886.4,68848.4,116098,135916,147649,160521,179220,86165.7,109901,117238,124179,135487,15000.6,22085.2,27181,29195.1,30831.8,0,0,0,0,0,50202.4,53452.8,59115.9,63189.7,66076.1,350.628,372.971,394.865,425.354,435.245,48.8034,150.441,179.591,245.249,297.079,16774.5,29165.6,44348.9,190521,574402
2012,3.15105e+07,3.52034e+07,3.76328e+07,4.23382e+07,4.45235e+07,6.54123e+06,7.08278e+06,7.36334e+06,7.89634e+06,8.85769e+06,1.07059e+06,1.22687e+06,1.3634e+06,1.47289e+06,1.67985e+06,505774,621564,807017,971317,1.05482e+06,1.51916e+06,1.8289e+06,2.04294e+06,2.23257e+06,2.41813e+06,215026,364162,409588,477871,505422,30280.8,55009.3,63952,79861.7,105246,31182.8,46945.8,54441.2,60998.6,67979.4,114262,134068,145473,158413,177111,84780.3,108616,116014,122957,134327,14691.6,21763.5,26876.2,28834.3,30492.9,0,0,0,0,0,50289.5,53511.7,59312.4,63617.1,66438,345.556,367.292,389.498,420.046,430.268,46.0936,143.32,171.158,234.024,285.323,16399.6,29116.4,45580,199512,608482
2013,3.14913e+07,3.52342e+07,3.76789e+07,4.24595e+07,4.46637e+07,6.50571e+06,7.06988e+06,7.34584e+06,7.8923e+06,8.8592e+06,1.05444e+06,1.21052e+06,1.34972e+06,1.45933e+06,1.66741e+06,495570,611314,797054,962509,1.04683e+06,1.51701e+06,1.82767e+06,2.04763e+06,2.25014e+06,2.431e+06,209450,357323,402717,471512,498970,29316.8,53665.3,62593.5,78377.1,103860,30402.1,46108.3,53499.1,60103.8,67094.8,112581,132231,143301,156359,174987,83392.4,107372,114707,121710,133113,14383.2,21443.8,26573.2,28465,30150.2,0,0,0,0,0,50369.5,53580.9,59502.9,64034.2,66736,340.248,361.603,384.006,414.577,425.274,43.4246,136.435,163.039,223.189,274.073,16035.2,29199,47039.5,207397,638187
2014,3.14567e+07,3.52767e+07,3.77362e+07,4.25818e+07,4.48219e+07,6.46835e+06,7.05599e+06,7.32925e+06,7.88073e+06,8.8619e+06,1.03864e+06,1.19393e+06,1.33559e+06,1.44593e+06,1.65404e+06,485361,600775,787150,953601,1.03851e+06,1.51477e+06,1.82553e+06,2.05265e+06,2.26834e+06,2.44414e+06,203926,350530,395676,465253,492400,28366.2,52323.3,61257.6,76889.6,102449,29624.8,45253.5,52609.7,59219.7,66223.3,110870,130415,141133,154283,172898,82005.8,106079,113376,120501,131934,14074.8,21113.3,26250.4,28106.6,29807.6,0,0,0,0,0,50441.7,53640.7,59656.8,64430.6,67063.5,335.093,356.091,378.677,409.08,420.405,40.9249,129.751,155.211,212.971,263.304,15793.8,29445.9,48292.5,215729,661298
2015,3.14328e+07,3.5308e+07,3.77839e+07,4.27098e+07,4.49579e+07,6.42948e+06,7.04137e+06,7.31215e+06,7.87003e+06,8.86296e+06,1.02254e+06,1.17712e+06,1.3212e+06,1.43212e+06,1.64034e+06,475137,590194,777461,944481,1.03016e+06,1.51315e+06,1.82202e+06,2.0573e+06,2.28022e+06,2.45813e+06,198453,344017,388742,458974,486038,27427.8,50993.9,59970.3,75435.1,101071,28848.8,44402.5,51759.6,58359.1,65344.3,109150,128682,138988,152279,170837,80626.6,104775,112087,119310,130769,13765.3,20760.2,25909,27753.6,29471,0,0,0,0,0,50517.1,53704.6,59807.6,64818.3,67354.7,329.88,350.77,373.517,403.675,415.456,38.5453,123.301,147.898,203.226,252.846,15530.6,29682.4,50518.5,226735,685903
2016,3.14025e+07,3.53444e+07,3.78918e+07,4.2841e+07,4.50957e+07,6.39222e+06,7.02543e+06,7.29615e+06,7.85771e+06,8.86409e+06,1.00653e+06,1.16089e+06,1.30667e+06,1.41851e+06,1.62665e+06,465051,579554,767496,935338,1.02189e+06,1.51179e+06,1.81665e+06,2.06284e+06,2.28767e+06,2.47196e+06,193118,337656,381945,452755,479700,26519.5,49726.4,58710.4,73997.7,99723.6,28090.1,43558.3,50887.5,57503.2,64482.7,107461,126975,136873,150327,168652,79307.6,103464,110805,118021,129600,13459.9,20406.5,25570.6,27381.3,29136.1,0,0,0,0,0,50575,53770.9,59948.4,65209.6,67659.5,324.712,345.579,368.229,398.309,410.613,36.2879,117.134,141.007,193.474,242.892,15410.6,30085.5,53372.9,240957,707755
2017,3.13729e+07,3.53663e+07,3.79776e+07,4.29582e+07,4.52232e+07,6.35307e+06,7.01122e+06,7.27832e+06,7.84415e+06,8.86317e+06,990483,1.14435e+06,1.2917e+06,1.4042e+06,1.61257e+06,455051,568746,757313,926167,1.01297e+06,1.51058e+06,1.81162e+06,2.06831e+06,2.29399e+06,2.48747e+06,187948,331279,375339,446492,473473,25641.1,48457.6,57458,72590.3,98333.5,27348.7,42701.1,50008.9,56647,63582.5,105805,125256,134724,148330,166451,77978.4,102145,109527,116690,128419,13160.6,20055.9,25236,26996.5,28797.2,0,0,0,0,0,50627.4,53834.2,60084.8,65527.9,67946.2,319.605,340.394,362.736,392.949,405.617,34.1655,111.308,134.266,184.437,233.081,15279.2,30532.9,55921.7,253849,729448
2018,3.13484e+07,3.53798e+07,3.8068e+07,4.3068e+07,4.53441e+07,6.31293e+06,6.99242e+06,7.26063e+06,7.83526e+06,8.86174e+06,974508,1.12768e+06,1.2768e+06,1.38984e+06,1.59865e+06,445090,558087,747196,916864,1.00422e+06,1.51053e+06,1.80693e+06,2.07432e+06,2.30072e+06,2.50236e+06,182869,324903,368609,440291,467346,24783,47199.8,56235.8,71107.6,96989.3,26617.4,41860.2,49146.9,55768.7,62690.1,104168,123544,132599,146404,164291,76640.2,100814,108269,115359,127243,12862.4,19709,24891.7,26619.9,28459.6,0,0,0,0,0,50682.2,53897.6,60218.5,65796.8,68223.9,314.53,335.231,357.965,387.589,400.544,32.1549,105.783,127.992,176.303,223.538,15066.2,31182.6,59602.4,268734,764986
2019,3.13216e+07,3.53889e+07,3.81481e+07,4.32412e+07,4.54563e+07,6.27276e+06,6.97314e+06,7.24188e+06,7.82265e+06,8.85465e+06,958346,1.11109e+06,1.26163e+06,1.37524e+06,1.58481e+06,435265,547372,736933,907196,995421,1.5107e+06,1.80262e+06,2.08009e+06,2.30749e+06,2.51735e+06,177979,318616,362052,434130,461185,23956.2,45978.2,55022.8,69651.9,95676.6,25906.8,41013.8,48276.7,54883.3,61801.8,102573,121839,130475,144492,162112,75338.5,99462.7,106997,114025,126009,12571.9,19360.9,24543.5,26242.1,28112.2,0,0,0,0,0,50739.5,53952.5,60333.9,65979.2,68493.4,309.419,330.167,353.365,382.216,395.478,30.239,100.56,122.042,168.593,214.377,14770.2,31585.9,63028.3,286787,793342
2020,3.13036e+07,3.53811e+07,3.82277e+07,4.34273e+07,4.55554e+07,6.2316e+06,6.95268e+06,7.22129e+06,7.81057e+06,8.84818e+06,942393,1.09433e+06,1.24641e+06,1.35978e+06,1.57117e+06,425503,536571,726761,897171,986515,1.5106e+06,1.79898e+06,2.08523e+06,2.31468e+06,2.53261e+06,173186,312360,355639,428026,455095,23151.6,44770.7,53837.5,68181.2,94387.3,25210,40164.2,47422.7,54015.5,60881.1,100989,120139,128335,142574,160010,74037,98102.3,105729,112736,124803,12284.5,19015.5,24190.5,25871.9,27772.5,0,0,0,0,0,50796,54004,60446.7,66159.5,68739.2,304.409,325.201,348.764,377.058,390.174,28.4645,95.5657,116.374,161.47,205.32,14488.6,31966.8,67732.1,305271,826824
2021,3.12917e+07,3.53474e+07,3.83084e+07,4.35939e+07,4.56593e+07,6.19049e+06,6.93278e+06,7.19408e+06,7.8035e+06,8.85965e+06,926857,1.07758e+06,1.23138e+06,1.34317e+06,1.55769e+06,415959,525798,716500,886833,977744,1.51088e+06,1.79564e+06,2.08686e+06,2.32237e+06,2.54801e+06,168529,306275,349309,422080,449093,22375.6,43593.6,52660.4,66696.8,93132.1,24530.8,39324.8,46584.7,53149.4,59923.5,99455.2,118539,126159,140638,157955,72761.3,96732.9,104466,111493,123626,12001.8,18676.3,23834.4,25489.1,27432,0,0,0,0,0,50873.2,54031.6,60553.8,66328.9,68993.7,299.603,320.45,344.342,371.978,384.607,26.8324,90.8646,111.011,154.518,196.322,14329.9,32576.5,71599,325804,869327
2022,3.1273e+07,3.53213e+07,3.83785e+07,4.37545e+07,4.57612e+07,6.14882e+06,6.90643e+06,7.16728e+06,7.80042e+06,8.86943e+06,911593,1.06069e+06,1.21525e+06,1.32696e+06,1.54445e+06,406634,515290,706259,876591,968653,1.51164e+06,1.79282e+06,2.08971e+06,2.33102e+06,2.5633e+06,164055,300237,343127,416104,443310,21634.2,42439,51505.9,65239.5,91874.9,23874.6,38508.7,45764.2,52287.8,58990.4,97972.5,116640,124079,138701,155943,71489.4,95385.3,103224,110249,122460,11727.3,18351.5,23478.7,25109.7,27093.3,0,0,0,0,0,50922.3,54032.2,60670.1,66495.6,69239.9,294.953,315.57,339.813,367.004,379.235,25.3197,86.4742,105.903,147.879,187.921,14192.3,33075.3,77017.5,343591,919945
2023,3.1246e+07,3.52934e+07,3.84378e+07,4.39219e+07,4.58582e+07,6.10881e+06,6.87963e+06,7.1405e+06,7.79775e+06,8.87961e+06,896521,1.04366e+06,1.19873e+06,1.31087e+06,1.53104e+06,397507,504640,696009,866402,959507,1.5124e+06,1.79055e+06,2.09318e+06,2.33947e+06,2.57952e+06,159848,294232,337034,410235,437540,20937.1,41293.6,50371.5,63819.7,90622,23251,37689.8,44950.5,51430.3,58072.8,96532.6,114624,122043,136795,153926,70226,94019.3,101990,108981,121295,11463.9,18025.1,23128.1,24727.5,26754.1,0,0,0,0,0,50967.5,54041.9,60773.6,66663,69481.1,290.355,310.736,335.282,361.99,373.972,23.9152,82.4648,101.106,141.558,180.01,14225.2,33562.2,81669.8,354831,975815
2024,3.12025e+07,3.52601e+07,3.84942e+07,4.4102e+07,4.59281e+07,6.07408e+06,6.8511e+06,7.11216e+06,7.79708e+06,8.89229e+06,881256,1.02693e+06,1.18208e+06,1.29462e+06,1.51741e+06,388551,494138,685791,856329,950269,1.51304e+06,1.78836e+06,2.09709e+06,2.34824e+06,2.59591e+06,155664,288217,331123,404157,431714,20252.7,40186,49258.5,62455.8,89373.7,22631.5,36882.6,44155.4,50583.1,57150.1,95123.7,112631,120003,134915,151944,68979.6,92687.3,100749,107720,120112,11200.4,17697.8,22786.3,24348.4,26415.3,0,0,0,0,0,50991.9,54046.2,60871.6,66812.2,69683.9,285.726,305.798,330.71,356.962,368.749,22.5872,78.6204,96.5814,135.373,172.5,14702.5,33878.9,84717.3,365329,1.04258e+06
2025,3.11552e+07,3.52333e+07,3.85395e+07,4.42995e+07,4.59946e+07,6.03993e+06,6.82112e+06,7.08501e+06,7.79013e+06,8.90871e+06,866132,1.01076e+06,1.16578e+06,1.27889e+06,1.50291e+06,379681,484151,675617,846209,940748,1.51394e+06,1.78545e+06,2.10162e+06,2.35727e+06,2.61318e+06,151659,282354,325173,398468,425899,19600.1,39145.2,48165.1,61117.3,88111.5,22035.9,36110.5,43377.2,49733.4,56257,93745.8,110758,117996,133036,149939,67783.1,91399.6,99503.4,106499,118917,10945.5,17375.7,22445.5,23975.2,26075.1,0,0,0,0,0,51021,54050.7,60949.6,66942.1,70071.1,281.03,301.151,326.178,351.87,363.731,21.3393,75.0522,92.3098,129.717,165.513,15197.3,34152.7,88093.3,374257,1.10015e+06
2026,3.11184e+07,3.51979e+07,3.85725e+07,4.44874e+07,4.60514e+07,6.00333e+06,6.78872e+06,7.05684e+06,7.78348e+06,8.92376e+06,851061,994355,1.1492e+06,1.26307e+06,1.48896e+06,370809,473919,665443,835797,931245,1.51442e+06,1.78352e+06,2.10589e+06,2.367e+06,2.63058e+06,147741,276537,319448,392857,420229,18965.3,38110.6,47067,59809.9,86861.1,21450.4,35324.2,42595.8,48905.5,55361.1,92347.1,108854,116028,131167,147976,66580.5,90070.5,98287.3,105542,117764,10693,17058.4,22103,23600.2,25737.5,0,0,0,0,0,51047.5,54052.8,61023,67086,70448.6,276.345,296.446,321.619,346.989,358.956,20.1696,71.6523,88.2303,124.409,158.895,15402.3,34602.7,91455.9,383074,1.15471e+06
2027,3.10939e+07,3.51718e+07,3.86047e+07,4.46794e+07,4.61085e+07,5.96829e+06,6.75466e+06,7.03123e+06,7.77907e+06,8.93774e+06,836249,977789,1.13313e+06,1.24776e+06,1.47491e+06,362197,463844,655316,825209,921520,1.5153e+06,1.78208e+06,2.11095e+06,2.37737e+06,2.64811e+06,144016,270649,313801,387489,414806,18365.3,37099.7,45991,58534.5,85614.5,20887.7,34552.2,41800.4,48063,54491.7,91010.6,106998,114149,129338,145993,65378.4,88777.4,97106,104545,116567,10450.7,16752.6,21756.9,23322.2,25379.4,0,0,0,0,0,51098.2,54057.3,61099.5,67203.1,70777.7,271.856,291.766,316.94,342.002,354.432,19.0829,68.5078,84.4,119.439,152.732,15632.9,35171.2,95851.8,391363,1.22044e+06
2028,3.10698e+07,3.51368e+07,3.86291e+07,4.48469e+07,4.61572e+07,5.93307e+06,6.72114e+06,7.00384e+06,7.77591e+06,8.94478e+06,821685,961359,1.11716e+06,1.23174e+06,1.46094e+06,353737,453762,645281,814218,911746,1.51628e+06,1.78098e+06,2.11498e+06,2.38921e+06,2.66574e+06,140459,265004,308169,381879,409608,17797.2,36116.6,44954.9,57237.3,84383.4,20346,33785.7,41013.8,47224.1,53597.1,89697.1,105119,112284,127521,144108,64209.4,87463.3,95960.4,103555,115366,10216.6,16455.4,21399.8,23056.1,25023.6,0,0,0,0,0,51120.2,54058.1,61162.2,67306.3,71109.9,267.258,287.26,312.346,337.083,349.977,18.0775,65.5748,80.7898,114.635,146.661,15938.2,35652.6,100133,398738,1.29215e+06
2029,3.10072e+07,3.51212e+07,3.86605e+07,4.50201e+07,4.61958e+07,5.8971e+06,6.68897e+06,6.97575e+06,7.76901e+06,8.95268e+06,807110,944964,1.10093e+06,1.21591e+06,1.44668e+06,345394,443916,635442,803310,902007,1.51757e+06,1.77997e+06,2.11956e+06,2.40063e+06,2.68397e+06,136970,259465,302575,376358,404278,17242.9,35158.2,43896.1,55976.2,83168.3,19813.8,33041,40258.3,46368.9,52717.1,88380.6,103281,110432,125751,142232,63047.8,86178.6,94792.4,102580,114098,9985.82,16153.4,21050,22787.4,24666.4,0,0,0,0,0,51130.2,54061.5,61218.1,67376.7,71449.8,262.561,282.832,307.853,331.897,345.522,17.1311,62.8039,77.409,110.067,140.953,16145.1,36687.3,103056,400437,1.36878e+06
2030,3.09504e+07,3.50926e+07,3.86834e+07,4.513e+07,4.62203e+07,5.85709e+06,6.6542e+06,6.94446e+06,7.76002e+06,8.96033e+06,792493,928597,1.08458e+06,1.1996e+06,1.43212e+06,337071,434059,625625,792343,892191,1.51849e+06,1.77868e+06,2.12411e+06,2.41249e+06,2.70997e+06,133415,254039,296990,370996,398971,16682.9,34218.2,42858.1,54724.4,81968.9,19271.5,32298.7,39512.6,45524.7,51826.6,87032.5,101456,108568,123927,140378,61891.9,84878.9,93618.9,101636,112837,9749.44,15853.5,20700.6,22514,24303.1,0,0,0,0,0,51074,54067.7,61263.5,67466.9,71782.2,257.855,278.379,303.461,326.76,340.889,16.2371,60.075,74.204,105.812,135.456,16616,37192,104669,410111,1.44414e+06
2031,3.08967e+07,3.50423e+07,3.87057e+07,4.52243e+07,4.62358e+07,5.81755e+06,6.62289e+06,6.90894e+06,7.75097e+06,8.96757e+06,778075,912654,1.06848e+06,1.18328e+06,1.4175e+06,328849,424311,615778,781232,882331,1.5195e+06,1.77764e+06,2.12891e+06,2.42546e+06,2.73655e+06,129931,248803,291564,365687,393748,16137.1,33313.7,41848.2,53514.2,80777.1,18739,31571.6,38781.8,44742.8,50950.5,85701.5,99636.4,106732,122053,138560,60771.8,83596.1,92446.9,100722,111566,9515.91,15562.7,20355.7,22244.5,23935.3,0,0,0,0,0,50978.3,54095,61342.6,67648.6,72121,253.318,273.887,299.152,321.626,336.28,15.4069,57.4853,71.1268,101.717,130.289,17211.9,37259.1,106840,420346,1.52062e+06
2032,3.08382e+07,3.49839e+07,3.87133e+07,4.53052e+07,4.62555e+07,5.77604e+06,6.58832e+06,6.87203e+06,7.74143e+06,8.97415e+06,763948,896662,1.05216e+06,1.16678e+06,1.40256e+06,320672,414400,605902,770368,872323,1.52045e+06,1.77643e+06,2.13401e+06,2.43862e+06,2.76398e+06,126569,243745,286279,360079,388556,15616.4,32412.2,40873.6,52352.4,79585,18224.6,30842.9,38058.9,43971.6,50073.7,84373.1,97766.9,104896,120190,136735,59648.4,82304.5,91271,99822.6,110334,9289.5,15291.4,20022.4,21970.6,23568,0,0,0,0,0,50846.9,54104.9,61443.1,67839.7,72487.7,248.738,269.378,294.933,316.676,331.882,14.6165,55.0664,68.186,97.605,125.343,19071.1,37333,109296,430043,1.59888e+06
