year,rail_nar_p5,rail_nar_p25,rail_nar_p50,rail_nar_p75,rail_nar_p95,rail_sec_p5,rail_sec_p25,rail_sec_p50,rail_sec_p75,rail_sec_p95,rail_main_p5,rail_main_p25,rail_main_p50,rail_main_p75,rail_main_p95,rail_main_el_p5,rail_main_el_p25,rail_main_el_p50,rail_main_el_p75,rail_main_el_p95,rail_hsr_p5,rail_hsr_p25,rail_hsr_p50,rail_hsr_p75,rail_hsr_p95,road_dirt_p5,road_dirt_p25,road_dirt_p50,road_dirt_p75,road_dirt_p95,road_gravel_p5,road_gravel_p25,road_gravel_p50,road_gravel_p75,road_gravel_p95,road_paved_p5,road_paved_p25,road_paved_p50,road_paved_p75,road_paved_p95,road_express_p5,road_express_p25,road_express_p50,road_express_p75,road_express_p95,road_motorway_p5,road_motorway_p25,road_motorway_p50,road_motorway_p75,road_motorway_p95
1933,518.0,518.0,518.0,518.0,518.0,7848.9,7848.9,7848.9,7848.9,7848.9,5082.7,5082.7,5082.7,5082.7,5082.7,0.0,0.0,0.0,0.0,0.0,0.0,0.0,0.0,0.0,0.0,7866.6,7866.6,7866.6,7866.6,7866.6,23533.9,23533.9,23533.9,23533.9,23533.9,1974.4,1974.4,1974.4,1974.4,1974.4,0.0,0.0,0.0,0.0,0.0,0.0,0.0,0.0,0.0,0.0
1934,518.0,518.0,518.0,518.0,518.0,7751.7,7774.2,7774.2,7774.2,7774.2,5327.0,5327.0,5327.0,5327.0,5357.8,0.0,0.0,0.0,0.0,0.0,0.0,0.0,0.0,0.0,0.0,6357.6,6357.6,6357.6,6357.6,6357.6,24838.8,24838.8,24838.8,24838.8,24838.8,2178.5,2178.5,2178.5,2178.5,2178.5,0.0,0.0,0.0,0.0,0.0,0.0,0.0,0.0,0.0,0.0
1935,518.0,518.0,518.0,518.0,518.0,7751.7,7774.2,7774.2,7774.2,7774.2,5433.7,5433.7,5433.7,5433.7,5464.5,0.0,0.0,0.0,0.0,0.0,0.0,0.0,0.0,0.0,0.0,6222.9,6222.9,6222.9,6222.9,6222.9,24973.5,24973.5,24973.5,24973.5,24973.5,2178.5,2178.5,2178.5,2178.5,2178.5,0.0,0.0,0.0,0.0,0.0,0.0,0.0,0.0,0.0,0.0
1936,518.0,518.0,518.0,518.0,518.0,7671.2,7692.5,7774.2,7774.2,7774.2,5433.7,5433.7,5433.7,5515.4,5539.5,0.0,0.0,0.0,0.0,0.0,0.0,0.0,0.0,0.0,0.0,4373.1,4373.1,4373.1,4373.1,4373.1,26823.2,26823.2,26823.2,26823.2,26823.2,2178.5,2178.5,2178.5,2178.5,2178.5,0.0,0.0,0.0,0.0,0.0,0.0,0.0,0.0,0.0,0.0
1937,518.0,518.0,518.0,518.0,518.0,7671.2,7692.5,7774.2,7774.2,7774.2,5408.0,5408.0,5408.0,5489.7,5513.8,25.7,25.7,25.7,25.7,25.7,0.0,0.0,0.0,0.0,0.0,3977.2,3977.2,3977.2,3977.2,3977.2,27219.2,27219.2,27219.2,27219.2,27219.2,2178.5,2178.5,2178.5,2178.5,2178.5,0.0,0.0,0.0,0.0,0.0,0.0,0.0,0.0,0.0,0.0
1938,492.7,518.0,518.0,518.0,518.0,7560.0,7640.8,7689.7,7692.5,7744.4,5361.9,5413.8,5429.2,5480.3,5599.9,101.6,101.6,101.6,101.6,101.6,0.0,0.0,0.0,0.0,0.0,2256.2,2256.2,2256.2,2256.2,2256.2,28582.9,28582.9,28587.1,28587.1,28587.1,2531.5,2531.5,2531.5,2535.8,2535.8,0.0,0.0,0.0,0.0,0.0,0.0,0.0,0.0,0.0,0.0
1939,492.7,518.0,518.0,518.0,518.0,7560.0,7640.8,7689.7,7692.5,7744.4,5361.9,5413.8,5429.2,5480.3,5599.9,101.6,101.6,101.6,101.6,101.6,0.0,0.0,0.0,0.0,0.0,1996.1,1996.1,1996.1,1996.1,1996.1,28843.0,28843.0,28847.3,28847.3,28847.3,2531.5,2531.5,2531.5,2535.8,2535.8,0.0,0.0,0.0,0.0,0.0,0.0,0.0,0.0,0.0,0.0
1940,492.7,492.7,492.7,492.7,518.0,7476.1,7518.0,7609.4,7698.8,7728.2,5403.3,5413.8,5568.8,5672.8,5705.6,101.6,101.6,101.6,101.6,101.6,0.0,0.0,0.0,0.0,0.0,643.3,677.1,677.1,677.1,677.1,29296.9,29299.5,29304.8,29346.6,29366.8,3339.5,3354.1,3393.1,3398.4,3401.0,0.0,0.0,0.0,0.0,0.0,0.0,0.0,0.0,0.0,0.0
1941,492.7,492.7,492.7,492.7,518.0,7522.3,7564.2,7655.7,7745.1,7774.5,5403.3,5413.8,5568.8,5672.8,5705.6,101.6,101.6,101.6,101.6,101.6,0.0,0.0,0.0,0.0,0.0,367.6,401.4,401.4,401.4,401.4,29572.6,29575.2,29580.5,29622.3,29642.5,3339.5,3354.1,3393.1,3398.4,3401.0,0.0,0.0,0.0,0.0,0.0,0.0,0.0,0.0,0.0,0.0
1942,492.7,492.7,492.7,492.7,518.0,7664.2,7709.0,7755.6,7889.8,7908.7,5413.8,5413.8,5613.6,5672.8,5720.4,101.6,101.6,101.6,101.6,101.6,0.0,0.0,0.0,0.0,0.0,0.0,37.9,37.9,37.9,37.9,27166.5,27305.0,27343.6,27369.4,27431.8,6091.9,6168.3,6195.9,6218.7,6357.2,0.0,0.0,0.0,0.0,0.0,0.0,0.0,0.0,0.0,0.0
1943,492.7,492.7,492.7,492.7,518.0,7773.3,7818.0,7864.7,7998.9,8017.8,5413.8,5413.8,5613.6,5672.8,5720.4,101.6,101.6,101.6,101.6,101.6,0.0,0.0,0.0,0.0,0.0,0.0,37.9,37.9,37.9,37.9,27166.5,27305.0,27343.6,27369.4,27431.8,6091.9,6168.3,6195.9,6218.7,6357.2,0.0,0.0,0.0,0.0,0.0,0.0,0.0,0.0,0.0,0.0
1944,492.7,492.7,492.7,492.7,518.0,7703.7,7751.2,7764.0,7865.6,7965.3,5466.4,5610.5,5701.7,5732.5,5795.4,101.6,101.6,101.6,101.6,101.6,0.0,0.0,0.0,0.0,0.0,0.0,0.0,0.0,0.0,0.0,24284.5,24477.9,24611.7,24742.0,24867.6,8694.0,8819.6,8949.9,9083.7,9277.1,0.0,0.0,0.0,0.0,0.0,0.0,0.0,0.0,0.0,0.0
1945,492.7,492.7,492.7,492.7,518.0,7703.7,7751.2,7764.0,7865.6,7965.3,5466.4,5610.5,5701.7,5732.5,5795.4,101.6,101.6,101.6,101.6,101.6,0.0,0.0,0.0,0.0,0.0,0.0,0.0,0.0,0.0,0.0,23758.8,23952.2,24086.0,24216.3,24523.5,9038.1,9345.3,9475.6,9609.4,9802.8,0.0,0.0,0.0,0.0,0.0,0.0,0.0,0.0,0.0,0.0
1946,492.7,492.7,492.7,492.7,492.7,7625.7,7670.1,7751.2,7758.4,7872.8,5603.2,5719.4,5739.6,5859.8,5865.2,101.6,101.6,101.6,101.6,101.6,0.0,0.0,0.0,0.0,0.0,0.0,0.0,0.0,0.0,0.0,20078.6,20303.2,20410.0,20596.2,21220.4,12341.2,12965.4,13151.6,13258.4,13483.0,0.0,0.0,0.0,0.0,0.0,0.0,0.0,0.0,0.0,0.0
1947,492.7,492.7,492.7,492.7,492.7,7625.7,7670.1,7751.2,7758.4,7872.8,5603.2,5719.4,5739.6,5859.8,5865.2,101.6,101.6,101.6,101.6,101.6,0.0,0.0,0.0,0.0,0.0,0.0,0.0,0.0,0.0,0.0,19940.0,20164.7,20271.4,20457.7,21061.3,12500.3,13103.9,13290.2,13396.9,13621.6,144.3,144.3,144.3,144.3,144.3,0.0,0.0,0.0,0.0,0.0
1948,492.7,492.7,492.7,492.7,492.7,7625.7,7668.3,7701.2,7735.2,7850.2,4054.9,4066.9,4224.3,4321.0,4414.2,1373.2,1579.9,1728.4,1899.9,1910.2,0.0,0.0,0.0,0.0,0.0,0.0,0.0,0.0,0.0,0.0,15986.1,16228.5,16388.0,16635.9,17662.4,15899.2,16925.7,17173.6,17333.1,17575.5,228.7,228.7,228.7,228.7,228.7,0.0,0.0,0.0,0.0,0.0
1949,492.7,492.7,492.7,492.7,492.7,7625.7,7668.3,7701.2,7735.2,7850.2,3747.4,3759.4,3916.9,4013.5,4184.0,1600.5,1887.4,2035.8,2207.4,2217.6,0.0,0.0,0.0,0.0,0.0,0.0,0.0,0.0,0.0,0.0,15735.7,15978.2,16137.6,16385.6,17399.6,16162.0,17176.0,17424.0,17583.4,17825.9,228.7,228.7,228.7,228.7,228.7,0.0,0.0,0.0,0.0,0.0
1950,492.7,492.7,492.7,492.7,492.7,7625.7,7689.3,7715.5,7729.8,7791.4,3646.4,3711.3,3749.3,3764.5,4082.1,1854.6,2202.3,2217.5,2255.5,2318.6,0.0,0.0,0.0,0.0,0.0,0.0,0.0,0.0,0.0,0.0,11205.4,11688.5,11791.1,12038.0,13416.4,20145.2,21523.6,21770.5,21873.1,22356.2,228.7,228.7,228.7,228.7,228.7,0.0,0.0,0.0,0.0,0.0
1951,492.7,492.7,492.7,492.7,492.7,7625.7,7689.3,7715.5,7729.8,7791.4,3646.4,3711.3,3749.3,3764.5,4022.0,1888.1,2202.3,2217.5,2255.5,2318.6,0.0,0.0,0.0,0.0,0.0,0.0,0.0,0.0,0.0,0.0,10802.7,11285.8,11460.3,11778.9,13031.2,20530.4,21782.7,22101.3,22275.8,22758.9,567.9,567.9,567.9,567.9,567.9,0.0,0.0,0.0,0.0,0.0
1952,492.7,492.7,492.7,492.7,492.7,7681.9,7715.5,7772.4,7822.7,7872.9,3503.9,3596.4,3638.4,3687.4,3835.3,2081.9,2279.4,2328.4,2370.4,2477.8,0.0,0.0,0.0,0.0,0.0,0.0,0.0,0.0,0.0,0.0,5823.9,6548.1,7058.2,7568.3,8819.6,24742.0,25993.3,26503.4,27013.5,27737.8,567.9,567.9,567.9,567.9,567.9,0.0,0.0,0.0,0.0,0.0
1953,492.7,492.7,492.7,492.7,492.7,7681.9,7715.5,7772.4,7822.7,7872.9,3503.9,3596.4,3638.4,3687.4,3815.3,2102.0,2279.4,2328.4,2370.4,2477.8,0.0,0.0,0.0,0.0,0.0,0.0,0.0,0.0,0.0,0.0,5691.8,6416.1,6831.4,7292.6,8543.9,25017.7,26269.0,26730.2,27145.5,27869.8,567.9,567.9,567.9,567.9,567.9,0.0,0.0,0.0,0.0,0.0
1954,492.7,492.7,492.7,492.7,492.7,7673.0,7722.1,7777.0,7836.4,7872.9,3276.9,3416.8,3520.8,3599.8,3716.2,2202.3,2382.7,2446.0,2554.5,2763.3,0.0,0.0,0.0,0.0,0.0,0.0,0.0,0.0,0.0,0.0,762.3,1202.0,1596.7,2432.1,3861.4,29700.2,31129.5,31964.9,32359.6,32799.3,567.9,567.9,567.9,567.9,567.9,0.0,0.0,0.0,0.0,0.0
1955,492.7,492.7,492.7,492.7,492.7,7531.1,7685.8,7777.0,7836.4,7872.9,3328.9,3469.3,3522.2,3599.8,3716.2,2202.3,2382.7,2446.0,2554.5,2801.8,0.0,0.0,0.0,0.0,0.0,0.0,0.0,0.0,0.0,0.0,626.6,1066.3,1528.9,2432.1,3861.4,29700.2,31129.5,32032.7,32495.3,32935.0,567.9,567.9,567.9,567.9,567.9,0.0,0.0,0.0,0.0,0.0
1956,492.7,492.7,492.7,492.7,492.7,7495.5,7668.1,7786.9,7824.2,7841.0,2976.1,3149.3,3263.3,3420.2,3678.8,2281.3,2555.3,2785.2,2934.9,3257.3,0.0,0.0,0.0,0.0,0.0,0.0,0.0,0.0,0.0,0.0,19.1,25.4,103.8,248.5,432.0,33129.6,33313.1,33457.8,33536.2,33542.5,567.9,567.9,567.9,567.9,567.9,0.0,0.0,0.0,0.0,0.0
1957,492.7,492.7,492.7,492.7,492.7,7486.6,7533.5,7633.1,7731.1,7825.7,2853.9,3189.4,3401.6,3487.9,3678.8,2281.3,2555.3,2815.8,2992.8,3461.6,0.0,0.0,0.0,0.0,0.0,0.0,0.0,0.0,0.0,0.0,19.1,25.4,46.5,112.8,296.3,33265.3,33448.8,33515.1,33536.2,33542.5,567.9,567.9,567.9,567.9,567.9,0.0,0.0,0.0,0.0,0.0
1958,492.7,492.7,492.7,492.7,492.7,7421.4,7449.5,7516.8,7659.3,7780.1,2465.8,2795.7,2950.3,3195.0,3426.1,2601.7,2985.5,3435.8,3606.8,3938.5,0.0,0.0,0.0,0.0,0.0,0.0,0.0,0.0,0.0,0.0,0.0,25.4,25.4,57.3,117.4,33444.2,33504.3,33536.2,33536.2,33561.6,567.9,567.9,567.9,567.9,567.9,0.0,0.0,0.0,0.0,0.0
1959,492.7,492.7,492.7,492.7,492.7,7416.3,7439.0,7481.7,7515.4,7780.1,2396.1,2526.8,2675.5,3245.6,3464.3,2601.7,3101.2,3703.9,3857.3,4037.5,0.0,0.0,0.0,0.0,0.0,0.0,0.0,0.0,0.0,0.0,0.0,25.4,25.4,57.3,117.4,33444.2,33504.3,33536.2,33536.2,33561.6,567.9,567.9,567.9,567.9,567.9,0.0,0.0,0.0,0.0,0.0
1960,492.7,492.7,492.7,492.7,492.7,6974.8,7333.2,7457.3,7499.3,7775.8,2234.9,2314.5,2576.7,2825.6,3231.5,2800.4,3571.4,4100.8,4248.9,4416.9,0.0,0.0,0.0,0.0,0.0,0.0,0.0,0.0,0.0,0.0,0.0,25.4,25.4,57.3,57.3,33504.3,33504.3,33536.2,33536.2,33561.6,567.9,567.9,567.9,567.9,567.9,0.0,0.0,0.0,0.0,0.0
1961,492.7,492.7,492.7,492.7,492.7,6875.8,7333.2,7457.3,7499.3,7673.4,2214.6,2314.5,2502.4,2645.5,3320.1,2800.4,3761.4,4100.8,4269.2,4504.9,0.0,0.0,0.0,0.0,0.0,0.0,0.0,0.0,0.0,0.0,0.0,25.4,25.4,57.3,57.3,33504.3,33504.3,33536.2,33536.2,33561.6,567.9,567.9,567.9,567.9,567.9,0.0,0.0,0.0,0.0,0.0
1962,492.7,492.7,492.7,492.7,492.7,6541.7,6759.1,7187.8,7461.9,7541.4,2302.6,2381.1,2596.4,2720.3,3119.8,3158.9,4098.6,4375.0,4494.6,4647.5,0.0,0.0,0.0,0.0,0.0,0.0,0.0,0.0,0.0,0.0,0.0,25.4,25.4,33.4,57.3,33504.3,33528.2,33536.2,33536.2,33561.6,567.9,567.9,567.9,567.9,567.9,0.0,0.0,0.0,0.0,0.0
1963,492.7,492.7,492.7,492.7,492.7,6472.8,6660.1,7088.8,7405.4,7507.5,2369.6,2394.4,2514.5,2667.8,3063.9,3300.0,4100.6,4481.2,4655.3,4728.8,0.0,0.0,0.0,0.0,0.0,0.0,0.0,0.0,0.0,0.0,0.0,25.4,25.4,33.4,57.3,33504.3,33528.2,33536.2,33536.2,33561.6,567.9,567.9,567.9,567.9,567.9,0.0,0.0,0.0,0.0,0.0
1964,481.4,492.7,492.7,492.7,492.7,5984.6,6288.2,6723.5,7060.7,7461.0,2415.7,2573.6,2715.0,2782.9,2848.0,3693.0,4328.0,4639.3,4987.7,5213.3,0.0,0.0,0.0,0.0,0.0,0.0,0.0,0.0,0.0,0.0,0.0,25.4,25.4,25.4,57.3,33504.3,33536.2,33536.2,33536.2,33561.6,567.9,567.9,567.9,567.9,567.9,0.0,0.0,0.0,0.0,0.0
1965,481.4,492.7,492.7,492.7,492.7,5845.6,6191.1,6675.0,6972.5,7461.0,2356.6,2508.5,2628.6,2815.3,2957.0,3836.0,4484.9,4734.9,4987.7,5233.7,0.0,0.0,0.0,0.0,0.0,0.0,0.0,0.0,0.0,0.0,0.0,25.4,25.4,25.4,57.3,33374.9,33528.2,33536.2,33536.2,33542.5,567.9,567.9,567.9,567.9,754.6,0.0,0.0,0.0,0.0,0.0
1966,434.3,447.3,492.7,492.7,492.7,5687.2,5951.6,6161.3,6642.7,7370.4,2317.6,2538.4,2645.0,2802.6,2899.7,4229.9,4713.6,5031.1,5342.3,5773.6,0.0,0.0,0.0,0.0,0.0,0.0,0.0,0.0,0.0,0.0,0.0,19.1,25.4,25.4,33.4,33203.9,33536.2,33536.2,33536.2,33561.6,567.9,567.9,567.9,567.9,925.6,0.0,0.0,0.0,0.0,0.0
1967,434.3,447.3,492.7,492.7,492.7,5687.2,5951.6,6112.7,6545.6,7345.6,2298.1,2518.8,2634.5,2799.4,2927.3,4256.5,4713.6,5031.1,5372.0,5904.1,0.0,0.0,0.0,0.0,0.0,0.0,0.0,0.0,0.0,0.0,0.0,19.1,25.4,25.4,33.4,33203.9,33374.9,33536.2,33536.2,33536.2,567.9,567.9,567.9,754.6,925.6,0.0,0.0,0.0,0.0,0.0
1968,395.4,447.3,492.7,492.7,492.7,5494.0,5621.6,5783.5,6167.0,6924.4,2227.1,2446.0,2515.4,2665.0,2906.1,4439.6,5087.6,5661.7,5917.4,6346.8,0.0,0.0,0.0,0.0,0.0,0.0,0.0,0.0,0.0,0.0,0.0,19.1,25.4,25.4,33.4,33203.9,33374.9,33536.2,33536.2,33536.2,567.9,567.9,567.9,754.6,925.6,0.0,0.0,0.0,0.0,0.0
1969,395.4,447.3,492.7,492.7,492.7,5338.8,5618.6,5783.5,6100.8,6850.2,2209.9,2287.8,2423.4,2665.0,2930.1,4541.2,5087.6,5710.2,6100.4,6407.9,0.0,0.0,0.0,0.0,0.0,0.0,0.0,0.0,0.0,0.0,0.0,19.1,25.4,25.4,33.4,33203.9,33374.9,33536.2,33536.2,33536.2,567.9,567.9,567.9,754.6,925.6,0.0,0.0,0.0,0.0,0.0
1970,395.4,447.3,470.0,492.7,492.7,5188.8,5511.8,5654.2,5747.2,6445.2,2003.5,2111.2,2388.9,2656.9,2752.5,4777.1,5629.8,6013.2,6473.2,6826.4,0.0,0.0,0.0,0.0,0.0,0.0,0.0,0.0,0.0,0.0,0.0,19.1,25.4,25.4,33.4,33203.9,33368.6,33536.2,33536.2,33536.2,567.9,567.9,567.9,754.6,925.6,0.0,0.0,0.0,0.0,0.0
1971,395.4,447.3,470.0,492.7,492.7,5078.0,5287.3,5584.4,5747.2,6348.1,2071.2,2170.3,2277.1,2609.6,2771.1,4832.8,5726.9,6242.3,6568.7,6878.6,0.0,0.0,0.0,0.0,0.0,0.0,0.0,0.0,0.0,0.0,0.0,19.1,25.4,25.4,33.4,33203.9,33349.5,33362.2,33536.2,33536.2,567.9,567.9,754.6,754.6,925.6,0.0,0.0,0.0,0.0,0.0
1972,395.4,447.3,447.3,492.7,492.7,4948.9,5164.0,5431.2,5596.6,6164.7,1750.7,1875.3,2080.8,2345.3,2539.9,5296.1,6092.1,6732.3,6972.7,7290.9,0.0,0.0,0.0,0.0,0.0,0.0,0.0,0.0,0.0,0.0,0.0,19.1,25.4,25.4,25.4,32857.9,33113.1,33349.5,33536.2,33536.2,567.9,567.9,754.6,994.0,1271.6,0.0,0.0,0.0,0.0,0.0
1973,395.4,447.3,447.3,492.7,492.7,4820.2,5070.9,5240.7,5532.8,6164.7,1802.6,2013.0,2141.0,2332.3,2539.9,5296.1,6166.3,6732.3,6972.7,7355.7,0.0,0.0,0.0,0.0,0.0,0.0,0.0,0.0,0.0,0.0,0.0,19.1,25.4,25.4,25.4,32857.9,33113.1,33349.5,33536.2,33536.2,567.9,567.9,754.6,994.0,1271.6,0.0,0.0,0.0,0.0,0.0
1974,395.4,447.3,447.3,492.7,492.7,4777.1,5000.1,5058.8,5404.7,5797.1,1716.0,1841.8,1943.5,2045.6,2443.8,5779.7,6658.9,7071.8,7250.2,7556.6,0.0,0.0,0.0,0.0,0.0,0.0,0.0,0.0,0.0,0.0,0.0,0.0,25.4,25.4,25.4,31398.0,32367.6,32897.5,33536.2,33536.2,567.9,567.9,1219.3,1755.5,2731.5,0.0,0.0,0.0,0.0,0.0
1975,395.4,447.3,447.3,492.7,492.7,4751.7,4933.8,4991.2,5235.4,5797.1,1694.3,1829.2,2012.7,2071.9,2261.6,6032.6,6704.0,7127.3,7389.9,7661.4,0.0,0.0,0.0,0.0,0.0,0.0,0.0,0.0,0.0,0.0,0.0,0.0,25.4,25.4,25.4,31398.0,32367.6,32897.5,33349.5,33396.2,707.9,754.6,1219.3,1755.5,2731.5,0.0,0.0,0.0,0.0,0.0
1976,395.4,447.3,447.3,492.7,492.7,4655.6,4837.5,4955.6,5192.9,5610.3,1528.4,1566.3,1619.7,1897.3,2007.5,6519.3,7154.8,7390.1,7690.2,7947.8,0.0,0.0,0.0,0.0,0.0,0.0,0.0,0.0,0.0,0.0,0.0,0.0,0.0,6.4,25.4,31087.3,31477.1,31863.3,32982.2,33396.2,707.9,1141.0,2213.8,2601.9,2958.5,0.0,0.0,0.0,22.6,290.7
1977,395.4,447.3,447.3,492.7,492.7,4592.5,4837.5,4955.6,5122.6,5415.8,1377.3,1540.1,1599.2,1915.1,2066.6,6544.1,7259.5,7542.9,7690.2,7994.2,0.0,0.0,0.0,0.0,0.0,0.0,0.0,0.0,0.0,0.0,0.0,0.0,0.0,6.4,25.4,31087.3,31477.1,31863.3,32982.2,33349.5,754.6,1141.0,2048.3,2601.9,2875.8,0.0,0.0,0.0,22.6,621.7
1978,395.4,447.3,447.3,492.7,492.7,4527.6,4791.7,4907.6,5064.1,5327.4,1313.5,1372.8,1467.0,1654.0,1937.4,6894.0,7429.1,7655.1,7877.0,8166.1,0.0,0.0,0.0,0.0,0.0,0.0,0.0,0.0,0.0,0.0,0.0,0.0,0.0,0.0,25.4,30982.1,31360.6,31500.9,32316.4,32982.2,1141.0,1806.7,2189.6,2436.8,2684.5,0.0,0.0,92.5,318.8,1226.6
1979,395.4,447.3,447.3,492.7,492.7,4527.6,4764.8,4907.6,5007.3,5327.4,1313.5,1385.8,1467.0,1617.5,1818.8,7019.1,7514.0,7655.1,7877.0,8229.2,0.0,0.0,0.0,0.0,0.0,0.0,0.0,0.0,0.0,0.0,0.0,0.0,0.0,0.0,25.4,30982.1,31360.6,31500.9,32316.4,32982.2,1141.0,1806.7,2006.2,2138.9,2628.4,0.0,0.0,423.4,626.3,1226.6
1980,395.4,447.3,447.3,492.7,492.7,4519.3,4686.6,4895.3,4958.0,5298.5,1225.4,1346.9,1404.6,1464.6,1831.5,7067.6,7484.0,7683.8,7827.1,8152.1,75.9,104.5,104.5,130.2,134.3,0.0,0.0,0.0,0.0,0.0,0.0,0.0,0.0,0.0,6.4,30783.1,31118.3,31354.4,31732.1,32790.3,1332.8,1817.5,1942.3,2066.8,2496.8,0.0,0.0,861.4,1056.7,1326.0
1981,395.4,447.3,447.3,492.7,492.7,4519.3,4686.6,4895.3,4958.0,5298.5,1225.4,1309.1,1368.0,1464.6,1741.8,6960.9,7440.4,7648.0,7741.4,8121.6,182.6,211.2,211.2,236.9,241.0,0.0,0.0,0.0,0.0,0.0,0.0,0.0,0.0,0.0,6.4,30783.1,31118.3,31354.4,31732.1,32790.3,1332.8,1781.1,1901.8,2017.3,2248.6,0.0,248.2,861.4,1056.7,1326.0
1982,395.4,447.3,447.3,492.7,492.7,4432.4,4621.7,4865.0,4906.4,5245.1,1179.1,1293.1,1361.3,1443.9,1671.4,7137.0,7478.9,7716.2,7830.1,8175.8,182.6,211.2,211.2,236.9,259.9,0.0,0.0,0.0,0.0,0.0,0.0,0.0,0.0,0.0,0.0,30637.7,31091.5,31258.3,31567.2,31983.1,1637.7,1896.4,1949.8,2126.4,2477.9,0.0,552.3,1051.1,1108.9,1405.2
1983,395.4,447.3,447.3,492.7,492.7,4432.4,4621.7,4865.0,4906.4,5156.6,1126.5,1254.8,1327.6,1443.9,1590.5,7226.8,7554.9,7719.8,7896.3,8175.8,182.6,211.2,211.2,236.9,259.9,0.0,0.0,0.0,0.0,0.0,0.0,0.0,0.0,0.0,0.0,30637.7,31091.5,31258.3,31567.2,31983.1,1637.7,1896.4,1935.3,2074.1,2477.9,0.0,635.0,1051.1,1108.9,1405.2
1984,395.4,447.3,447.3,492.7,492.7,4409.2,4601.0,4841.7,4899.9,5071.9,1158.4,1227.9,1321.9,1400.9,1468.3,7307.8,7613.4,7750.6,7982.9,8213.8,211.2,211.2,240.2,280.8,292.5,0.0,0.0,0.0,0.0,0.0,0.0,0.0,0.0,0.0,0.0,30330.0,30937.7,31121.1,31516.8,31832.8,1578.5,1792.6,1958.9,2242.3,2454.2,59.6,932.5,1133.2,1175.8,1513.9
1985,395.4,441.5,447.3,492.7,492.7,4409.2,4601.0,4825.3,4899.9,5071.9,1134.7,1209.7,1278.6,1361.0,1450.4,7307.8,7619.3,7750.6,8046.4,8300.4,211.2,211.2,240.2,280.8,292.5,0.0,0.0,0.0,0.0,0.0,0.0,0.0,0.0,0.0,0.0,30237.7,30814.6,31121.1,31516.8,31832.8,1578.5,1792.6,1958.9,2263.7,2397.3,246.3,932.5,1133.2,1175.8,1513.9
1986,395.4,441.5,447.3,492.7,492.7,4247.6,4529.2,4700.5,4836.8,5071.4,1076.6,1194.7,1232.4,1287.7,1389.4,7357.7,7695.2,7814.8,8121.1,8571.5,211.2,241.8,261.3,285.7,362.9,0.0,0.0,0.0,0.0,0.0,0.0,0.0,0.0,0.0,0.0,30127.8,30718.1,31010.3,31427.1,31685.9,1534.9,1790.5,1972.1,2207.6,2479.9,614.4,994.8,1182.8,1259.0,1540.8
1987,395.4,441.5,447.3,492.7,492.7,4229.7,4484.9,4669.5,4836.8,5071.4,1013.0,1194.7,1233.5,1325.6,1406.1,7357.7,7722.0,7837.2,8121.1,8656.5,211.2,241.8,261.3,285.7,362.9,0.0,0.0,0.0,0.0,0.0,0.0,0.0,0.0,0.0,0.0,30127.8,30718.1,30948.7,31427.1,31685.9,1534.9,1790.5,2014.5,2207.6,2479.9,614.4,994.8,1182.8,1259.0,1540.8
1988,395.4,433.5,447.3,492.7,492.7,4202.2,4409.3,4624.4,4768.6,5071.4,776.3,1016.1,1214.3,1290.2,1349.7,7460.6,7799.7,7953.5,8164.0,8763.6,211.2,279.1,285.7,334.6,457.5,0.0,0.0,0.0,0.0,0.0,0.0,0.0,0.0,0.0,0.0,29994.2,30584.6,30883.3,31379.2,31622.5,1546.8,1797.0,2054.7,2289.6,2679.7,636.2,996.9,1191.5,1259.0,1581.5
1989,395.4,433.5,447.3,492.7,492.7,4074.8,4389.4,4556.9,4768.6,5036.5,821.7,1046.8,1151.2,1272.3,1363.1,7460.6,7799.7,8096.3,8227.7,8763.6,211.2,279.1,285.7,334.6,457.5,0.0,0.0,0.0,0.0,0.0,0.0,0.0,0.0,0.0,0.0,29963.4,30584.6,30883.3,31379.2,31622.5,1546.8,1797.0,2058.3,2321.2,2679.7,636.2,996.9,1191.5,1259.0,1581.5
1990,395.4,433.5,447.3,492.7,492.7,3992.0,4313.5,4409.4,4647.0,5036.5,800.7,1114.1,1167.8,1243.3,1297.8,7490.9,7791.6,8169.9,8238.1,8694.0,235.4,281.3,298.6,446.1,573.7,0.0,0.0,0.0,0.0,0.0,0.0,0.0,0.0,0.0,0.0,29737.6,30418.1,30679.4,31357.3,31598.1,1530.5,1797.0,2307.5,2477.9,2831.0,682.3,1017.1,1208.7,1268.9,1627.5
1991,395.4,433.5,447.3,492.7,492.7,3815.9,4190.7,4335.8,4635.7,4983.7,826.3,1046.2,1141.1,1253.3,1286.5,7588.5,7840.9,8276.5,8361.3,8589.3,235.4,281.3,298.6,446.1,608.6,0.0,0.0,0.0,0.0,0.0,0.0,0.0,0.0,0.0,0.0,29737.6,30418.1,30679.4,31357.3,31598.1,1530.5,1797.0,2307.5,2477.9,2831.0,682.3,1017.1,1208.7,1268.9,1627.5
1992,395.4,433.5,447.3,492.7,492.7,3688.6,4048.9,4282.4,4536.1,4961.6,900.4,1007.3,1078.3,1150.0,1343.6,7567.9,7895.7,8352.1,8414.2,8693.4,235.4,311.4,389.5,492.6,627.8,0.0,0.0,0.0,0.0,0.0,0.0,0.0,0.0,0.0,0.0,29644.3,30313.4,30519.5,31315.1,31523.4,1543.3,1897.6,2352.0,2570.0,2823.9,747.9,1068.2,1251.0,1330.8,1716.5
1993,395.4,433.5,447.3,492.7,492.7,3498.2,3975.2,4218.8,4472.3,4961.6,878.3,962.7,1047.1,1140.2,1338.1,7567.9,7981.7,8344.7,8499.6,9012.1,235.4,311.4,389.5,505.3,676.8,0.0,0.0,0.0,0.0,0.0,0.0,0.0,0.0,0.0,0.0,29644.3,30299.0,30483.8,31315.1,31523.4,1543.3,1897.6,2365.3,2570.0,2823.9,747.9,1068.2,1251.0,1330.8,1716.5
1994,385.9,426.4,447.3,492.7,492.7,3417.6,3869.4,4115.8,4410.6,4834.5,822.3,880.9,1005.9,1162.1,1270.4,7589.9,8188.5,8327.3,8579.3,9114.8,267.1,350.9,523.4,566.6,735.6,0.0,0.0,0.0,0.0,0.0,0.0,0.0,0.0,0.0,0.0,29500.9,29953.2,30307.2,31225.5,31419.3,1653.6,1990.4,2507.5,2774.2,2973.2,754.0,1072.3,1259.0,1390.5,1823.0
1995,385.9,426.4,447.3,492.7,492.7,3417.6,3666.3,4089.0,4351.2,4834.5,747.2,838.2,1010.0,1181.1,1255.5,7589.9,8263.9,8437.5,8690.4,9178.4,267.1,350.9,544.3,566.6,735.6,0.0,0.0,0.0,0.0,0.0,0.0,0.0,0.0,0.0,0.0,29500.9,29862.3,30307.2,31225.5,31419.3,1653.6,1990.4,2538.6,2774.2,2973.2,754.0,1072.3,1259.0,1390.5,1823.0
1996,385.9,426.4,447.3,492.7,492.7,3360.3,3536.8,4005.0,4312.9,4834.5,656.6,753.4,992.0,1055.1,1157.6,7693.5,8326.3,8542.6,8777.1,9216.2,310.3,465.7,548.7,643.0,806.2,0.0,0.0,0.0,0.0,0.0,0.0,0.0,0.0,0.0,0.0,28932.9,29813.8,30165.1,31153.8,31411.1,1687.5,2029.5,2665.9,2955.7,3388.9,791.6,1085.9,1272.5,1390.5,1827.9
1997,385.9,426.4,447.3,492.7,492.7,3312.5,3398.7,3865.2,4214.9,4750.9,599.5,697.1,979.8,1071.8,1190.7,7783.2,8494.1,8615.9,8742.4,9308.7,310.3,465.7,587.2,765.5,866.0,0.0,0.0,0.0,0.0,0.0,0.0,0.0,0.0,0.0,0.0,28932.9,29813.8,30165.1,31153.8,31411.1,1687.5,2029.5,2665.9,2955.7,3388.9,791.6,1085.9,1272.5,1390.5,1827.9
1998,385.9,426.4,447.3,492.7,492.7,3233.8,3355.4,3865.2,4200.8,4708.8,546.1,697.0,910.0,994.3,1130.2,7785.7,8495.6,8644.2,8843.6,9204.8,325.1,481.1,683.3,788.0,984.1,0.0,0.0,0.0,0.0,0.0,0.0,0.0,0.0,0.0,0.0,28639.4,29642.7,29954.9,31089.4,31353.4,1741.2,2098.2,2739.3,3051.9,3490.1,817.5,1169.5,1341.9,1496.4,2009.4
1999,385.9,426.4,447.3,492.7,492.7,3179.6,3355.4,3733.4,4200.8,4673.2,573.3,704.0,796.6,898.8,1088.0,7849.5,8644.8,8804.5,8927.5,9204.8,325.1,481.1,683.3,788.0,984.1,0.0,0.0,0.0,0.0,0.0,0.0,0.0,0.0,0.0,0.0,28639.4,29642.7,29954.9,31089.4,31353.4,1741.2,2098.2,2739.3,3051.9,3490.1,817.5,1169.5,1341.9,1496.4,2009.4
2000,385.9,418.4,447.3,458.7,492.7,3114.3,3297.3,3684.7,4091.6,4612.4,504.8,613.9,773.2,853.8,1021.3,7924.5,8702.2,8809.7,8987.5,9322.2,399.5,514.3,721.8,851.6,1055.9,0.0,0.0,0.0,0.0,0.0,0.0,0.0,0.0,0.0,0.0,28495.6,29580.5,29810.2,31038.3,31271.5,1761.6,2200.7,2838.5,3160.8,3754.7,838.9,1169.5,1365.5,1510.4,2045.1
2001,345.9,395.4,447.3,458.7,492.7,3005.1,3287.8,3568.7,3948.6,4535.7,543.5,618.4,696.4,828.7,951.4,8106.6,8782.7,8894.9,9058.8,9322.2,416.9,521.7,722.8,882.0,1055.9,0.0,0.0,0.0,0.0,0.0,0.0,0.0,0.0,0.0,0.0,28495.6,29580.5,29810.2,30962.3,31271.5,1854.0,2200.7,2838.5,3160.8,3754.7,838.9,1169.5,1365.5,1510.4,2045.1
2002,345.9,395.4,447.3,458.7,492.7,2973.2,3204.3,3511.1,3902.9,4440.4,501.6,597.4,680.5,790.1,898.6,8118.4,8869.4,9014.9,9133.4,9397.8,416.9,536.2,722.8,918.5,1069.3,0.0,0.0,0.0,0.0,0.0,0.0,0.0,0.0,0.0,0.0,28392.6,29405.5,29772.2,30846.8,31101.2,1904.6,2323.9,2928.7,3295.2,3763.4,846.0,1186.8,1389.2,1523.9,2099.8
2003,345.9,395.4,447.3,458.7,492.7,2973.2,3199.1,3500.8,3795.2,4412.6,489.8,627.7,656.4,746.3,817.2,8150.4,8896.8,9063.1,9159.3,9421.5,416.9,536.2,722.8,918.5,1069.3,0.0,0.0,0.0,0.0,0.0,0.0,0.0,0.0,0.0,0.0,28392.6,29405.5,29772.2,30846.8,31101.2,1904.6,2323.9,2928.7,3295.2,3763.4,846.0,1186.8,1389.2,1523.9,2099.8
2004,345.9,395.4,447.3,458.7,492.7,2892.8,3096.3,3352.7,3706.6,4237.3,463.6,643.5,691.3,754.8,846.2,8307.5,8987.4,9054.4,9181.3,9477.7,518.0,665.5,801.1,970.7,1155.3,0.0,0.0,0.0,0.0,0.0,0.0,0.0,0.0,0.0,0.0,27992.4,28912.7,29647.1,30564.2,31077.5,2045.4,2413.0,3053.8,3623.2,3979.4,858.6,1225.5,1440.5,1590.5,2157.7
2005,345.9,395.4,447.3,458.7,492.7,2892.1,3096.3,3352.7,3569.3,3962.8,507.2,617.1,682.0,738.7,924.0,8384.3,9023.7,9146.8,9230.3,9477.7,518.0,665.5,801.1,970.7,1155.3,0.0,0.0,0.0,0.0,0.0,0.0,0.0,0.0,0.0,0.0,27992.4,28912.7,29647.1,30540.4,31077.5,2045.4,2413.0,3053.8,3623.2,3979.4,858.6,1225.5,1440.5,1590.5,2157.7
2006,345.9,395.4,447.3,458.7,492.7,2804.5,2928.3,3213.6,3447.6,3901.1,439.1,552.5,713.2,778.0,880.0,8501.7,9057.7,9171.1,9364.6,9469.4,575.9,716.5,851.7,1004.4,1312.0,0.0,0.0,0.0,0.0,0.0,0.0,0.0,0.0,0.0,0.0,27326.4,28509.5,29456.5,30401.1,30972.3,2186.6,2609.2,3244.4,3857.8,4645.4,858.6,1232.7,1472.0,1723.2,2157.7
2007,345.9,395.4,447.3,458.7,492.7,2752.4,2844.8,3042.5,3331.9,3880.1,426.5,552.5,687.8,751.7,972.5,8671.5,9097.4,9276.3,9408.0,9469.4,575.9,716.5,864.1,1004.4,1312.0,0.0,0.0,0.0,0.0,0.0,0.0,0.0,0.0,0.0,0.0,27326.4,28386.4,29456.5,30401.1,30972.3,2186.6,2701.0,3244.4,3952.5,4645.4,858.6,1232.7,1472.0,1723.2,2157.7
2008,345.9,395.4,447.3,458.7,492.7,2714.0,2838.1,3004.1,3238.8,3657.3,396.1,474.2,557.8,703.0,835.2,8694.9,9200.1,9371.1,9489.3,9579.1,653.9,747.6,959.8,1068.1,1357.0,0.0,0.0,0.0,0.0,0.0,0.0,0.0,0.0,0.0,0.0,26970.8,28124.7,29272.4,30176.0,30880.1,2229.7,2746.1,3349.6,4313.3,5023.7,858.6,1245.2,1514.0,1803.3,2235.4
2009,345.9,395.4,436.7,447.3,492.7,2613.8,2793.3,3004.1,3211.2,3442.1,370.9,434.0,498.6,765.0,870.4,8715.9,9301.0,9431.3,9526.7,9600.7,653.9,780.9,959.8,1068.1,1384.1,0.0,0.0,0.0,0.0,0.0,0.0,0.0,0.0,0.0,0.0,26936.2,28124.7,29272.4,30176.0,30880.1,2229.7,2746.1,3349.6,4313.3,5058.3,858.6,1245.2,1514.0,1803.3,2235.4
2010,345.9,395.4,436.7,447.3,492.7,2578.2,2732.9,2968.7,3095.7,3378.1,310.4,380.4,538.1,675.9,805.2,8809.6,9231.7,9409.9,9590.2,9692.6,653.9,802.7,1014.2,1115.7,1642.8,0.0,0.0,0.0,0.0,0.0,0.0,0.0,0.0,0.0,0.0,26534.9,27692.7,28460.8,30081.9,30752.3,2300.1,2796.1,4090.1,4636.3,5251.5,896.4,1287.1,1573.4,1862.7,2343.1
2011,345.9,395.4,436.7,447.3,492.7,2578.2,2658.0,2920.0,3062.2,3294.3,329.9,396.4,466.9,575.5,699.1,8983.6,9239.2,9510.6,9622.5,9703.3,702.4,862.2,1014.2,1115.7,1642.8,0.0,0.0,0.0,0.0,0.0,0.0,0.0,0.0,0.0,0.0,26431.0,27692.7,28460.8,30081.9,30752.3,2300.1,2796.1,4090.1,4636.3,5355.4,896.4,1287.1,1573.4,1862.7,2343.1
2012,345.9,395.4,426.0,447.3,492.7,2508.2,2637.3,2889.8,2983.9,3246.4,354.0,379.7,450.6,602.9,663.1,9037.0,9308.8,9461.7,9549.8,9674.7,757.6,901.5,1054.5,1311.9,1700.1,0.0,0.0,0.0,0.0,0.0,0.0,0.0,0.0,0.0,0.0,26092.1,27445.8,28288.2,29816.9,30740.2,2376.4,2870.3,4116.1,4700.4,5636.9,943.6,1287.1,1725.3,1942.2,2400.6
2013,345.9,395.4,426.0,447.3,492.7,2508.2,2637.3,2889.8,2982.9,3158.0,354.0,379.7,411.3,489.7,686.1,9037.0,9308.8,9466.9,9621.2,9736.8,757.6,901.5,1054.5,1311.9,1700.1,0.0,0.0,0.0,0.0,0.0,0.0,0.0,0.0,0.0,0.0,25935.7,27445.8,28288.2,29816.9,30740.2,2376.4,2870.3,4116.1,4700.4,5793.3,943.6,1287.1,1725.3,1942.2,2400.6
2014,345.9,395.4,426.0,447.3,492.7,2399.2,2515.5,2766.1,2905.3,3143.6,325.3,382.0,413.8,504.0,682.7,9039.8,9326.7,9458.9,9641.8,9744.6,818.6,945.9,1103.5,1498.3,1700.1,0.0,0.0,0.0,0.0,0.0,0.0,0.0,0.0,0.0,0.0,25219.7,27191.6,27966.6,29726.0,30650.8,2465.9,3012.6,4422.5,4898.4,6435.1,959.4,1334.3,1740.4,1992.4,2474.7
2015,324.5,389.1,426.0,447.3,492.7,2399.2,2514.6,2766.1,2905.3,3107.9,325.3,386.9,433.3,499.6,557.9,9074.5,9339.6,9458.9,9646.7,9750.1,818.6,945.9,1103.5,1498.3,1781.5,0.0,0.0,0.0,0.0,0.0,0.0,0.0,0.0,0.0,0.0,25219.7,27166.1,27966.6,29681.4,30650.8,2465.9,3012.6,4422.5,4977.3,6404.3,959.4,1334.3,1740.4,1992.4,2505.5
2016,324.5,389.1,426.0,447.3,492.7,2350.2,2441.3,2719.7,2833.0,3043.4,295.0,347.1,381.0,435.7,460.2,9023.2,9390.5,9544.3,9627.7,9830.4,890.1,985.7,1230.5,1523.0,1813.4,0.0,0.0,0.0,0.0,0.0,0.0,0.0,0.0,0.0,0.0,24334.2,26724.8,27873.9,29458.3,30506.5,2610.2,3137.6,4643.9,5332.2,7258.2,959.4,1345.5,1783.7,2003.6,2516.7
2017,324.5,389.1,426.0,447.3,492.7,2325.3,2441.3,2719.7,2833.0,3018.6,251.5,347.1,393.7,445.8,512.0,9023.2,9352.7,9486.0,9633.5,9830.4,915.5,1045.9,1230.5,1606.3,1813.4,0.0,0.0,0.0,0.0,0.0,0.0,0.0,0.0,0.0,0.0,23960.9,26620.9,27873.9,29458.3,30506.5,2610.2,3137.6,4643.9,5431.2,7570.9,959.4,1345.5,1783.7,2003.6,2516.7
2018,324.5,389.1,426.0,447.3,492.7,2276.6,2392.6,2660.1,2760.5,3011.6,275.4,341.0,367.3,407.5,494.9,9098.7,9368.2,9499.4,9663.5,9851.9,924.6,1107.8,1271.8,1615.8,1835.9,0.0,0.0,0.0,0.0,0.0,0.0,0.0,0.0,0.0,0.0,23780.3,26229.7,27623.1,29095.5,30480.8,2635.9,3583.4,5041.3,5840.8,7775.7,963.1,1345.5,1783.7,2071.9,2573.5
2019,324.5,389.1,426.0,447.3,492.7,2244.7,2385.7,2562.9,2735.4,2990.1,275.4,344.3,381.0,443.8,493.3,9100.8,9371.0,9499.4,9663.5,9851.9,924.6,1107.8,1271.8,1640.9,1887.0,0.0,0.0,0.0,0.0,0.0,0.0,0.0,0.0,0.0,0.0,23780.3,26199.4,27623.1,29095.5,30480.8,2635.9,3583.4,5041.3,5906.6,7683.4,963.1,1345.5,1783.7,2071.9,2665.8
2020,324.5,389.1,426.0,447.3,492.7,2160.8,2385.7,2526.0,2708.7,2929.3,214.4,312.5,386.0,423.5,476.1,9103.3,9305.0,9483.2,9579.0,9822.3,962.9,1240.8,1331.3,1776.6,1947.7,0.0,0.0,0.0,0.0,0.0,0.0,0.0,0.0,0.0,0.0,23446.8,25636.3,27352.6,28961.4,30480.8,2635.9,3996.3,5223.7,6300.3,7941.9,977.7,1345.5,1823.7,2113.1,2740.8
2021,324.5,389.1,426.0,447.3,492.7,2160.8,2385.7,2526.0,2708.7,2929.3,214.4,301.5,354.3,403.6,454.7,9103.3,9346.1,9462.4,9621.8,9822.3,962.9,1240.8,1331.3,1830.8,1947.7,0.0,0.0,0.0,0.0,0.0,0.0,0.0,0.0,0.0,0.0,23446.8,25636.3,27352.6,28961.4,30480.8,2635.9,3996.3,5223.7,6300.3,7941.9,977.7,1345.5,1823.7,2113.1,2740.8
2022,324.5,389.1,426.0,447.3,492.7,2119.6,2312.6,2510.2,2654.9,2914.6,270.4,295.5,320.1,339.6,403.0,9240.9,9374.5,9481.7,9578.3,9866.8,999.4,1240.8,1383.0,1842.4,1949.8,0.0,0.0,0.0,0.0,0.0,0.0,0.0,0.0,0.0,0.0,22642.6,24987.0,27049.1,28649.5,29810.4,3003.3,4100.6,5518.2,6969.2,8720.4,1020.2,1345.5,1853.6,2160.8,2766.4
2023,324.5,366.8,426.0,447.3,492.7,2117.8,2312.6,2510.2,2646.8,2886.6,270.4,303.9,324.6,371.4,456.3,9183.6,9366.3,9481.7,9578.3,9866.8,999.4,1240.8,1383.0,1881.2,1958.9,0.0,0.0,0.0,0.0,0.0,0.0,0.0,0.0,0.0,0.0,22642.6,24872.2,26979.8,28649.5,29810.4,3003.3,4100.6,5587.5,7074.9,8720.4,1020.2,1345.5,1853.6,2160.8,2766.4
2024,324.5,350.1,426.0,447.3,492.7,2062.0,2249.3,2476.0,2644.2,2846.2,241.3,301.5,328.0,373.0,419.3,9183.6,9391.0,9513.4,9629.0,9921.9,999.4,1240.8,1397.3,1881.9,1959.3,0.0,0.0,0.0,0.0,0.0,0.0,0.0,0.0,0.0,0.0,22496.4,24659.2,26849.3,28643.0,29541.1,3240.9,4197.7,5616.7,7218.8,8806.5,1052.9,1350.3,1910.1,2180.4,2826.6
2025,324.5,350.1,426.0,447.3,492.7,2042.9,2249.3,2476.0,2591.5,2829.7,233.9,301.5,322.1,354.1,407.2,9168.7,9349.7,9513.4,9629.0,9995.6,999.4,1240.8,1416.2,1885.0,2008.9,0.0,0.0,0.0,0.0,0.0,0.0,0.0,0.0,0.0,0.0,22496.4,24575.4,26849.3,28635.4,29490.9,3240.9,4228.5,5616.7,7309.7,8806.5,1052.9,1350.3,1910.1,2180.4,2826.6
2026,324.5,350.1,426.0,447.3,492.7,1987.7,2234.2,2419.6,2560.1,2798.1,230.0,292.4,305.7,331.0,470.5,9192.9,9403.2,9536.4,9624.3,9839.3,1081.4,1275.9,1489.6,1896.6,2012.7,0.0,0.0,0.0,0.0,0.0,0.0,0.0,0.0,0.0,0.0,21276.9,24562.8,26368.9,28476.8,29434.4,3349.6,4340.9,5839.3,7297.1,9603.7,1052.9,1364.7,1921.3,2235.0,2838.7
2027,324.5,350.1,426.0,447.3,492.7,1987.7,2234.2,2419.6,2544.2,2798.1,230.0,282.3,301.5,333.1,470.5,9111.5,9346.6,9493.9,9628.8,9839.3,1081.4,1275.9,1489.6,1990.7,2083.9,0.0,0.0,0.0,0.0,0.0,0.0,0.0,0.0,0.0,0.0,21246.4,24562.8,26299.6,28476.8,29434.4,3349.6,4340.9,5908.6,7286.5,9634.2,1052.9,1364.7,1921.3,2235.0,2838.7
2028,324.5,350.1,426.0,447.3,492.7,1950.6,2224.7,2393.5,2533.3,2786.0,226.7,251.9,297.1,319.2,453.7,9114.2,9265.6,9513.7,9610.0,9819.8,1133.9,1343.3,1555.2,1990.7,2167.5,0.0,0.0,0.0,0.0,0.0,0.0,0.0,0.0,0.0,0.0,20999.4,24148.6,26120.5,28087.2,29204.2,3451.0,4677.4,6021.4,7798.9,9783.1,1052.9,1367.9,1987.6,2239.0,3133.0
2029,324.5,350.1,426.0,447.3,492.7,1926.5,2224.7,2393.5,2533.3,2786.0,226.7,251.9,297.1,317.5,453.7,9114.2,9265.6,9480.3,9623.9,9819.8,1133.9,1343.3,1555.2,2003.5,2167.5,0.0,0.0,0.0,0.0,0.0,0.0,0.0,0.0,0.0,0.0,20965.4,24121.3,26120.5,27983.3,29204.2,3451.0,4677.4,6021.4,7876.2,9817.1,1052.9,1367.9,1987.6,2239.0,3133.0
2030,324.5,350.1,426.0,447.3,492.7,1890.7,2176.8,2371.4,2496.6,2757.0,213.0,265.3,317.1,344.2,456.7,9134.7,9246.0,9468.1,9623.9,9825.0,1133.9,1343.3,1618.5,2003.5,2188.1,0.0,0.0,0.0,0.0,0.0,0.0,0.0,0.0,0.0,0.0,20876.2,24017.7,25908.8,27781.5,29160.3,3451.9,4806.7,6435.5,7869.9,9823.4,1071.1,1427.9,2009.2,2241.0,3278.0
2031,324.5,350.1,426.0,447.3,492.7,1890.7,2176.8,2319.2,2489.4,2757.0,213.0,265.3,317.1,357.5,456.7,9071.8,9246.0,9453.1,9623.9,9825.0,1133.9,1343.3,1668.0,2003.5,2212.8,0.0,0.0,0.0,0.0,0.0,0.0,0.0,0.0,0.0,0.0,20876.2,23912.5,25908.8,27781.5,29160.3,3451.9,4910.7,6576.7,7912.4,9823.4,1071.1,1427.9,2009.2,2271.8,3278.0
2032,324.5,350.1,426.0,447.3,492.7,1874.7,2157.0,2288.8,2485.0,2668.5,214.4,258.2,293.0,365.3,448.7,9038.0,9327.3,9463.5,9618.1,9799.8,1171.4,1351.3,1668.0,2033.1,2225.5,0.0,0.0,0.0,0.0,0.0,0.0,0.0,0.0,0.0,0.0,19918.2,23703.4,25026.3,27404.8,29027.9,3654.0,4967.2,7211.0,8157.1,10768.5,1183.7,1479.6,2023.7,2320.9,3316.8
